100000	-18289.6	232.402	3.50196e+09	1.07943e+11	2.9798e+09	1.49568e+11	2.40796e+09	2.27924e+11
200000	-36566.6	929.382	7.00022e+09	1.07772e+11	5.95842e+09	1.49479e+11	4.81564e+09	2.27886e+11
300000	-54818.3	2090.39	1.04911e+10	1.07488e+11	8.93468e+09	1.49331e+11	7.22279e+09	2.27822e+11
400000	-73032	3714.53	1.39709e+10	1.07091e+11	1.19074e+10	1.49124e+11	9.62912e+09	2.27733e+11
500000	-91195.1	5800.52	1.74361e+10	1.06581e+11	1.48754e+10	1.48857e+11	1.20344e+10	2.27618e+11
600000	-109295	8346.73	2.08828e+10	1.05958e+11	1.78375e+10	1.48531e+11	1.44383e+10	2.27477e+11
700000	-127320	11351.2	2.43075e+10	1.05224e+11	2.07925e+10	1.48147e+11	1.68406e+10	2.27311e+11
800000	-145256	14811.5	2.77066e+10	1.04378e+11	2.37393e+10	1.47704e+11	1.9241e+10	2.2712e+11
900000	-163092	18725	3.10766e+10	1.03423e+11	2.66767e+10	1.47202e+11	2.16392e+10	2.26903e+11
1e+06	-180815	23088.7	3.44137e+10	1.02359e+11	2.96035e+10	1.46642e+11	2.4035e+10	2.26661e+11
1.1e+06	-198414	27899	3.77146e+10	1.01187e+11	3.25185e+10	1.46023e+11	2.64282e+10	2.26393e+11
1.2e+06	-215875	33152.4	4.09758e+10	9.99084e+10	3.54207e+10	1.45347e+11	2.88183e+10	2.261e+11
1.3e+06	-233188	38844.5	4.41937e+10	9.85244e+10	3.83088e+10	1.44613e+11	3.12053e+10	2.25781e+11
1.4e+06	-250340	44971.2	4.7365e+10	9.70366e+10	4.11817e+10	1.43822e+11	3.35887e+10	2.25438e+11
1.5e+06	-267319	51527.5	5.04865e+10	9.54464e+10	4.40383e+10	1.42974e+11	3.59684e+10	2.25068e+11
1.6e+06	-284115	58508.3	5.35546e+10	9.37556e+10	4.68775e+10	1.42069e+11	3.8344e+10	2.24674e+11
1.7e+06	-300715	65908.2	5.65664e+10	9.19659e+10	4.96981e+10	1.41108e+11	4.07153e+10	2.24255e+11
1.8e+06	-317109	73721.5	5.95184e+10	9.00793e+10	5.24989e+10	1.40091e+11	4.30821e+10	2.2381e+11
1.9e+06	-333285	81942.1	6.24077e+10	8.80976e+10	5.5279e+10	1.39018e+11	4.5444e+10	2.2334e+11
2e+06	-349232	90563.6	6.52312e+10	8.6023e+10	5.80371e+10	1.37891e+11	4.78009e+10	2.22846e+11
2.1e+06	-364940	99579.2	6.79858e+10	8.38577e+10	6.07722e+10	1.36708e+11	5.01524e+10	2.22326e+11
2.2e+06	-380399	108982	7.06687e+10	8.16039e+10	6.34833e+10	1.35472e+11	5.24982e+10	2.21781e+11
2.3e+06	-395597	118765	7.32771e+10	7.9264e+10	6.61691e+10	1.34181e+11	5.48382e+10	2.21212e+11
2.4e+06	-410526	128920	7.58081e+10	7.68405e+10	6.88288e+10	1.32838e+11	5.7172e+10	2.20617e+11
2.5e+06	-425175	139440	7.82591e+10	7.43359e+10	7.14612e+10	1.31442e+11	5.94995e+10	2.19998e+11
2.6e+06	-439535	150316	8.06275e+10	7.17528e+10	7.40652e+10	1.29993e+11	6.18202e+10	2.19354e+11
2.7e+06	-453596	161540	8.29108e+10	6.90939e+10	7.66399e+10	1.28494e+11	6.4134e+10	2.18686e+11
2.8e+06	-467349	173103	8.51066e+10	6.63621e+10	7.91842e+10	1.26943e+11	6.64406e+10	2.17993e+11
2.9e+06	-480786	184997	8.72124e+10	6.35603e+10	8.16971e+10	1.25342e+11	6.87398e+10	2.17276e+11
3e+06	-493897	197211	8.92262e+10	6.06913e+10	8.41776e+10	1.23691e+11	7.10313e+10	2.16534e+11
3.1e+06	-506676	209738	9.11457e+10	5.77582e+10	8.66248e+10	1.21991e+11	7.33147e+10	2.15768e+11
3.2e+06	-519112	222567	9.2969e+10	5.47641e+10	8.90376e+10	1.20243e+11	7.559e+10	2.14978e+11
3.3e+06	-531200	235689	9.4694e+10	5.17121e+10	9.14152e+10	1.18447e+11	7.78568e+10	2.14164e+11
3.4e+06	-542932	249093	9.63189e+10	4.86055e+10	9.37565e+10	1.16605e+11	8.01148e+10	2.13325e+11
3.5e+06	-554300	262768	9.7842e+10	4.54475e+10	9.60607e+10	1.14716e+11	8.23639e+10	2.12463e+11
3.6e+06	-565297	276706	9.92617e+10	4.22414e+10	9.83268e+10	1.12781e+11	8.46037e+10	2.11577e+11
3.7e+06	-575918	290895	1.00576e+11	3.89907e+10	1.00554e+11	1.10802e+11	8.68341e+10	2.10667e+11
3.8e+06	-586155	305324	1.01785e+11	3.56988e+10	1.02741e+11	1.08779e+11	8.90547e+10	2.09734e+11
3.9e+06	-596004	319982	1.02886e+11	3.23691e+10	1.04888e+11	1.06713e+11	9.12653e+10	2.08777e+11
4e+06	-605458	334859	1.03877e+11	2.90052e+10	1.06993e+11	1.04605e+11	9.34656e+10	2.07796e+11
4.1e+06	-614513	349943	1.04759e+11	2.56105e+10	1.09055e+11	1.02455e+11	9.56555e+10	2.06792e+11
4.2e+06	-623164	365222	1.0553e+11	2.21888e+10	1.11075e+11	1.00265e+11	9.78346e+10	2.05765e+11
4.3e+06	-631405	380686	1.0619e+11	1.87436e+10	1.1305e+11	9.80348e+10	1.00003e+11	2.04715e+11
4.4e+06	-639233	396322	1.06737e+11	1.52786e+10	1.14981e+11	9.57658e+10	1.0216e+11	2.03642e+11
4.5e+06	-646644	412119	1.07171e+11	1.17973e+10	1.16866e+11	9.3459e+10	1.04305e+11	2.02546e+11
4.6e+06	-653635	428065	1.07491e+11	8.30362e+09	1.18705e+11	9.1115e+10	1.06439e+11	2.01428e+11
4.7e+06	-660202	444148	1.07698e+11	4.80111e+09	1.20497e+11	8.8735e+10	1.08561e+11	2.00286e+11
4.8e+06	-666343	460356	1.07791e+11	1.29351e+09	1.22241e+11	8.63199e+10	1.1067e+11	1.99123e+11
4.9e+06	-672054	476678	1.07769e+11	-2.21545e+09	1.23936e+11	8.38705e+10	1.12767e+11	1.97937e+11
5e+06	-677335	493101	1.07633e+11	-5.72207e+09	1.25583e+11	8.1388e+10	1.14852e+11	1.96728e+11
5.1e+06	-682183	509612	1.07383e+11	-9.22262e+09	1.27179e+11	7.88732e+10	1.16924e+11	1.95498e+11
5.2e+06	-686598	526201	1.07019e+11	-1.27134e+10	1.28726e+11	7.63271e+10	1.18982e+11	1.94246e+11
5.3e+06	-690577	542854	1.06542e+11	-1.61907e+10	1.30221e+11	7.37508e+10	1.21027e+11	1.92971e+11
5.4e+06	-694120	559561	1.05952e+11	-1.96508e+10	1.31665e+11	7.11454e+10	1.23059e+11	1.91675e+11
5.5e+06	-697227	576307	1.05249e+11	-2.30901e+10	1.33057e+11	6.85117e+10	1.25077e+11	1.90358e+11
5.6e+06	-699899	593082	1.04434e+11	-2.65048e+10	1.34396e+11	6.58509e+10	1.2708e+11	1.89019e+11
5.7e+06	-702135	609873	1.03509e+11	-2.98915e+10	1.35682e+11	6.31641e+10	1.2907e+11	1.87659e+11
5.8e+06	-703936	626669	1.02474e+11	-3.32464e+10	1.36914e+11	6.04522e+10	1.31044e+11	1.86278e+11
5.9e+06	-705303	643456	1.0133e+11	-3.6566e+10	1.38092e+11	5.77164e+10	1.33005e+11	1.84876e+11
6e+06	-706238	660224	1.00079e+11	-3.98468e+10	1.39215e+11	5.49577e+10	1.3495e+11	1.83453e+11
6.1e+06	-706743	676961	9.87213e+10	-4.30853e+10	1.40283e+11	5.21773e+10	1.3688e+11	1.8201e+11
6.2e+06	-706820	693654	9.72588e+10	-4.6278e+10	1.41295e+11	4.93763e+10	1.38795e+11	1.80546e+11
6.3e+06	-706470	710292	9.56929e+10	-4.94216e+10	1.42252e+11	4.65556e+10	1.40694e+11	1.79062e+11
6.4e+06	-705698	726863	9.40254e+10	-5.25126e+10	1.43152e+11	4.37166e+10	1.42577e+11	1.77558e+11
6.5e+06	-704506	743356	9.2258e+10	-5.55479e+10	1.43996e+11	4.08602e+10	1.44444e+11	1.76033e+11
6.6e+06	-702898	759760	9.03925e+10	-5.85241e+10	1.44783e+11	3.79877e+10	1.46295e+11	1.74489e+11
6.7e+06	-700877	776062	8.8431e+10	-6.14381e+10	1.45512e+11	3.51001e+10	1.4813e+11	1.72926e+11
6.8e+06	-698448	792253	8.63754e+10	-6.42868e+10	1.46184e+11	3.21987e+10	1.49948e+11	1.71342e+11
6.9e+06	-695615	808321	8.4228e+10	-6.70671e+10	1.46797e+11	2.92845e+10	1.51749e+11	1.6974e+11
7e+06	-692383	824256	8.1991e+10	-6.97762e+10	1.47353e+11	2.63587e+10	1.53532e+11	1.68119e+11
7.1e+06	-688757	840046	7.96668e+10	-7.2411e+10	1.47851e+11	2.34225e+10	1.55299e+11	1.66478e+11
7.2e+06	-684743	855682	7.72578e+10	-7.49687e+10	1.4829e+11	2.0477e+10	1.57048e+11	1.64819e+11
7.3e+06	-680345	871152	7.47667e+10	-7.74467e+10	1.4867e+11	1.75234e+10	1.5878e+11	1.63141e+11
7.4e+06	-675571	886448	7.2196e+10	-7.98423e+10	1.48991e+11	1.45629e+10	1.60494e+11	1.61445e+11
7.5e+06	-670425	901559	6.95485e+10	-8.2153e+10	1.49254e+11	1.15966e+10	1.62189e+11	1.59731e+11
7.6e+06	-664915	916476	6.6827e+10	-8.43762e+10	1.49457e+11	8.62572e+09	1.63867e+11	1.57999e+11
7.7e+06	-659048	931189	6.40343e+10	-8.65096e+10	1.49602e+11	5.65143e+09	1.65525e+11	1.56249e+11
7.8e+06	-652830	945689	6.11734e+10	-8.85508e+10	1.49687e+11	2.67491e+09	1.67166e+11	1.54482e+11
7.9e+06	-646269	959967	5.82475e+10	-9.04979e+10	1.49713e+11	-3.02665e+08	1.68787e+11	1.52697e+11
8e+06	-639373	974014	5.52595e+10	-9.23485e+10	1.49679e+11	-3.28012e+09	1.7039e+11	1.50895e+11
8.1e+06	-632148	987822	5.22126e+10	-9.41008e+10	1.49587e+11	-6.25629e+09	1.71973e+11	1.49076e+11
8.2e+06	-624603	1.00138e+06	4.91102e+10	-9.57529e+10	1.49435e+11	-9.22997e+09	1.73537e+11	1.4724e+11
8.3e+06	-616747	1.01469e+06	4.59555e+10	-9.7303e+10	1.49224e+11	-1.22e+10	1.75081e+11	1.45387e+11
8.4e+06	-608588	1.02773e+06	4.27518e+10	-9.87495e+10	1.48955e+11	-1.51652e+10	1.76606e+11	1.43518e+11
8.5e+06	-600133	1.0405e+06	3.95025e+10	-1.00091e+11	1.48626e+11	-1.81244e+10	1.78111e+11	1.41633e+11
8.6e+06	-591393	1.053e+06	3.62112e+10	-1.01325e+11	1.48238e+11	-2.10765e+10	1.79595e+11	1.39732e+11
8.7e+06	-582376	1.06521e+06	3.28813e+10	-1.02452e+11	1.47792e+11	-2.40202e+10	1.8106e+11	1.37816e+11
8.8e+06	-573091	1.07713e+06	2.95164e+10	-1.0347e+11	1.47288e+11	-2.69544e+10	1.82504e+11	1.35884e+11
8.9e+06	-563548	1.08876e+06	2.612e+10	-1.04377e+11	1.46725e+11	-2.98779e+10	1.83928e+11	1.33936e+11
9e+06	-553756	1.10008e+06	2.26957e+10	-1.05173e+11	1.46104e+11	-3.27897e+10	1.8533e+11	1.31973e+11
9.1e+06	-543724	1.11109e+06	1.92473e+10	-1.05857e+11	1.45426e+11	-3.56885e+10	1.86712e+11	1.29996e+11
9.2e+06	-533463	1.12179e+06	1.57784e+10	-1.06428e+11	1.4469e+11	-3.85731e+10	1.88073e+11	1.28004e+11
9.3e+06	-522982	1.13217e+06	1.22927e+10	-1.06886e+11	1.43896e+11	-4.14425e+10	1.89413e+11	1.25997e+11
9.4e+06	-512292	1.14222e+06	8.79385e+09	-1.0723e+11	1.43046e+11	-4.42956e+10	1.90731e+11	1.23976e+11
9.5e+06	-501402	1.15195e+06	5.28564e+09	-1.07459e+11	1.42139e+11	-4.71311e+10	1.92028e+11	1.21942e+11
9.6e+06	-490322	1.16135e+06	1.7718e+09	-1.07574e+11	1.41177e+11	-4.9948e+10	1.93303e+11	1.19893e+11
9.7e+06	-479063	1.17041e+06	-1.74393e+09	-1.07575e+11	1.40158e+11	-5.27451e+10	1.94556e+11	1.17831e+11
9.8e+06	-467636	1.17914e+06	-5.2578e+09	-1.0746e+11	1.39084e+11	-5.55214e+10	1.95788e+11	1.15756e+11
9.9e+06	-456050	1.18752e+06	-8.76607e+09	-1.07231e+11	1.37955e+11	-5.82758e+10	1.96997e+11	1.13667e+11
1e+07	-444316	1.19555e+06	-1.2265e+10	-1.06888e+11	1.36771e+11	-6.10071e+10	1.98184e+11	1.11566e+11
1.01e+07	-432444	1.20324e+06	-1.57509e+10	-1.06431e+11	1.35534e+11	-6.37143e+10	1.99349e+11	1.09452e+11
1.02e+07	-420446	1.21058e+06	-1.92199e+10	-1.05861e+11	1.34242e+11	-6.63964e+10	2.00491e+11	1.07326e+11
1.03e+07	-408331	1.21757e+06	-2.26685e+10	-1.05178e+11	1.32898e+11	-6.90522e+10	2.0161e+11	1.05188e+11
1.04e+07	-396110	1.22421e+06	-2.60929e+10	-1.04382e+11	1.31502e+11	-7.16807e+10	2.02707e+11	1.03038e+11
1.05e+07	-383794	1.23049e+06	-2.94896e+10	-1.03476e+11	1.30053e+11	-7.42809e+10	2.03781e+11	1.00876e+11
1.06e+07	-371393	1.23642e+06	-3.28548e+10	-1.02459e+11	1.28553e+11	-7.68517e+10	2.04832e+11	9.87026e+10
1.07e+07	-358918	1.242e+06	-3.6185e+10	-1.01333e+11	1.27002e+11	-7.93922e+10	2.0586e+11	9.65183e+10
1.08e+07	-346379	1.24721e+06	-3.94766e+10	-1.00099e+11	1.25401e+11	-8.19013e+10	2.06864e+11	9.43231e+10
1.09e+07	-333786	1.25208e+06	-4.27262e+10	-9.87583e+10	1.2375e+11	-8.43781e+10	2.07845e+11	9.21172e+10
1.1e+07	-321151	1.25659e+06	-4.59303e+10	-9.73124e+10	1.22051e+11	-8.68215e+10	2.08803e+11	8.99009e+10
1.11e+07	-308483	1.26075e+06	-4.90854e+10	-9.57629e+10	1.20303e+11	-8.92306e+10	2.09737e+11	8.76745e+10
1.12e+07	-295793	1.26455e+06	-5.21883e+10	-9.41114e+10	1.18508e+11	-9.16045e+10	2.10648e+11	8.54381e+10
1.13e+07	-283091	1.26801e+06	-5.52355e+10	-9.23597e+10	1.16666e+11	-9.39422e+10	2.11534e+11	8.31921e+10
1.14e+07	-270386	1.27111e+06	-5.8224e+10	-9.05096e+10	1.14778e+11	-9.62428e+10	2.12397e+11	8.09367e+10
1.15e+07	-257690	1.27387e+06	-6.11504e+10	-8.85631e+10	1.12844e+11	-9.85054e+10	2.13235e+11	7.86721e+10
1.16e+07	-245011	1.27628e+06	-6.40118e+10	-8.65223e+10	1.10866e+11	-1.00729e+11	2.1405e+11	7.63987e+10
1.17e+07	-232359	1.27835e+06	-6.6805e+10	-8.43894e+10	1.08845e+11	-1.02913e+11	2.1484e+11	7.41166e+10
1.18e+07	-219745	1.28009e+06	-6.9527e+10	-8.21667e+10	1.0678e+11	-1.05056e+11	2.15606e+11	7.18261e+10
1.19e+07	-207178	1.28148e+06	-7.21751e+10	-7.98565e+10	1.04673e+11	-1.07158e+11	2.16348e+11	6.95275e+10
1.2e+07	-194666	1.28255e+06	-7.47464e+10	-7.74613e+10	1.02525e+11	-1.09217e+11	2.17065e+11	6.7221e+10
1.21e+07	-182220	1.28328e+06	-7.72381e+10	-7.49837e+10	1.00336e+11	-1.11234e+11	2.17758e+11	6.4907e+10
1.22e+07	-169848	1.28369e+06	-7.96476e+10	-7.24263e+10	9.81074e+10	-1.13206e+11	2.18426e+11	6.25855e+10
1.23e+07	-157558	1.28378e+06	-8.19724e+10	-6.97918e+10	9.58403e+10	-1.15134e+11	2.19069e+11	6.02571e+10
1.24e+07	-145361	1.28355e+06	-8.421e+10	-6.70831e+10	9.35354e+10	-1.17016e+11	2.19688e+11	5.79217e+10
1.25e+07	-133264	1.28302e+06	-8.63581e+10	-6.43031e+10	9.11935e+10	-1.18852e+11	2.20281e+11	5.55799e+10
1.26e+07	-121276	1.28217e+06	-8.84143e+10	-6.14547e+10	8.88156e+10	-1.20641e+11	2.2085e+11	5.32317e+10
1.27e+07	-109404	1.28103e+06	-9.03765e+10	-5.85409e+10	8.64026e+10	-1.22383e+11	2.21394e+11	5.08775e+10
1.28e+07	-97656.9	1.27959e+06	-9.22426e+10	-5.55649e+10	8.39555e+10	-1.24076e+11	2.21912e+11	4.85176e+10
1.29e+07	-86042.2	1.27786e+06	-9.40107e+10	-5.25298e+10	8.14753e+10	-1.2572e+11	2.22406e+11	4.61521e+10
1.3e+07	-74567.2	1.27584e+06	-9.56788e+10	-4.94389e+10	7.89629e+10	-1.27314e+11	2.22874e+11	4.37814e+10
1.31e+07	-63239.3	1.27355e+06	-9.72453e+10	-4.62955e+10	7.64194e+10	-1.28859e+11	2.23317e+11	4.14058e+10
1.32e+07	-52065.6	1.27099e+06	-9.87085e+10	-4.31029e+10	7.38456e+10	-1.30352e+11	2.23735e+11	3.90255e+10
1.33e+07	-41052.7	1.26816e+06	-1.00067e+11	-3.98645e+10	7.12428e+10	-1.31794e+11	2.24127e+11	3.66407e+10
1.34e+07	-30207.2	1.26507e+06	-1.01319e+11	-3.65837e+10	6.86118e+10	-1.33184e+11	2.24494e+11	3.42518e+10
1.35e+07	-19535.6	1.26173e+06	-1.02463e+11	-3.32641e+10	6.59537e+10	-1.34521e+11	2.24836e+11	3.1859e+10
1.36e+07	-9043.74	1.25815e+06	-1.03499e+11	-2.99092e+10	6.32696e+10	-1.35805e+11	2.25152e+11	2.94626e+10
1.37e+07	1262.44	1.25433e+06	-1.04425e+11	-2.65226e+10	6.05605e+10	-1.37036e+11	2.25442e+11	2.70629e+10
1.38e+07	11377.4	1.25028e+06	-1.0524e+11	-2.31077e+10	5.78275e+10	-1.38213e+11	2.25707e+11	2.46601e+10
1.39e+07	21295.9	1.246e+06	-1.05943e+11	-1.96684e+10	5.50717e+10	-1.39335e+11	2.25946e+11	2.22545e+10
1.4e+07	31012.8	1.24151e+06	-1.06534e+11	-1.62082e+10	5.22941e+10	-1.40402e+11	2.2616e+11	1.98464e+10
1.41e+07	40523.4	1.23682e+06	-1.07012e+11	-1.27308e+10	4.94959e+10	-1.41413e+11	2.26348e+11	1.7436e+10
1.42e+07	49823.3	1.23192e+06	-1.07376e+11	-9.23991e+09	4.66782e+10	-1.42369e+11	2.26511e+11	1.50237e+10
1.43e+07	58908.1	1.22683e+06	-1.07627e+11	-5.73921e+09	4.3842e+10	-1.43269e+11	2.26647e+11	1.26096e+10
1.44e+07	67773.9	1.22155e+06	-1.07763e+11	-2.23243e+09	4.09886e+10	-1.44112e+11	2.26758e+11	1.01941e+10
1.45e+07	76417	1.2161e+06	-1.07786e+11	1.27672e+09	3.8119e+10	-1.44898e+11	2.26843e+11	7.77746e+09
1.46e+07	84834.1	1.21049e+06	-1.07694e+11	4.78452e+09	3.52343e+10	-1.45627e+11	2.26903e+11	5.35993e+09
1.47e+07	93022	1.20471e+06	-1.07488e+11	8.28725e+09	3.23357e+10	-1.46298e+11	2.26937e+11	2.94179e+09
1.48e+07	100978	1.19878e+06	-1.07168e+11	1.17812e+10	2.94244e+10	-1.46912e+11	2.26944e+11	5.2332e+08
1.49e+07	108699	1.19271e+06	-1.06734e+11	1.52627e+10	2.65014e+10	-1.47468e+11	2.26927e+11	-1.89521e+09
1.5e+07	116183	1.1865e+06	-1.06188e+11	1.8728e+10	2.3568e+10	-1.47965e+11	2.26883e+11	-4.31353e+09
1.51e+07	123429	1.18016e+06	-1.05529e+11	2.21735e+10	2.06253e+10	-1.48405e+11	2.26814e+11	-6.73135e+09
1.52e+07	130434	1.17371e+06	-1.04758e+11	2.55955e+10	1.76744e+10	-1.48785e+11	2.26718e+11	-9.14841e+09
1.53e+07	137196	1.16714e+06	-1.03877e+11	2.89904e+10	1.47166e+10	-1.49107e+11	2.26598e+11	-1.15644e+10
1.54e+07	143716	1.16048e+06	-1.02885e+11	3.23547e+10	1.1753e+10	-1.4937e+11	2.26451e+11	-1.39791e+10
1.55e+07	149991	1.15372e+06	-1.01785e+11	3.56847e+10	8.78471e+09	-1.49574e+11	2.26278e+11	-1.63923e+10
1.56e+07	156022	1.14687e+06	-1.00577e+11	3.8977e+10	5.81297e+09	-1.4972e+11	2.2608e+11	-1.88035e+10
1.57e+07	161807	1.13995e+06	-9.92625e+10	4.2228e+10	2.83894e+09	-1.49806e+11	2.25857e+11	-2.12126e+10
1.58e+07	167347	1.13296e+06	-9.78432e+10	4.54344e+10	-1.36216e+08	-1.49833e+11	2.25607e+11	-2.36193e+10
1.59e+07	172642	1.1259e+06	-9.63204e+10	4.85928e+10	-3.11131e+09	-1.498e+11	2.25332e+11	-2.60233e+10
1.6e+07	177693	1.1188e+06	-9.46958e+10	5.16998e+10	-6.08519e+09	-1.49709e+11	2.25031e+11	-2.84244e+10
1.61e+07	182499	1.11165e+06	-9.29711e+10	5.47521e+10	-9.05666e+09	-1.49559e+11	2.24705e+11	-3.08222e+10
1.62e+07	187063	1.10446e+06	-9.11482e+10	5.77466e+10	-1.20246e+10	-1.49349e+11	2.24353e+11	-3.32165e+10
1.63e+07	191385	1.09724e+06	-8.9229e+10	6.06801e+10	-1.49877e+10	-1.49081e+11	2.23975e+11	-3.56071e+10
1.64e+07	195466	1.09001e+06	-8.72155e+10	6.35495e+10	-1.79449e+10	-1.48754e+11	2.23572e+11	-3.79936e+10
1.65e+07	199309	1.08276e+06	-8.51099e+10	6.63517e+10	-2.08951e+10	-1.48368e+11	2.23144e+11	-4.03757e+10
1.66e+07	202916	1.0755e+06	-8.29144e+10	6.90839e+10	-2.3837e+10	-1.47923e+11	2.2269e+11	-4.27533e+10
1.67e+07	206288	1.06825e+06	-8.06313e+10	7.17431e+10	-2.67695e+10	-1.4742e+11	2.22211e+11	-4.5126e+10
1.68e+07	209429	1.061e+06	-7.82631e+10	7.43266e+10	-2.96914e+10	-1.46859e+11	2.21706e+11	-4.74935e+10
1.69e+07	212340	1.05377e+06	-7.58123e+10	7.68316e+10	-3.26017e+10	-1.4624e+11	2.21176e+11	-4.98557e+10
1.7e+07	215025	1.04657e+06	-7.32815e+10	7.92555e+10	-3.5499e+10	-1.45564e+11	2.20622e+11	-5.22122e+10
1.71e+07	217486	1.03939e+06	-7.06733e+10	8.15958e+10	-3.83824e+10	-1.4483e+11	2.20041e+11	-5.45627e+10
1.72e+07	219728	1.03225e+06	-6.79906e+10	8.385e+10	-4.12506e+10	-1.44038e+11	2.19436e+11	-5.6907e+10
1.73e+07	221753	1.02516e+06	-6.52361e+10	8.60157e+10	-4.41025e+10	-1.4319e+11	2.18806e+11	-5.92448e+10
1.74e+07	223566	1.01811e+06	-6.24128e+10	8.80907e+10	-4.6937e+10	-1.42286e+11	2.18151e+11	-6.15759e+10
1.75e+07	225170	1.01112e+06	-5.95236e+10	9.00727e+10	-4.9753e+10	-1.41325e+11	2.17471e+11	-6.38999e+10
1.76e+07	226569	1.0042e+06	-5.65717e+10	9.19597e+10	-5.25493e+10	-1.40308e+11	2.16766e+11	-6.62167e+10
1.77e+07	227768	997342	-5.35601e+10	9.37498e+10	-5.53249e+10	-1.39236e+11	2.16037e+11	-6.85259e+10
1.78e+07	228771	990560	-5.0492e+10	9.5441e+10	-5.80787e+10	-1.38109e+11	2.15283e+11	-7.08273e+10
1.79e+07	229583	983857	-4.73707e+10	9.70315e+10	-6.08096e+10	-1.36928e+11	2.14504e+11	-7.31207e+10
1.8e+07	230208	977240	-4.41994e+10	9.85197e+10	-6.35164e+10	-1.35693e+11	2.13701e+11	-7.54057e+10
1.81e+07	230652	970714	-4.09816e+10	9.99041e+10	-6.61982e+10	-1.34404e+11	2.12874e+11	-7.7682e+10
1.82e+07	230919	964283	-3.77205e+10	1.01183e+11	-6.88539e+10	-1.33062e+11	2.12022e+11	-7.99496e+10
1.83e+07	231016	957953	-3.44196e+10	1.02356e+11	-7.14823e+10	-1.31667e+11	2.11146e+11	-8.2208e+10
1.84e+07	230947	951727	-3.10825e+10	1.0342e+11	-7.40826e+10	-1.3022e+11	2.10246e+11	-8.4457e+10
1.85e+07	230717	945611	-2.77126e+10	1.04376e+11	-7.66536e+10	-1.28722e+11	2.09322e+11	-8.66964e+10
1.86e+07	230333	939608	-2.43136e+10	1.05221e+11	-7.91944e+10	-1.27174e+11	2.08374e+11	-8.89259e+10
1.87e+07	229800	933723	-2.08888e+10	1.05956e+11	-8.17039e+10	-1.25575e+11	2.07402e+11	-9.11452e+10
1.88e+07	229123	927958	-1.74421e+10	1.06579e+11	-8.41811e+10	-1.23926e+11	2.06407e+11	-9.33541e+10
1.89e+07	228310	922318	-1.3977e+10	1.07089e+11	-8.66251e+10	-1.22229e+11	2.05388e+11	-9.55524e+10
1.9e+07	227365	916806	-1.04972e+10	1.07487e+11	-8.90349e+10	-1.20483e+11	2.04346e+11	-9.77398e+10
1.91e+07	226296	911425	-7.00628e+09	1.07771e+11	-9.14096e+10	-1.1869e+11	2.0328e+11	-9.9916e+10
1.92e+07	225107	906177	-3.508e+09	1.07942e+11	-9.37482e+10	-1.1685e+11	2.02191e+11	-1.02081e+11
1.93e+07	223805	901065	-6.02474e+06	1.08e+11	-9.60497e+10	-1.14963e+11	2.01079e+11	-1.04234e+11
1.94e+07	222397	896092	3.49596e+09	1.07943e+11	-9.83134e+10	-1.13032e+11	1.99944e+11	-1.06375e+11
1.95e+07	220889	891259	6.99426e+09	1.07773e+11	-1.00538e+11	-1.11055e+11	1.98786e+11	-1.08504e+11
1.96e+07	219287	886568	1.04852e+10	1.07489e+11	-1.02723e+11	-1.09035e+11	1.97605e+11	-1.10621e+11
1.97e+07	217598	882021	1.39651e+10	1.07092e+11	-1.04868e+11	-1.06972e+11	1.96402e+11	-1.12725e+11
1.98e+07	215827	877619	1.74302e+10	1.06582e+11	-1.06971e+11	-1.04867e+11	1.95177e+11	-1.14816e+11
1.99e+07	213982	873363	2.0877e+10	1.05959e+11	-1.09032e+11	-1.0272e+11	1.93929e+11	-1.16894e+11
2e+07	212068	869255	2.43018e+10	1.05225e+11	-1.1105e+11	-1.00532e+11	1.92659e+11	-1.18959e+11
2.01e+07	210093	865294	2.7701e+10	1.0438e+11	-1.13024e+11	-9.83052e+10	1.91366e+11	-1.2101e+11
2.02e+07	208061	861482	3.1071e+10	1.03426e+11	-1.14953e+11	-9.60393e+10	1.90052e+11	-1.23047e+11
2.03e+07	205981	857818	3.44083e+10	1.02362e+11	-1.16837e+11	-9.37354e+10	1.88717e+11	-1.2507e+11
2.04e+07	203858	854302	3.77092e+10	1.0119e+11	-1.18675e+11	-9.13945e+10	1.87359e+11	-1.27079e+11
2.05e+07	201698	850934	4.09705e+10	9.99114e+10	-1.20466e+11	-8.90175e+10	1.8598e+11	-1.29073e+11
2.06e+07	199508	847713	4.41885e+10	9.85277e+10	-1.22209e+11	-8.66054e+10	1.8458e+11	-1.31053e+11
2.07e+07	197294	844639	4.736e+10	9.70401e+10	-1.23904e+11	-8.4159e+10	1.83159e+11	-1.33017e+11
2.08e+07	195061	841711	5.04815e+10	9.54501e+10	-1.2555e+11	-8.16794e+10	1.81717e+11	-1.34966e+11
2.09e+07	192817	838927	5.35498e+10	9.37595e+10	-1.27147e+11	-7.91675e+10	1.80254e+11	-1.369e+11
2.1e+07	190567	836286	5.65616e+10	9.19701e+10	-1.28693e+11	-7.66244e+10	1.7877e+11	-1.38818e+11
2.11e+07	188316	833787	5.95138e+10	9.00837e+10	-1.30189e+11	-7.4051e+10	1.77266e+11	-1.40721e+11
2.12e+07	186071	831427	6.24033e+10	8.81023e+10	-1.31633e+11	-7.14483e+10	1.75742e+11	-1.42607e+11
2.13e+07	183838	829204	6.52269e+10	8.60279e+10	-1.33025e+11	-6.88174e+10	1.74198e+11	-1.44477e+11
2.14e+07	181621	827116	6.79817e+10	8.38628e+10	-1.34364e+11	-6.61593e+10	1.72633e+11	-1.4633e+11
2.15e+07	179427	825161	7.06647e+10	8.16092e+10	-1.35651e+11	-6.34751e+10	1.71049e+11	-1.48166e+11
2.16e+07	177261	823336	7.32732e+10	7.92695e+10	-1.36884e+11	-6.07657e+10	1.69445e+11	-1.49986e+11
2.17e+07	175128	821638	7.58044e+10	7.68462e+10	-1.38062e+11	-5.80324e+10	1.67822e+11	-1.51788e+11
2.18e+07	173033	820064	7.82556e+10	7.43417e+10	-1.39186e+11	-5.52762e+10	1.6618e+11	-1.53573e+11
2.19e+07	170981	818611	8.06242e+10	7.17588e+10	-1.40256e+11	-5.2498e+10	1.64518e+11	-1.55341e+11
2.2e+07	168977	817275	8.29077e+10	6.91002e+10	-1.41269e+11	-4.96992e+10	1.62838e+11	-1.5709e+11
2.21e+07	167025	816053	8.51036e+10	6.63686e+10	-1.42227e+11	-4.68807e+10	1.61139e+11	-1.58822e+11
2.22e+07	165131	814941	8.72097e+10	6.35669e+10	-1.43129e+11	-4.40437e+10	1.59421e+11	-1.60535e+11
2.23e+07	163298	813935	8.92237e+10	6.0698e+10	-1.43974e+11	-4.11892e+10	1.57686e+11	-1.6223e+11
2.24e+07	161530	813031	9.11434e+10	5.77651e+10	-1.44762e+11	-3.83185e+10	1.55932e+11	-1.63907e+11
2.25e+07	159832	812224	9.29669e+10	5.47711e+10	-1.45493e+11	-3.54326e+10	1.5416e+11	-1.65564e+11
2.26e+07	158207	811512	9.46921e+10	5.17193e+10	-1.46166e+11	-3.25328e+10	1.52371e+11	-1.67203e+11
2.27e+07	156660	810888	9.63172e+10	4.86128e+10	-1.46782e+11	-2.962e+10	1.50564e+11	-1.68822e+11
2.28e+07	155192	810348	9.78406e+10	4.54549e+10	-1.4734e+11	-2.66956e+10	1.4874e+11	-1.70422e+11
2.29e+07	153809	809889	9.92605e+10	4.2249e+10	-1.47839e+11	-2.37606e+10	1.46899e+11	-1.72003e+11
2.3e+07	152512	809503	1.00575e+11	3.89984e+10	-1.4828e+11	-2.08162e+10	1.45041e+11	-1.73564e+11
2.31e+07	151304	809188	1.01784e+11	3.57066e+10	-1.48662e+11	-1.78636e+10	1.43166e+11	-1.75105e+11
2.32e+07	150189	808938	1.02885e+11	3.2377e+10	-1.48986e+11	-1.49039e+10	1.41275e+11	-1.76625e+11
2.33e+07	149169	808747	1.03877e+11	2.90132e+10	-1.4925e+11	-1.19383e+10	1.39368e+11	-1.78126e+11
2.34e+07	148245	808610	1.04759e+11	2.56186e+10	-1.49456e+11	-8.96799e+09	1.37444e+11	-1.79606e+11
2.35e+07	147420	808523	1.05531e+11	2.2197e+10	-1.49602e+11	-5.99414e+09	1.35505e+11	-1.81065e+11
2.36e+07	146696	808479	1.0619e+11	1.87519e+10	-1.4969e+11	-3.01792e+09	1.33551e+11	-1.82504e+11
2.37e+07	146074	808473	1.06738e+11	1.52869e+10	-1.49718e+11	-4.04989e+07	1.31581e+11	-1.83922e+11
2.38e+07	145555	808500	1.07172e+11	1.18057e+10	-1.49686e+11	2.93694e+09	1.29596e+11	-1.85319e+11
2.39e+07	145142	808555	1.07493e+11	8.31204e+09	-1.49596e+11	5.91321e+09	1.27596e+11	-1.86694e+11
2.4e+07	144834	808631	1.077e+11	4.80957e+09	-1.49447e+11	8.88714e+09	1.25581e+11	-1.88048e+11
2.41e+07	144632	808723	1.07792e+11	1.30201e+09	-1.49238e+11	1.18576e+10	1.23553e+11	-1.8938e+11
2.42e+07	144537	808826	1.07771e+11	-2.20694e+09	-1.4897e+11	1.48233e+10	1.21509e+11	-1.90691e+11
2.43e+07	144549	808933	1.07635e+11	-5.71355e+09	-1.48644e+11	1.77832e+10	1.19452e+11	-1.9198e+11
2.44e+07	144668	809040	1.07386e+11	-9.21409e+09	-1.48258e+11	2.0736e+10	1.17381e+11	-1.93246e+11
2.45e+07	144894	809140	1.07022e+11	-1.27049e+10	-1.47814e+11	2.36806e+10	1.15297e+11	-1.94491e+11
2.46e+07	145226	809229	1.06545e+11	-1.61822e+10	-1.47311e+11	2.66159e+10	1.132e+11	-1.95713e+11
2.47e+07	145663	809299	1.05955e+11	-1.96423e+10	-1.46751e+11	2.95406e+10	1.11089e+11	-1.96913e+11
2.48e+07	146206	809347	1.05253e+11	-2.30816e+10	-1.46132e+11	3.24536e+10	1.08966e+11	-1.9809e+11
2.49e+07	146852	809366	1.04439e+11	-2.64965e+10	-1.45455e+11	3.53538e+10	1.0683e+11	-1.99244e+11
2.5e+07	147600	809350	1.03514e+11	-2.98832e+10	-1.4472e+11	3.824e+10	1.04682e+11	-2.00375e+11
2.51e+07	148449	809296	1.02479e+11	-3.32381e+10	-1.43929e+11	4.11111e+10	1.02522e+11	-2.01484e+11
2.52e+07	149397	809196	1.01336e+11	-3.65578e+10	-1.4308e+11	4.39659e+10	1.0035e+11	-2.02569e+11
2.53e+07	150442	809046	1.00084e+11	-3.98387e+10	-1.42175e+11	4.68032e+10	9.81665e+10	-2.03631e+11
2.54e+07	151582	808841	9.87271e+10	-4.30773e+10	-1.41214e+11	4.96221e+10	9.59718e+10	-2.04669e+11
2.55e+07	152814	808575	9.72648e+10	-4.62702e+10	-1.40196e+11	5.24213e+10	9.37661e+10	-2.05684e+11
2.56e+07	154135	808243	9.56993e+10	-4.94138e+10	-1.39123e+11	5.51998e+10	9.15495e+10	-2.06676e+11
2.57e+07	155544	807841	9.4032e+10	-5.2505e+10	-1.37995e+11	5.79564e+10	8.93225e+10	-2.07644e+11
2.58e+07	157036	807364	9.22649e+10	-5.55404e+10	-1.36813e+11	6.06901e+10	8.70852e+10	-2.08587e+11
2.59e+07	158608	806807	9.03997e+10	-5.85168e+10	-1.35576e+11	6.33997e+10	8.48379e+10	-2.09507e+11
2.6e+07	160258	806165	8.84384e+10	-6.1431e+10	-1.34285e+11	6.60843e+10	8.25809e+10	-2.10403e+11
2.61e+07	161981	805435	8.63831e+10	-6.42798e+10	-1.32942e+11	6.87427e+10	8.03143e+10	-2.11274e+11
2.62e+07	163774	804610	8.42359e+10	-6.70603e+10	-1.31545e+11	7.13738e+10	7.80385e+10	-2.12122e+11
2.63e+07	165633	803689	8.19992e+10	-6.97695e+10	-1.30097e+11	7.39767e+10	7.57538e+10	-2.12944e+11
2.64e+07	167552	802666	7.96753e+10	-7.24045e+10	-1.28597e+11	7.65503e+10	7.34603e+10	-2.13743e+11
2.65e+07	169530	801537	7.72666e+10	-7.49625e+10	-1.27046e+11	7.90936e+10	7.11584e+10	-2.14517e+11
2.66e+07	171559	800300	7.47757e+10	-7.74407e+10	-1.25445e+11	8.16056e+10	6.88483e+10	-2.15266e+11
2.67e+07	173637	798950	7.22053e+10	-7.98366e+10	-1.23794e+11	8.40852e+10	6.65303e+10	-2.1599e+11
2.68e+07	175759	797484	6.9558e+10	-8.21475e+10	-1.22095e+11	8.65315e+10	6.42046e+10	-2.1669e+11
2.69e+07	177918	795899	6.68367e+10	-8.43709e+10	-1.20346e+11	8.89436e+10	6.18716e+10	-2.17364e+11
2.7e+07	180111	794193	6.40442e+10	-8.65046e+10	-1.18551e+11	9.13204e+10	5.95315e+10	-2.18014e+11
2.71e+07	182331	792361	6.11836e+10	-8.85461e+10	-1.16708e+11	9.36611e+10	5.71844e+10	-2.18639e+11
2.72e+07	184575	790402	5.82578e+10	-9.04934e+10	-1.14819e+11	9.59646e+10	5.48309e+10	-2.19238e+11
2.73e+07	186835	788313	5.52701e+10	-9.23443e+10	-1.12884e+11	9.82302e+10	5.2471e+10	-2.19812e+11
2.74e+07	189108	786093	5.22234e+10	-9.4097e+10	-1.10905e+11	1.00457e+11	5.01051e+10	-2.20361e+11
2.75e+07	191386	783738	4.91211e+10	-9.57493e+10	-1.08882e+11	1.02644e+11	4.77334e+10	-2.20885e+11
2.76e+07	193665	781248	4.59666e+10	-9.72998e+10	-1.06815e+11	1.0479e+11	4.53562e+10	-2.21383e+11
2.77e+07	195938	778621	4.2763e+10	-9.87465e+10	-1.04707e+11	1.06894e+11	4.29738e+10	-2.21855e+11
2.78e+07	198199	775856	3.9514e+10	-1.00088e+11	-1.02557e+11	1.08957e+11	4.05865e+10	-2.22303e+11
2.79e+07	200443	772951	3.62228e+10	-1.01323e+11	-1.00366e+11	1.10976e+11	3.81945e+10	-2.22724e+11
2.8e+07	202664	769905	3.2893e+10	-1.0245e+11	-9.81352e+10	1.12951e+11	3.57981e+10	-2.2312e+11
2.81e+07	204854	766719	2.95282e+10	-1.03468e+11	-9.58657e+10	1.14881e+11	3.33976e+10	-2.23491e+11
2.82e+07	207009	763391	2.61319e+10	-1.04376e+11	-9.35583e+10	1.16766e+11	3.09932e+10	-2.23835e+11
2.83e+07	209122	759922	2.27078e+10	-1.05172e+11	-9.12138e+10	1.18605e+11	2.85853e+10	-2.24154e+11
2.84e+07	211187	756311	1.92595e+10	-1.05856e+11	-8.88332e+10	1.20396e+11	2.61741e+10	-2.24447e+11
2.85e+07	213197	752560	1.57906e+10	-1.06428e+11	-8.64173e+10	1.2214e+11	2.37599e+10	-2.24714e+11
2.86e+07	215146	748667	1.2305e+10	-1.06886e+11	-8.39672e+10	1.23836e+11	2.13429e+10	-2.24956e+11
2.87e+07	217028	744636	8.80618e+09	-1.0723e+11	-8.14838e+10	1.25482e+11	1.89235e+10	-2.25171e+11
2.88e+07	218837	740465	5.29801e+09	-1.0746e+11	-7.89681e+10	1.27079e+11	1.65019e+10	-2.25361e+11
2.89e+07	220567	736157	1.7842e+09	-1.07576e+11	-7.64212e+10	1.28625e+11	1.40784e+10	-2.25524e+11
2.9e+07	222210	731714	-1.73151e+09	-1.07576e+11	-7.38439e+10	1.3012e+11	1.16533e+10	-2.25662e+11
2.91e+07	223762	727136	-5.24538e+09	-1.07462e+11	-7.12374e+10	1.31564e+11	9.22686e+09	-2.25774e+11
2.92e+07	225216	722426	-8.75366e+09	-1.07234e+11	-6.86026e+10	1.32956e+11	6.79935e+09	-2.2586e+11
2.93e+07	226565	717587	-1.22526e+10	-1.06891e+11	-6.59406e+10	1.34295e+11	4.37106e+09	-2.2592e+11
2.94e+07	227804	712620	-1.57385e+10	-1.06435e+11	-6.32525e+10	1.3558e+11	1.94226e+09	-2.25953e+11
2.95e+07	228927	707529	-1.92076e+10	-1.05865e+11	-6.05393e+10	1.36812e+11	-4.86757e+08	-2.25961e+11
2.96e+07	229927	702316	-2.26563e+10	-1.05182e+11	-5.78022e+10	1.3799e+11	-2.91572e+09	-2.25943e+11
2.97e+07	230800	696985	-2.60808e+10	-1.04387e+11	-5.50421e+10	1.39113e+11	-5.34435e+09	-2.25899e+11
2.98e+07	231539	691539	-2.94775e+10	-1.03481e+11	-5.22602e+10	1.40181e+11	-7.77236e+09	-2.25829e+11
2.99e+07	232139	685982	-3.28428e+10	-1.02464e+11	-4.94575e+10	1.41193e+11	-1.01995e+10	-2.25732e+11
3e+07	232593	680317	-3.61731e+10	-1.01338e+11	-4.66353e+10	1.42149e+11	-1.26254e+10	-2.2561e+11
3.01e+07	232898	674548	-3.94649e+10	-1.00105e+11	-4.37946e+10	1.43049e+11	-1.50499e+10	-2.25462e+11
3.02e+07	233047	668681	-4.27146e+10	-9.87646e+10	-4.09365e+10	1.43892e+11	-1.74727e+10	-2.25288e+11
3.03e+07	233035	662720	-4.59188e+10	-9.73192e+10	-3.80622e+10	1.44679e+11	-1.98934e+10	-2.25088e+11
3.04e+07	232857	656668	-4.90741e+10	-9.577e+10	-3.51728e+10	1.45407e+11	-2.23119e+10	-2.24862e+11
3.05e+07	232509	650532	-5.21772e+10	-9.41189e+10	-3.22694e+10	1.46079e+11	-2.47278e+10	-2.24611e+11
3.06e+07	231985	644316	-5.52246e+10	-9.23675e+10	-2.93533e+10	1.46692e+11	-2.71408e+10	-2.24333e+11
3.07e+07	231282	638025	-5.82133e+10	-9.05178e+10	-2.64255e+10	1.47247e+11	-2.95507e+10	-2.2403e+11
3.08e+07	230394	631666	-6.114e+10	-8.85716e+10	-2.34872e+10	1.47744e+11	-3.19573e+10	-2.23701e+11
3.09e+07	229318	625244	-6.40015e+10	-8.65312e+10	-2.05396e+10	1.48182e+11	-3.43601e+10	-2.23346e+11
3.1e+07	228050	618764	-6.6795e+10	-8.43986e+10	-1.75839e+10	1.48561e+11	-3.6759e+10	-2.22965e+11
3.11e+07	226585	612233	-6.95173e+10	-8.21762e+10	-1.46212e+10	1.48882e+11	-3.91537e+10	-2.22559e+11
3.12e+07	224920	605657	-7.21656e+10	-7.98663e+10	-1.16528e+10	1.49143e+11	-4.15439e+10	-2.22127e+11
3.13e+07	223052	599043	-7.47371e+10	-7.74715e+10	-8.67965e+09	1.49345e+11	-4.39292e+10	-2.2167e+11
3.14e+07	220978	592396	-7.72292e+10	-7.49942e+10	-5.7031e+09	1.49488e+11	-4.63096e+10	-2.21187e+11
3.15e+07	218694	585724	-7.9639e+10	-7.2437e+10	-2.72429e+09	1.49572e+11	-4.86846e+10	-2.20679e+11
3.16e+07	216197	579033	-8.19641e+10	-6.98029e+10	2.556e+08	1.49597e+11	-5.1054e+10	-2.20145e+11
3.17e+07	213486	572331	-8.4202e+10	-6.70945e+10	3.23539e+09	1.49562e+11	-5.34175e+10	-2.19586e+11
3.18e+07	210557	565624	-8.63504e+10	-6.43147e+10	6.21389e+09	1.49468e+11	-5.57749e+10	-2.19002e+11
3.19e+07	207409	558919	-8.84069e+10	-6.14665e+10	9.18994e+09	1.49315e+11	-5.81259e+10	-2.18392e+11
3.2e+07	204040	552224	-9.03695e+10	-5.8553e+10	1.21623e+10	1.49102e+11	-6.04702e+10	-2.17758e+11
3.21e+07	200448	545546	-9.22359e+10	-5.55772e+10	1.51299e+10	1.4883e+11	-6.28075e+10	-2.17098e+11
3.22e+07	196631	538893	-9.40044e+10	-5.25424e+10	1.80915e+10	1.485e+11	-6.51376e+10	-2.16413e+11
3.23e+07	192590	532272	-9.56729e+10	-4.94517e+10	2.10459e+10	1.4811e+11	-6.74603e+10	-2.15704e+11
3.24e+07	188322	525691	-9.72398e+10	-4.63084e+10	2.3992e+10	1.47662e+11	-6.97751e+10	-2.1497e+11
3.25e+07	183827	519157	-9.87034e+10	-4.3116e+10	2.69285e+10	1.47155e+11	-7.2082e+10	-2.14211e+11
3.26e+07	179106	512679	-1.00062e+11	-3.98778e+10	2.98544e+10	1.4659e+11	-7.43805e+10	-2.13427e+11
3.27e+07	174157	506263	-1.01315e+11	-3.65972e+10	3.27684e+10	1.45966e+11	-7.66705e+10	-2.12619e+11
3.28e+07	168980	499918	-1.02459e+11	-3.32777e+10	3.56694e+10	1.45285e+11	-7.89517e+10	-2.11786e+11
3.29e+07	163578	493652	-1.03495e+11	-2.9923e+10	3.85563e+10	1.44546e+11	-8.12238e+10	-2.10929e+11
3.3e+07	157949	487473	-1.04422e+11	-2.65364e+10	4.1428e+10	1.4375e+11	-8.34866e+10	-2.10048e+11
3.31e+07	152095	481388	-1.05237e+11	-2.31217e+10	4.42831e+10	1.42897e+11	-8.57398e+10	-2.09143e+11
3.32e+07	146018	475405	-1.05941e+11	-1.96825e+10	4.71208e+10	1.41987e+11	-8.79831e+10	-2.08213e+11
3.33e+07	139719	469532	-1.06532e+11	-1.62223e+10	4.99397e+10	1.41021e+11	-9.02163e+10	-2.0726e+11
3.34e+07	133199	463778	-1.07011e+11	-1.2745e+10	5.27389e+10	1.39999e+11	-9.24392e+10	-2.06283e+11
3.35e+07	126461	458149	-1.07375e+11	-9.25417e+09	5.55171e+10	1.38922e+11	-9.46514e+10	-2.05282e+11
3.36e+07	119506	452655	-1.07626e+11	-5.7535e+09	5.82734e+10	1.37789e+11	-9.68528e+10	-2.04258e+11
3.37e+07	112339	447302	-1.07763e+11	-2.24674e+09	6.10065e+10	1.36602e+11	-9.9043e+10	-2.0321e+11
3.38e+07	104960	442098	-1.07786e+11	1.2624e+09	6.37154e+10	1.35361e+11	-1.01222e+11	-2.02139e+11
3.39e+07	97374.9	437051	-1.07694e+11	4.77021e+09	6.63991e+10	1.34066e+11	-1.03389e+11	-2.01044e+11
3.4e+07	89585.3	432168	-1.07489e+11	8.27296e+09	6.90565e+10	1.32718e+11	-1.05544e+11	-1.99926e+11
3.41e+07	81595.4	427458	-1.07169e+11	1.1767e+10	7.16865e+10	1.31317e+11	-1.07688e+11	-1.98786e+11
3.42e+07	73409	422927	-1.06736e+11	1.52485e+10	7.42881e+10	1.29865e+11	-1.09818e+11	-1.97623e+11
3.43e+07	65030.5	418583	-1.0619e+11	1.87139e+10	7.68602e+10	1.2836e+11	-1.11937e+11	-1.96436e+11
3.44e+07	56464.1	414433	-1.05532e+11	2.21594e+10	7.94019e+10	1.26805e+11	-1.14042e+11	-1.95228e+11
3.45e+07	47714.7	410483	-1.04761e+11	2.55815e+10	8.19121e+10	1.252e+11	-1.16134e+11	-1.93997e+11
3.46e+07	38787.2	406742	-1.0388e+11	2.89766e+10	8.43898e+10	1.23545e+11	-1.18213e+11	-1.92743e+11
3.47e+07	29686.7	403216	-1.02889e+11	3.23409e+10	8.68341e+10	1.21841e+11	-1.20278e+11	-1.91468e+11
3.48e+07	20418.8	399912	-1.01789e+11	3.56711e+10	8.92439e+10	1.20089e+11	-1.2233e+11	-1.9017e+11
3.49e+07	10989.1	396836	-1.00582e+11	3.89635e+10	9.16184e+10	1.18289e+11	-1.24367e+11	-1.88851e+11
3.5e+07	1403.45	393994	-9.92679e+10	4.22147e+10	9.39566e+10	1.16442e+11	-1.26391e+11	-1.8751e+11
3.51e+07	-8331.88	391394	-9.78489e+10	4.54213e+10	9.62576e+10	1.14549e+11	-1.28399e+11	-1.86148e+11
3.52e+07	-18210.6	389040	-9.63266e+10	4.85798e+10	9.85204e+10	1.12611e+11	-1.30393e+11	-1.84764e+11
3.53e+07	-28226	386939	-9.47024e+10	5.1687e+10	1.00744e+11	1.10628e+11	-1.32372e+11	-1.83359e+11
3.54e+07	-38371.4	385097	-9.29781e+10	5.47396e+10	1.02928e+11	1.08601e+11	-1.34336e+11	-1.81933e+11
3.55e+07	-48639.7	383518	-9.11555e+10	5.77343e+10	1.05071e+11	1.06531e+11	-1.36285e+11	-1.80486e+11
3.56e+07	-59023.7	382209	-8.92367e+10	6.0668e+10	1.07172e+11	1.04419e+11	-1.38217e+11	-1.79018e+11
3.57e+07	-69516	381175	-8.72235e+10	6.35377e+10	1.09231e+11	1.02266e+11	-1.40134e+11	-1.7753e+11
3.58e+07	-80108.9	380420	-8.51182e+10	6.63402e+10	1.11247e+11	1.00072e+11	-1.42035e+11	-1.76021e+11
3.59e+07	-90794.7	379949	-8.29231e+10	6.90726e+10	1.13219e+11	9.78387e+10	-1.4392e+11	-1.74492e+11
3.6e+07	-101565	379766	-8.06403e+10	7.17321e+10	1.15145e+11	9.55664e+10	-1.45788e+11	-1.72943e+11
3.61e+07	-112413	379876	-7.82725e+10	7.43159e+10	1.17027e+11	9.32563e+10	-1.47639e+11	-1.71375e+11
3.62e+07	-123329	380282	-7.5822e+10	7.68212e+10	1.18861e+11	9.09092e+10	-1.49473e+11	-1.69786e+11
3.63e+07	-134305	380989	-7.32914e+10	7.92455e+10	1.20649e+11	8.85261e+10	-1.5129e+11	-1.68178e+11
3.64e+07	-145332	381999	-7.06835e+10	8.15861e+10	1.22389e+11	8.61079e+10	-1.5309e+11	-1.66551e+11
3.65e+07	-156402	383317	-6.80011e+10	8.38406e+10	1.2408e+11	8.36556e+10	-1.54873e+11	-1.64905e+11
3.66e+07	-167505	384944	-6.52468e+10	8.60066e+10	1.25723e+11	8.11702e+10	-1.56637e+11	-1.6324e+11
3.67e+07	-178633	386884	-6.24238e+10	8.80819e+10	1.27315e+11	7.86526e+10	-1.58384e+11	-1.61556e+11
3.68e+07	-189777	389139	-5.95348e+10	9.00643e+10	1.28857e+11	7.61039e+10	-1.60112e+11	-1.59854e+11
3.69e+07	-200927	391711	-5.65831e+10	9.19517e+10	1.30348e+11	7.3525e+10	-1.61822e+11	-1.58133e+11
3.7e+07	-212074	394602	-5.35717e+10	9.37421e+10	1.31787e+11	7.09171e+10	-1.63514e+11	-1.56395e+11
3.71e+07	-223209	397813	-5.05039e+10	9.54337e+10	1.33175e+11	6.8281e+10	-1.65187e+11	-1.54638e+11
3.72e+07	-234321	401346	-4.73827e+10	9.70246e+10	1.34509e+11	6.56179e+10	-1.6684e+11	-1.52863e+11
3.73e+07	-245402	405202	-4.42116e+10	9.85132e+10	1.3579e+11	6.29288e+10	-1.68475e+11	-1.51072e+11
3.74e+07	-256442	409381	-4.09939e+10	9.9898e+10	1.37018e+11	6.02148e+10	-1.70091e+11	-1.49262e+11
3.75e+07	-267431	413884	-3.7733e+10	1.01177e+11	1.38191e+11	5.7477e+10	-1.71687e+11	-1.47436e+11
3.76e+07	-278360	418711	-3.44323e+10	1.0235e+11	1.39309e+11	5.47164e+10	-1.73263e+11	-1.45593e+11
3.77e+07	-289218	423861	-3.10953e+10	1.03415e+11	1.40373e+11	5.19341e+10	-1.74819e+11	-1.43733e+11
3.78e+07	-299996	429335	-2.77255e+10	1.04371e+11	1.4138e+11	4.91313e+10	-1.76356e+11	-1.41857e+11
3.79e+07	-310683	435131	-2.43265e+10	1.05217e+11	1.42332e+11	4.6309e+10	-1.77872e+11	-1.39964e+11
3.8e+07	-321271	441248	-2.09019e+10	1.05952e+11	1.43227e+11	4.34684e+10	-1.79368e+11	-1.38055e+11
3.81e+07	-331749	447685	-1.74552e+10	1.06575e+11	1.44066e+11	4.06106e+10	-1.80843e+11	-1.36131e+11
3.82e+07	-342108	454440	-1.39901e+10	1.07086e+11	1.44848e+11	3.77367e+10	-1.82298e+11	-1.34191e+11
3.83e+07	-352337	461512	-1.05103e+10	1.07484e+11	1.45572e+11	3.48478e+10	-1.83732e+11	-1.32236e+11
3.84e+07	-362427	468897	-7.01946e+09	1.07769e+11	1.46239e+11	3.19452e+10	-1.85145e+11	-1.30265e+11
3.85e+07	-372368	476593	-3.52119e+09	1.07941e+11	1.46848e+11	2.903e+10	-1.86536e+11	-1.2828e+11
3.86e+07	-382151	484597	-1.92038e+07	1.07998e+11	1.47398e+11	2.61032e+10	-1.87906e+11	-1.2628e+11
3.87e+07	-391765	492906	3.4828e+09	1.07942e+11	1.47891e+11	2.31661e+10	-1.89255e+11	-1.24265e+11
3.88e+07	-401202	501516	6.98113e+09	1.07772e+11	1.48325e+11	2.02199e+10	-1.90582e+11	-1.22236e+11
3.89e+07	-410451	510423	1.04721e+10	1.07489e+11	1.487e+11	1.72656e+10	-1.91888e+11	-1.20194e+11
3.9e+07	-419504	519624	1.39521e+10	1.07092e+11	1.49016e+11	1.43046e+10	-1.93171e+11	-1.18137e+11
3.91e+07	-428351	529114	1.74173e+10	1.06582e+11	1.49274e+11	1.13378e+10	-1.94432e+11	-1.16067e+11
3.92e+07	-436983	538888	2.08642e+10	1.0596e+11	1.49472e+11	8.3666e+09	-1.95671e+11	-1.13984e+11
3.93e+07	-445390	548940	2.42891e+10	1.05227e+11	1.49611e+11	5.39206e+09	-1.96888e+11	-1.11888e+11
3.94e+07	-453565	559267	2.76884e+10	1.04382e+11	1.49691e+11	2.4154e+09	-1.98082e+11	-1.09779e+11
3.95e+07	-461497	569861	3.10585e+10	1.03428e+11	1.49712e+11	-5.62226e+08	-1.99254e+11	-1.07657e+11
3.96e+07	-469179	580718	3.43959e+10	1.02364e+11	1.49674e+11	-3.53963e+09	-2.00402e+11	-1.05523e+11
3.97e+07	-476602	591830	3.7697e+10	1.01193e+11	1.49576e+11	-6.51562e+09	-2.01528e+11	-1.03377e+11
3.98e+07	-483758	603192	4.09584e+10	9.99147e+10	1.49419e+11	-9.48905e+09	-2.02631e+11	-1.01219e+11
3.99e+07	-490637	614797	4.41766e+10	9.85313e+10	1.49203e+11	-1.24587e+10	-2.03711e+11	-9.90501e+10
4e+07	-497233	626637	4.73482e+10	9.7044e+10	1.48928e+11	-1.54235e+10	-2.04767e+11	-9.68694e+10
4.01e+07	-503538	638706	5.04699e+10	9.54544e+10	1.48595e+11	-1.83821e+10	-2.058e+11	-9.46777e+10
4.02e+07	-509543	650996	5.35384e+10	9.37641e+10	1.48202e+11	-2.13335e+10	-2.0681e+11	-9.24752e+10
4.03e+07	-515242	663499	5.65505e+10	9.1975e+10	1.47751e+11	-2.42764e+10	-2.07796e+11	-9.02621e+10
4.04e+07	-520628	676208	5.95029e+10	9.00889e+10	1.47241e+11	-2.72097e+10	-2.08758e+11	-8.80387e+10
4.05e+07	-525692	689113	6.23925e+10	8.81077e+10	1.46673e+11	-3.01323e+10	-2.09696e+11	-8.58053e+10
4.06e+07	-530429	702207	6.52164e+10	8.60337e+10	1.46048e+11	-3.3043e+10	-2.10611e+11	-8.35621e+10
4.07e+07	-534832	715480	6.79714e+10	8.38688e+10	1.45364e+11	-3.59406e+10	-2.11501e+11	-8.13093e+10
4.08e+07	-538895	728925	7.06547e+10	8.16155e+10	1.44623e+11	-3.8824e+10	-2.12368e+11	-7.90473e+10
4.09e+07	-542611	742531	7.32635e+10	7.92761e+10	1.43825e+11	-4.1692e+10	-2.1321e+11	-7.67762e+10
4.1e+07	-545976	756290	7.57949e+10	7.6853e+10	1.4297e+11	-4.45436e+10	-2.14027e+11	-7.44964e+10
4.11e+07	-548982	770191	7.82464e+10	7.43488e+10	1.42058e+11	-4.73775e+10	-2.14821e+11	-7.22081e+10
4.12e+07	-551626	784226	8.06153e+10	7.17661e+10	1.4109e+11	-5.01927e+10	-2.1559e+11	-6.99115e+10
4.13e+07	-553903	798384	8.2899e+10	6.91077e+10	1.40067e+11	-5.29881e+10	-2.16334e+11	-6.7607e+10
4.14e+07	-555806	812655	8.50953e+10	6.63763e+10	1.38988e+11	-5.57625e+10	-2.17053e+11	-6.52948e+10
4.15e+07	-557333	827029	8.72016e+10	6.35748e+10	1.37854e+11	-5.85149e+10	-2.17748e+11	-6.29751e+10
4.16e+07	-558479	841495	8.92159e+10	6.07061e+10	1.36666e+11	-6.12442e+10	-2.18418e+11	-6.06483e+10
4.17e+07	-559240	856044	9.11359e+10	5.77733e+10	1.35424e+11	-6.39493e+10	-2.19063e+11	-5.83145e+10
4.18e+07	-559613	870664	9.29597e+10	5.47795e+10	1.34128e+11	-6.66291e+10	-2.19684e+11	-5.59741e+10
4.19e+07	-559594	885344	9.46852e+10	5.17278e+10	1.32779e+11	-6.92826e+10	-2.20279e+11	-5.36273e+10
4.2e+07	-559181	900075	9.63106e+10	4.86215e+10	1.31378e+11	-7.19087e+10	-2.20849e+11	-5.12744e+10
4.21e+07	-558371	914843	9.78343e+10	4.54638e+10	1.29925e+11	-7.45063e+10	-2.21394e+11	-4.89157e+10
4.22e+07	-557162	929639	9.92545e+10	4.2258e+10	1.2842e+11	-7.70746e+10	-2.21913e+11	-4.65514e+10
4.23e+07	-555552	944452	1.0057e+11	3.90075e+10	1.26865e+11	-7.96124e+10	-2.22408e+11	-4.41818e+10
4.24e+07	-553540	959269	1.01779e+11	3.57157e+10	1.2526e+11	-8.21187e+10	-2.22877e+11	-4.18072e+10
4.25e+07	-551123	974079	1.0288e+11	3.23862e+10	1.23605e+11	-8.45926e+10	-2.23321e+11	-3.94278e+10
4.26e+07	-548302	988872	1.03873e+11	2.90225e+10	1.21901e+11	-8.70331e+10	-2.23739e+11	-3.70439e+10
4.27e+07	-545076	1.00364e+06	1.04755e+11	2.5628e+10	1.2015e+11	-8.94392e+10	-2.24132e+11	-3.46558e+10
4.28e+07	-541444	1.01836e+06	1.05527e+11	2.22064e+10	1.1835e+11	-9.181e+10	-2.24499e+11	-3.22638e+10
4.29e+07	-537406	1.03303e+06	1.06187e+11	1.87613e+10	1.16504e+11	-9.41445e+10	-2.24841e+11	-2.98681e+10
4.3e+07	-532964	1.04763e+06	1.06734e+11	1.52963e+10	1.14612e+11	-9.64418e+10	-2.25157e+11	-2.74689e+10
4.31e+07	-528117	1.06216e+06	1.07169e+11	1.18152e+10	1.12675e+11	-9.8701e+10	-2.25448e+11	-2.50667e+10
4.32e+07	-522867	1.07661e+06	1.0749e+11	8.32153e+09	1.10693e+11	-1.00921e+11	-2.25713e+11	-2.26616e+10
4.33e+07	-517216	1.09095e+06	1.07697e+11	4.81905e+09	1.08668e+11	-1.03102e+11	-2.25952e+11	-2.0254e+10
4.34e+07	-511164	1.10518e+06	1.0779e+11	1.31147e+09	1.06599e+11	-1.05241e+11	-2.26165e+11	-1.7844e+10
4.35e+07	-504716	1.11929e+06	1.07769e+11	-2.1975e+09	1.04489e+11	-1.07339e+11	-2.26353e+11	-1.5432e+10
4.36e+07	-497872	1.13327e+06	1.07634e+11	-5.70414e+09	1.02337e+11	-1.09395e+11	-2.26515e+11	-1.30183e+10
4.37e+07	-490635	1.1471e+06	1.07385e+11	-9.20473e+09	1.00145e+11	-1.11408e+11	-2.26652e+11	-1.0603e+10
4.38e+07	-483010	1.16078e+06	1.07021e+11	-1.26956e+10	9.79129e+10	-1.13376e+11	-2.26763e+11	-8.1866e+09
4.39e+07	-474999	1.17429e+06	1.06545e+11	-1.61729e+10	9.56425e+10	-1.153e+11	-2.26847e+11	-5.76924e+09
4.4e+07	-466607	1.18762e+06	1.05955e+11	-1.96331e+10	9.33343e+10	-1.17178e+11	-2.26907e+11	-3.35122e+09
4.41e+07	-457837	1.20076e+06	1.05253e+11	-2.30725e+10	9.09893e+10	-1.1901e+11	-2.2694e+11	-9.32818e+08
4.42e+07	-448695	1.2137e+06	1.04439e+11	-2.64874e+10	8.86084e+10	-1.20795e+11	-2.26947e+11	1.48569e+09
4.43e+07	-439184	1.22642e+06	1.03514e+11	-2.98742e+10	8.61924e+10	-1.22533e+11	-2.26929e+11	3.90402e+09
4.44e+07	-429311	1.23893e+06	1.0248e+11	-3.32293e+10	8.37425e+10	-1.24221e+11	-2.26885e+11	6.32192e+09
4.45e+07	-419081	1.2512e+06	1.01337e+11	-3.65492e+10	8.12595e+10	-1.25861e+11	-2.26816e+11	8.73909e+09
4.46e+07	-408499	1.26322e+06	1.00086e+11	-3.98302e+10	7.87444e+10	-1.27452e+11	-2.2672e+11	1.11553e+10
4.47e+07	-397572	1.275e+06	9.87286e+10	-4.30689e+10	7.61982e+10	-1.28991e+11	-2.26599e+11	1.35702e+10
4.48e+07	-386307	1.2865e+06	9.72666e+10	-4.62619e+10	7.3622e+10	-1.3048e+11	-2.26452e+11	1.59836e+10
4.49e+07	-374709	1.29774e+06	9.57013e+10	-4.94057e+10	7.10166e+10	-1.31918e+11	-2.26279e+11	1.83951e+10
4.5e+07	-362787	1.30869e+06	9.40343e+10	-5.2497e+10	6.83833e+10	-1.33303e+11	-2.26081e+11	2.08046e+10
4.51e+07	-350548	1.31934e+06	9.22674e+10	-5.55326e+10	6.57229e+10	-1.34636e+11	-2.25857e+11	2.32117e+10
4.52e+07	-337999	1.3297e+06	9.04024e+10	-5.85091e+10	6.30367e+10	-1.35916e+11	-2.25608e+11	2.56162e+10
4.53e+07	-325149	1.33974e+06	8.84413e+10	-6.14235e+10	6.03255e+10	-1.37142e+11	-2.25333e+11	2.80178e+10
4.54e+07	-312005	1.34946e+06	8.63862e+10	-6.42725e+10	5.75905e+10	-1.38313e+11	-2.25032e+11	3.04162e+10
4.55e+07	-298576	1.35885e+06	8.42393e+10	-6.70532e+10	5.48328e+10	-1.39431e+11	-2.24706e+11	3.28112e+10
4.56e+07	-284871	1.3679e+06	8.20028e+10	-6.97626e+10	5.20535e+10	-1.40493e+11	-2.24354e+11	3.52024e+10
4.57e+07	-270899	1.3766e+06	7.9679e+10	-7.23978e+10	4.92536e+10	-1.415e+11	-2.23977e+11	3.75897e+10
4.58e+07	-256670	1.38495e+06	7.72705e+10	-7.4956e+10	4.64343e+10	-1.42451e+11	-2.23574e+11	3.99726e+10
4.59e+07	-242193	1.39294e+06	7.47798e+10	-7.74344e+10	4.35966e+10	-1.43345e+11	-2.23147e+11	4.23511e+10
4.6e+07	-227477	1.40056e+06	7.22095e+10	-7.98304e+10	4.07418e+10	-1.44183e+11	-2.22694e+11	4.47248e+10
4.61e+07	-212534	1.4078e+06	6.95624e+10	-8.21415e+10	3.78708e+10	-1.44965e+11	-2.22215e+11	4.70934e+10
4.62e+07	-197372	1.41465e+06	6.68412e+10	-8.43652e+10	3.49849e+10	-1.45689e+11	-2.21712e+11	4.94566e+10
4.63e+07	-182003	1.42112e+06	6.40489e+10	-8.6499e+10	3.20853e+10	-1.46355e+11	-2.21183e+11	5.18143e+10
4.64e+07	-166437	1.42719e+06	6.11884e+10	-8.85408e+10	2.91729e+10	-1.46964e+11	-2.2063e+11	5.41661e+10
4.65e+07	-150685	1.43285e+06	5.82628e+10	-9.04883e+10	2.62491e+10	-1.47515e+11	-2.20051e+11	5.65117e+10
4.66e+07	-134758	1.43811e+06	5.52751e+10	-9.23395e+10	2.33148e+10	-1.48007e+11	-2.19447e+11	5.8851e+10
4.67e+07	-118667	1.44295e+06	5.22286e+10	-9.40924e+10	2.03714e+10	-1.48442e+11	-2.18819e+11	6.11836e+10
4.68e+07	-102425	1.44738e+06	4.91265e+10	-9.5745e+10	1.742e+10	-1.48817e+11	-2.18166e+11	6.35093e+10
4.69e+07	-86041	1.45138e+06	4.5972e+10	-9.72956e+10	1.44616e+10	-1.49134e+11	-2.17488e+11	6.58278e+10
4.7e+07	-69528.4	1.45495e+06	4.27685e+10	-9.87427e+10	1.14976e+10	-1.49392e+11	-2.16786e+11	6.81388e+10
4.71e+07	-52898.6	1.45809e+06	3.95195e+10	-1.00085e+11	8.52902e+09	-1.49591e+11	-2.16059e+11	7.04422e+10
4.72e+07	-36163.5	1.4608e+06	3.62284e+10	-1.0132e+11	5.55708e+09	-1.49731e+11	-2.15307e+11	7.27375e+10
4.73e+07	-19335.2	1.46306e+06	3.28987e+10	-1.02447e+11	2.58295e+09	-1.49812e+11	-2.14532e+11	7.50247e+10
4.74e+07	-2425.87	1.46489e+06	2.9534e+10	-1.03465e+11	-3.92198e+08	-1.49834e+11	-2.13732e+11	7.73033e+10
4.75e+07	14552.2	1.46627e+06	2.61378e+10	-1.04373e+11	-3.36719e+09	-1.49797e+11	-2.12908e+11	7.95733e+10
4.76e+07	31586.8	1.4672e+06	2.27137e+10	-1.0517e+11	-6.34086e+09	-1.497e+11	-2.12059e+11	8.18342e+10
4.77e+07	48665.3	1.46769e+06	1.92654e+10	-1.05854e+11	-9.31202e+09	-1.49545e+11	-2.11187e+11	8.40859e+10
4.78e+07	65775.4	1.46772e+06	1.57966e+10	-1.06426e+11	-1.22795e+10	-1.4933e+11	-2.10291e+11	8.6328e+10
4.79e+07	82904.5	1.4673e+06	1.23109e+10	-1.06884e+11	-1.52421e+10	-1.49057e+11	-2.09371e+11	8.85604e+10
4.8e+07	100040	1.46644e+06	8.81218e+09	-1.07229e+11	-1.81988e+10	-1.48724e+11	-2.08428e+11	9.07829e+10
4.81e+07	117169	1.46511e+06	5.30402e+09	-1.07459e+11	-2.11482e+10	-1.48333e+11	-2.07461e+11	9.2995e+10
4.82e+07	134280	1.46334e+06	1.79021e+09	-1.07575e+11	-2.40893e+10	-1.47884e+11	-2.0647e+11	9.51967e+10
4.83e+07	151359	1.46111e+06	-1.72551e+09	-1.07576e+11	-2.70209e+10	-1.47376e+11	-2.05457e+11	9.73876e+10
4.84e+07	168395	1.45844e+06	-5.23939e+09	-1.07462e+11	-2.99418e+10	-1.4681e+11	-2.0442e+11	9.95675e+10
4.85e+07	185373	1.45531e+06	-8.74769e+09	-1.07234e+11	-3.28509e+10	-1.46186e+11	-2.0336e+11	1.01736e+11
4.86e+07	202283	1.45173e+06	-1.22467e+10	-1.06892e+11	-3.57471e+10	-1.45505e+11	-2.02277e+11	1.03893e+11
4.87e+07	219111	1.44771e+06	-1.57326e+10	-1.06435e+11	-3.86291e+10	-1.44765e+11	-2.01171e+11	1.06039e+11
4.88e+07	235845	1.44324e+06	-1.92018e+10	-1.05865e+11	-4.14959e+10	-1.43969e+11	-2.00042e+11	1.08172e+11
4.89e+07	252472	1.43832e+06	-2.26505e+10	-1.05183e+11	-4.43463e+10	-1.43116e+11	-1.98891e+11	1.10293e+11
4.9e+07	268981	1.43297e+06	-2.6075e+10	-1.04388e+11	-4.71792e+10	-1.42207e+11	-1.97717e+11	1.12402e+11
4.91e+07	285358	1.42718e+06	-2.94718e+10	-1.03482e+11	-4.99935e+10	-1.41241e+11	-1.96522e+11	1.14498e+11
4.92e+07	301593	1.42096e+06	-3.28372e+10	-1.02466e+11	-5.27881e+10	-1.4022e+11	-1.95303e+11	1.16582e+11
4.93e+07	317672	1.41431e+06	-3.61676e+10	-1.01341e+11	-5.55618e+10	-1.39143e+11	-1.94063e+11	1.18652e+11
4.94e+07	333584	1.40723e+06	-3.94594e+10	-1.00107e+11	-5.83136e+10	-1.38012e+11	-1.92801e+11	1.20708e+11
4.95e+07	349317	1.39973e+06	-4.27093e+10	-9.87674e+10	-6.10424e+10	-1.36826e+11	-1.91518e+11	1.22751e+11
4.96e+07	364859	1.39182e+06	-4.59136e+10	-9.73222e+10	-6.37471e+10	-1.35585e+11	-1.90212e+11	1.24781e+11
4.97e+07	380199	1.3835e+06	-4.9069e+10	-9.57734e+10	-6.64266e+10	-1.34292e+11	-1.88886e+11	1.26796e+11
4.98e+07	395326	1.37478e+06	-5.21722e+10	-9.41225e+10	-6.90799e+10	-1.32945e+11	-1.87537e+11	1.28797e+11
4.99e+07	410228	1.36565e+06	-5.52198e+10	-9.23714e+10	-7.1706e+10	-1.31546e+11	-1.86168e+11	1.30783e+11
5e+07	424895	1.35614e+06	-5.82086e+10	-9.0522e+10	-7.43037e+10	-1.30095e+11	-1.84778e+11	1.32755e+11
5.01e+07	439315	1.34624e+06	-6.11354e+10	-8.85761e+10	-7.68721e+10	-1.28593e+11	-1.83367e+11	1.34711e+11
5.02e+07	453478	1.33596e+06	-6.39971e+10	-8.6536e+10	-7.94102e+10	-1.2704e+11	-1.81935e+11	1.36653e+11
5.03e+07	467374	1.32531e+06	-6.67907e+10	-8.44037e+10	-8.19169e+10	-1.25436e+11	-1.80483e+11	1.38579e+11
5.04e+07	480992	1.31429e+06	-6.95132e+10	-8.21816e+10	-8.43913e+10	-1.23784e+11	-1.79011e+11	1.40489e+11
5.05e+07	494323	1.30292e+06	-7.21617e+10	-7.98721e+10	-8.68323e+10	-1.22082e+11	-1.77518e+11	1.42384e+11
5.06e+07	507356	1.29121e+06	-7.47334e+10	-7.74775e+10	-8.92391e+10	-1.20332e+11	-1.76005e+11	1.44262e+11
5.07e+07	520083	1.27915e+06	-7.72256e+10	-7.50005e+10	-9.16107e+10	-1.18535e+11	-1.74473e+11	1.46125e+11
5.08e+07	532493	1.26676e+06	-7.96357e+10	-7.24437e+10	-9.39461e+10	-1.16691e+11	-1.7292e+11	1.47971e+11
5.09e+07	544579	1.25406e+06	-8.1961e+10	-6.98098e+10	-9.62444e+10	-1.148e+11	-1.71349e+11	1.498e+11
5.1e+07	556331	1.24104e+06	-8.41992e+10	-6.71017e+10	-9.85047e+10	-1.12865e+11	-1.69758e+11	1.51612e+11
5.11e+07	567741	1.22771e+06	-8.63478e+10	-6.43222e+10	-1.00726e+11	-1.10885e+11	-1.68148e+11	1.53407e+11
5.12e+07	578801	1.21409e+06	-8.84046e+10	-6.14743e+10	-1.02908e+11	-1.08861e+11	-1.66519e+11	1.55185e+11
5.13e+07	589503	1.20019e+06	-9.03674e+10	-5.85611e+10	-1.05049e+11	-1.06794e+11	-1.64871e+11	1.56946e+11
5.14e+07	599839	1.18602e+06	-9.22341e+10	-5.55856e+10	-1.07148e+11	-1.04685e+11	-1.63205e+11	1.58689e+11
5.15e+07	609803	1.17159e+06	-9.40029e+10	-5.25511e+10	-1.09205e+11	-1.02534e+11	-1.6152e+11	1.60414e+11
5.16e+07	619387	1.1569e+06	-9.56717e+10	-4.94607e+10	-1.11219e+11	-1.00344e+11	-1.59817e+11	1.62121e+11
5.17e+07	628584	1.14197e+06	-9.72389e+10	-4.63177e+10	-1.1319e+11	-9.8113e+10	-1.58097e+11	1.6381e+11
5.18e+07	637389	1.12681e+06	-9.87028e+10	-4.31256e+10	-1.15115e+11	-9.58437e+10	-1.56358e+11	1.6548e+11
5.19e+07	645795	1.11142e+06	-1.00062e+11	-3.98876e+10	-1.16995e+11	-9.35366e+10	-1.54602e+11	1.67132e+11
5.2e+07	653797	1.09583e+06	-1.01315e+11	-3.66073e+10	-1.18829e+11	-9.11925e+10	-1.52828e+11	1.68764e+11
5.21e+07	661389	1.08005e+06	-1.0246e+11	-3.32881e+10	-1.20616e+11	-8.88124e+10	-1.51038e+11	1.70378e+11
5.22e+07	668566	1.06408e+06	-1.03496e+11	-2.99336e+10	-1.22355e+11	-8.63973e+10	-1.4923e+11	1.71973e+11
5.23e+07	675324	1.04793e+06	-1.04423e+11	-2.65473e+10	-1.24046e+11	-8.3948e+10	-1.47405e+11	1.73548e+11
5.24e+07	681659	1.03162e+06	-1.05239e+11	-2.31328e+10	-1.25688e+11	-8.14655e+10	-1.45564e+11	1.75104e+11
5.25e+07	687565	1.01516e+06	-1.05943e+11	-1.96938e+10	-1.2728e+11	-7.89508e+10	-1.43707e+11	1.76641e+11
5.26e+07	693041	998565	-1.06535e+11	-1.62339e+10	-1.28822e+11	-7.6405e+10	-1.41833e+11	1.78157e+11
5.27e+07	698083	981841	-1.07013e+11	-1.27568e+10	-1.30313e+11	-7.3829e+10	-1.39944e+11	1.79653e+11
5.28e+07	702687	965003	-1.07379e+11	-9.26619e+09	-1.31752e+11	-7.12238e+10	-1.38038e+11	1.81129e+11
5.29e+07	706851	948063	-1.0763e+11	-5.76573e+09	-1.3314e+11	-6.85904e+10	-1.36118e+11	1.82585e+11
5.3e+07	710573	931034	-1.07768e+11	-2.25915e+09	-1.34475e+11	-6.593e+10	-1.34181e+11	1.8402e+11
5.31e+07	713851	913927	-1.07791e+11	1.24982e+09	-1.35756e+11	-6.32435e+10	-1.3223e+11	1.85435e+11
5.32e+07	716684	896755	-1.077e+11	4.75747e+09	-1.36985e+11	-6.0532e+10	-1.30264e+11	1.86829e+11
5.33e+07	719071	879530	-1.07494e+11	8.26007e+09	-1.38159e+11	-5.77966e+10	-1.28284e+11	1.88201e+11
5.34e+07	721010	862265	-1.07175e+11	1.17539e+10	-1.39278e+11	-5.50384e+10	-1.26288e+11	1.89553e+11
5.35e+07	722502	844972	-1.06743e+11	1.52353e+10	-1.40342e+11	-5.22584e+10	-1.24279e+11	1.90883e+11
5.36e+07	723546	827663	-1.06197e+11	1.87006e+10	-1.41351e+11	-4.94577e+10	-1.22256e+11	1.92192e+11
5.37e+07	724143	810350	-1.05539e+11	2.21461e+10	-1.42304e+11	-4.66375e+10	-1.20219e+11	1.93479e+11
5.38e+07	724293	793047	-1.0477e+11	2.55681e+10	-1.43201e+11	-4.37989e+10	-1.18168e+11	1.94745e+11
5.39e+07	723998	775765	-1.03889e+11	2.89631e+10	-1.44041e+11	-4.09429e+10	-1.16105e+11	1.95989e+11
5.4e+07	723259	758517	-1.02899e+11	3.23275e+10	-1.44824e+11	-3.80708e+10	-1.14028e+11	1.9721e+11
5.41e+07	722078	741314	-1.01799e+11	3.56576e+10	-1.4555e+11	-3.51836e+10	-1.11938e+11	1.9841e+11
5.42e+07	720456	724169	-1.00592e+11	3.89501e+10	-1.46219e+11	-3.22825e+10	-1.09836e+11	1.99587e+11
5.43e+07	718396	707093	-9.92791e+10	4.22013e+10	-1.46829e+11	-2.93686e+10	-1.07722e+11	2.00742e+11
5.44e+07	715901	690099	-9.78608e+10	4.54079e+10	-1.47382e+11	-2.64431e+10	-1.05595e+11	2.01874e+11
5.45e+07	712974	673198	-9.6339e+10	4.85665e+10	-1.47876e+11	-2.35072e+10	-1.03457e+11	2.02984e+11
5.46e+07	709619	656403	-9.47154e+10	5.16738e+10	-1.48312e+11	-2.0562e+10	-1.01307e+11	2.04071e+11
5.47e+07	705840	639724	-9.29917e+10	5.47265e+10	-1.48689e+11	-1.76086e+10	-9.91453e+10	2.05134e+11
5.48e+07	701639	623172	-9.11698e+10	5.77214e+10	-1.49007e+11	-1.46483e+10	-9.69727e+10	2.06175e+11
5.49e+07	697023	606761	-8.92515e+10	6.06553e+10	-1.49267e+11	-1.16822e+10	-9.47893e+10	2.07193e+11
5.5e+07	691995	590499	-8.72389e+10	6.35251e+10	-1.49467e+11	-8.71146e+09	-9.25953e+10	2.08188e+11
5.51e+07	686561	574399	-8.51343e+10	6.63278e+10	-1.49608e+11	-5.73728e+09	-9.03908e+10	2.09159e+11
5.52e+07	680726	558471	-8.29397e+10	6.90605e+10	-1.4969e+11	-2.76083e+09	-8.81762e+10	2.10106e+11
5.53e+07	674496	542725	-8.06575e+10	7.17203e+10	-1.49713e+11	2.16712e+08	-8.59517e+10	2.11031e+11
5.54e+07	667876	527173	-7.82902e+10	7.43043e+10	-1.49677e+11	3.19417e+09	-8.37176e+10	2.11931e+11
5.55e+07	660874	511824	-7.58403e+10	7.68099e+10	-1.49581e+11	6.17037e+09	-8.1474e+10	2.12808e+11
5.56e+07	653495	496689	-7.33103e+10	7.92345e+10	-1.49427e+11	9.14412e+09	-7.92214e+10	2.1366e+11
5.57e+07	645746	481777	-7.0703e+10	8.15755e+10	-1.49213e+11	1.21143e+10	-7.69598e+10	2.14489e+11
5.58e+07	637635	467097	-6.80211e+10	8.38303e+10	-1.4894e+11	1.50796e+10	-7.46896e+10	2.15294e+11
5.59e+07	629168	452659	-6.52674e+10	8.59968e+10	-1.48608e+11	1.8039e+10	-7.2411e+10	2.16075e+11
5.6e+07	620354	438473	-6.24448e+10	8.80725e+10	-1.48218e+11	2.09912e+10	-7.01244e+10	2.16831e+11
5.61e+07	611200	424547	-5.95564e+10	9.00553e+10	-1.47768e+11	2.39352e+10	-6.78298e+10	2.17563e+11
5.62e+07	601715	410889	-5.66052e+10	9.19432e+10	-1.47261e+11	2.68696e+10	-6.55276e+10	2.18271e+11
5.63e+07	591906	397508	-5.35943e+10	9.37341e+10	-1.46695e+11	2.97935e+10	-6.32181e+10	2.18954e+11
5.64e+07	581782	384413	-5.05269e+10	9.54262e+10	-1.46071e+11	3.27055e+10	-6.09015e+10	2.19612e+11
5.65e+07	571352	371611	-4.74062e+10	9.70176e+10	-1.45389e+11	3.56046e+10	-5.85781e+10	2.20246e+11
5.66e+07	560625	359109	-4.42355e+10	9.85068e+10	-1.44649e+11	3.84896e+10	-5.62481e+10	2.20856e+11
5.67e+07	549609	346914	-4.10182e+10	9.98921e+10	-1.43853e+11	4.13594e+10	-5.39118e+10	2.2144e+11
5.68e+07	538316	335035	-3.77576e+10	1.01172e+11	-1.42999e+11	4.42128e+10	-5.15694e+10	2.22e+11
5.69e+07	526752	323477	-3.44573e+10	1.02346e+11	-1.42089e+11	4.70487e+10	-4.92213e+10	2.22535e+11
5.7e+07	514930	312247	-3.11206e+10	1.03411e+11	-1.41122e+11	4.98659e+10	-4.68676e+10	2.23044e+11
5.71e+07	502857	301351	-2.77511e+10	1.04368e+11	-1.401e+11	5.26635e+10	-4.45087e+10	2.23529e+11
5.72e+07	490545	290795	-2.43524e+10	1.05214e+11	-1.39022e+11	5.54402e+10	-4.21448e+10	2.23989e+11
5.73e+07	478004	280584	-2.09281e+10	1.0595e+11	-1.37889e+11	5.81949e+10	-3.97762e+10	2.24424e+11
5.74e+07	465243	270724	-1.74816e+10	1.06574e+11	-1.36702e+11	6.09266e+10	-3.74031e+10	2.24833e+11
5.75e+07	452273	261219	-1.40168e+10	1.07086e+11	-1.3546e+11	6.36342e+10	-3.50258e+10	2.25217e+11
5.76e+07	439104	252073	-1.05372e+10	1.07484e+11	-1.34165e+11	6.63165e+10	-3.26446e+10	2.25576e+11
5.77e+07	425748	243292	-7.04644e+09	1.0777e+11	-1.32817e+11	6.89726e+10	-3.02597e+10	2.2591e+11
5.78e+07	412215	234879	-3.5483e+09	1.07942e+11	-1.31416e+11	7.16014e+10	-2.78715e+10	2.26219e+11
5.79e+07	398515	226838	-4.64091e+07	1.08e+11	-1.29963e+11	7.42019e+10	-2.54801e+10	2.26502e+11
5.8e+07	384660	219171	3.45553e+09	1.07945e+11	-1.28459e+11	7.67729e+10	-2.30858e+10	2.26759e+11
5.81e+07	370660	211882	6.95382e+09	1.07776e+11	-1.26903e+11	7.93136e+10	-2.0689e+10	2.26992e+11
5.82e+07	356526	204974	1.04448e+10	1.07493e+11	-1.25298e+11	8.18228e+10	-1.82899e+10	2.27198e+11
5.83e+07	342269	198448	1.39248e+10	1.07097e+11	-1.23642e+11	8.42996e+10	-1.58887e+10	2.2738e+11
5.84e+07	327901	192306	1.739e+10	1.06588e+11	-1.21938e+11	8.67431e+10	-1.34857e+10	2.27535e+11
5.85e+07	313432	186551	2.0837e+10	1.05967e+11	-1.20186e+11	8.91521e+10	-1.10812e+10	2.27666e+11
5.86e+07	298873	181184	2.4262e+10	1.05234e+11	-1.18386e+11	9.15259e+10	-8.67545e+09	2.27771e+11
5.87e+07	284236	176205	2.76614e+10	1.0439e+11	-1.16539e+11	9.38634e+10	-6.26874e+09	2.2785e+11
5.88e+07	269532	171614	3.10317e+10	1.03436e+11	-1.14645e+11	9.61637e+10	-3.86134e+09	2.27904e+11
5.89e+07	254770	167414	3.43693e+10	1.02374e+11	-1.12707e+11	9.84259e+10	-1.45349e+09	2.27932e+11
5.9e+07	239964	163602	3.76707e+10	1.01203e+11	-1.10724e+11	1.00649e+11	9.54511e+08	2.27934e+11
5.91e+07	225123	160180	4.09323e+10	9.99255e+10	-1.08696e+11	1.02832e+11	3.36241e+09	2.27912e+11
5.92e+07	210258	157146	4.41508e+10	9.85428e+10	-1.06626e+11	1.04975e+11	5.76993e+09	2.27863e+11
5.93e+07	195380	154499	4.73228e+10	9.70561e+10	-1.04514e+11	1.07076e+11	8.1768e+09	2.27789e+11
5.94e+07	180501	152238	5.04448e+10	9.54672e+10	-1.0236e+11	1.09135e+11	1.05828e+10	2.2769e+11
5.95e+07	165630	150362	5.35137e+10	9.37776e+10	-1.00166e+11	1.1115e+11	1.29875e+10	2.27564e+11
5.96e+07	150779	148868	5.65261e+10	9.19891e+10	-9.79314e+10	1.13121e+11	1.53908e+10	2.27414e+11
5.97e+07	135957	147754	5.94789e+10	9.01036e+10	-9.56585e+10	1.15048e+11	1.77924e+10	2.27238e+11
5.98e+07	121176	147017	6.2369e+10	8.8123e+10	-9.33477e+10	1.16929e+11	2.0192e+10	2.27036e+11
5.99e+07	106446	146656	6.51933e+10	8.60495e+10	-9.09999e+10	1.18763e+11	2.25894e+10	2.26809e+11
6e+07	91776.1	146666	6.79488e+10	8.38853e+10	-8.8616e+10	1.20551e+11	2.49842e+10	2.26557e+11
6.01e+07	77177.3	147045	7.06327e+10	8.16325e+10	-8.6197e+10	1.2229e+11	2.73762e+10	2.26279e+11
6.02e+07	62659.3	147787	7.3242e+10	7.92936e+10	-8.37438e+10	1.23981e+11	2.97651e+10	2.25976e+11
6.03e+07	48231.9	148891	7.5774e+10	7.6871e+10	-8.12574e+10	1.25623e+11	3.21507e+10	2.25647e+11
6.04e+07	33904.5	150350	7.8226e+10	7.43672e+10	-7.87389e+10	1.27216e+11	3.45327e+10	2.25294e+11
6.05e+07	19686.8	152161	8.05955e+10	7.1785e+10	-7.61891e+10	1.28758e+11	3.69108e+10	2.24915e+11
6.06e+07	5587.96	154319	8.28798e+10	6.9127e+10	-7.36091e+10	1.30248e+11	3.92848e+10	2.2451e+11
6.07e+07	-8382.94	156818	8.50767e+10	6.63959e+10	-7.09999e+10	1.31688e+11	4.16543e+10	2.24081e+11
6.08e+07	-22217	159654	8.71837e+10	6.35948e+10	-6.83626e+10	1.33074e+11	4.40192e+10	2.23626e+11
6.09e+07	-35905.5	162821	8.91986e+10	6.07265e+10	-6.56982e+10	1.34409e+11	4.63792e+10	2.23147e+11
6.1e+07	-49440	166313	9.11193e+10	5.7794e+10	-6.30078e+10	1.3569e+11	4.8734e+10	2.22642e+11
6.11e+07	-62812.1	170123	9.29437e+10	5.48005e+10	-6.02923e+10	1.36917e+11	5.10833e+10	2.22112e+11
6.12e+07	-76013.8	174247	9.46699e+10	5.17491e+10	-5.7553e+10	1.3809e+11	5.34269e+10	2.21558e+11
6.13e+07	-89037.3	178676	9.6296e+10	4.86429e+10	-5.47908e+10	1.39208e+11	5.57644e+10	2.20978e+11
6.14e+07	-101875	183405	9.78203e+10	4.54854e+10	-5.2007e+10	1.40271e+11	5.80958e+10	2.20374e+11
6.15e+07	-114519	188427	9.92413e+10	4.22798e+10	-4.92025e+10	1.41278e+11	6.04206e+10	2.19745e+11
6.16e+07	-126963	193734	1.00557e+11	3.90294e+10	-4.63785e+10	1.42229e+11	6.27386e+10	2.19092e+11
6.17e+07	-139200	199319	1.01767e+11	3.57378e+10	-4.35361e+10	1.43124e+11	6.50496e+10	2.18414e+11
6.18e+07	-151223	205175	1.02869e+11	3.24084e+10	-4.06764e+10	1.43962e+11	6.73533e+10	2.17711e+11
6.19e+07	-163025	211295	1.03862e+11	2.90447e+10	-3.78007e+10	1.44743e+11	6.96495e+10	2.16984e+11
6.2e+07	-174601	217669	1.04745e+11	2.56502e+10	-3.49099e+10	1.45467e+11	7.19378e+10	2.16233e+11
6.21e+07	-185945	224291	1.05518e+11	2.22286e+10	-3.20053e+10	1.46133e+11	7.42181e+10	2.15457e+11
6.22e+07	-197050	231152	1.06178e+11	1.87835e+10	-2.9088e+10	1.46741e+11	7.649e+10	2.14658e+11
6.23e+07	-207913	238245	1.06727e+11	1.53185e+10	-2.61592e+10	1.47291e+11	7.87534e+10	2.13834e+11
6.24e+07	-218527	245560	1.07162e+11	1.18373e+10	-2.322e+10	1.47783e+11	8.10079e+10	2.12986e+11
6.25e+07	-228889	253089	1.07484e+11	8.34352e+09	-2.02715e+10	1.48216e+11	8.32534e+10	2.12114e+11
6.26e+07	-238993	260824	1.07691e+11	4.84091e+09	-1.73151e+10	1.4859e+11	8.54895e+10	2.11219e+11
6.27e+07	-248835	268756	1.07785e+11	1.33318e+09	-1.43518e+10	1.48905e+11	8.7716e+10	2.10299e+11
6.28e+07	-258411	276877	1.07765e+11	-2.17597e+09	-1.13828e+10	1.49161e+11	8.99327e+10	2.09357e+11
6.29e+07	-267719	285177	1.0763e+11	-5.68281e+09	-8.40927e+09	1.49358e+11	9.21392e+10	2.0839e+11
6.3e+07	-276753	293647	1.07381e+11	-9.18362e+09	-5.43242e+09	1.49496e+11	9.43355e+10	2.07401e+11
6.31e+07	-285513	302279	1.07019e+11	-1.26747e+10	-2.45342e+09	1.49574e+11	9.65211e+10	2.06388e+11
6.32e+07	-293994	311064	1.06543e+11	-1.61523e+10	5.26562e+08	1.49594e+11	9.86959e+10	2.05352e+11
6.33e+07	-302194	319993	1.05953e+11	-1.96128e+10	3.50633e+09	1.49554e+11	1.0086e+11	2.04292e+11
6.34e+07	-310112	329055	1.05252e+11	-2.30525e+10	6.48471e+09	1.49454e+11	1.03012e+11	2.0321e+11
6.35e+07	-317744	338244	1.04439e+11	-2.64677e+10	9.46052e+09	1.49295e+11	1.05153e+11	2.02105e+11
6.36e+07	-325091	347548	1.03514e+11	-2.98549e+10	1.24326e+10	1.49078e+11	1.07282e+11	2.00978e+11
6.37e+07	-332150	356960	1.0248e+11	-3.32103e+10	1.53997e+10	1.48801e+11	1.09399e+11	1.99828e+11
6.38e+07	-338920	366470	1.01338e+11	-3.65305e+10	1.83607e+10	1.48465e+11	1.11504e+11	1.98655e+11
6.39e+07	-345401	376069	1.00087e+11	-3.98119e+10	2.13145e+10	1.4807e+11	1.13596e+11	1.9746e+11
6.4e+07	-351593	385747	9.87306e+10	-4.3051e+10	2.42597e+10	1.47616e+11	1.15675e+11	1.96243e+11
6.41e+07	-357495	395497	9.72691e+10	-4.62444e+10	2.71954e+10	1.47104e+11	1.17742e+11	1.95004e+11
6.42e+07	-363107	405309	9.57042e+10	-4.93886e+10	3.01203e+10	1.46534e+11	1.19795e+11	1.93743e+11
6.43e+07	-368430	415173	9.40376e+10	-5.24804e+10	3.30332e+10	1.45905e+11	1.21835e+11	1.9246e+11
6.44e+07	-373465	425082	9.2271e+10	-5.55164e+10	3.59331e+10	1.45219e+11	1.23861e+11	1.91156e+11
6.45e+07	-378213	435026	9.04064e+10	-5.84934e+10	3.88187e+10	1.44475e+11	1.25873e+11	1.8983e+11
6.46e+07	-382675	444997	8.84457e+10	-6.14082e+10	4.16889e+10	1.43674e+11	1.27871e+11	1.88482e+11
6.47e+07	-386853	454986	8.63909e+10	-6.42577e+10	4.45426e+10	1.42816e+11	1.29855e+11	1.87114e+11
6.48e+07	-390748	464985	8.42443e+10	-6.70388e+10	4.73786e+10	1.41901e+11	1.31824e+11	1.85725e+11
6.49e+07	-394362	474984	8.2008e+10	-6.97487e+10	5.01958e+10	1.4093e+11	1.33778e+11	1.84314e+11
6.5e+07	-397699	484977	7.96845e+10	-7.23844e+10	5.29932e+10	1.39903e+11	1.35717e+11	1.82883e+11
6.51e+07	-400760	494954	7.72763e+10	-7.4943e+10	5.57695e+10	1.3882e+11	1.37641e+11	1.81432e+11
6.52e+07	-403549	504908	7.47858e+10	-7.74219e+10	5.85237e+10	1.37683e+11	1.3955e+11	1.7996e+11
6.53e+07	-406068	514830	7.22157e+10	-7.98184e+10	6.12547e+10	1.36491e+11	1.41443e+11	1.78468e+11
6.54e+07	-408321	524714	6.95688e+10	-8.213e+10	6.39615e+10	1.35245e+11	1.4332e+11	1.76956e+11
6.55e+07	-410311	534551	6.68478e+10	-8.43541e+10	6.66428e+10	1.33945e+11	1.4518e+11	1.75423e+11
6.56e+07	-412043	544334	6.40556e+10	-8.64885e+10	6.92978e+10	1.32592e+11	1.47025e+11	1.73872e+11
6.57e+07	-413520	554056	6.11953e+10	-8.85307e+10	7.19253e+10	1.31187e+11	1.48853e+11	1.723e+11
6.58e+07	-414747	563709	5.82698e+10	-9.04787e+10	7.45243e+10	1.2973e+11	1.50664e+11	1.70709e+11
6.59e+07	-415728	573288	5.52822e+10	-9.23304e+10	7.70937e+10	1.28221e+11	1.52458e+11	1.691e+11
6.6e+07	-416467	582784	5.22358e+10	-9.40837e+10	7.96326e+10	1.26661e+11	1.54235e+11	1.67471e+11
6.61e+07	-416970	592192	4.91337e+10	-9.57368e+10	8.21399e+10	1.25051e+11	1.55995e+11	1.65823e+11
6.62e+07	-417242	601505	4.59793e+10	-9.72879e+10	8.46146e+10	1.23392e+11	1.57737e+11	1.64156e+11
6.63e+07	-417287	610718	4.27759e+10	-9.87354e+10	8.70559e+10	1.21684e+11	1.59462e+11	1.62471e+11
6.64e+07	-417111	619824	3.95269e+10	-1.00078e+11	8.94626e+10	1.19927e+11	1.61168e+11	1.60768e+11
6.65e+07	-416721	628817	3.62358e+10	-1.01313e+11	9.18339e+10	1.18123e+11	1.62857e+11	1.59047e+11
6.66e+07	-416120	637692	3.29061e+10	-1.02441e+11	9.41687e+10	1.16272e+11	1.64527e+11	1.57308e+11
6.67e+07	-415316	646445	2.95414e+10	-1.0346e+11	9.64663e+10	1.14375e+11	1.66178e+11	1.55551e+11
6.68e+07	-414313	655069	2.61451e+10	-1.04368e+11	9.87256e+10	1.12433e+11	1.67811e+11	1.53776e+11
6.69e+07	-413119	663561	2.2721e+10	-1.05165e+11	1.00946e+11	1.10446e+11	1.69425e+11	1.51985e+11
6.7e+07	-411740	671915	1.92727e+10	-1.0585e+11	1.03126e+11	1.08415e+11	1.7102e+11	1.50176e+11
6.71e+07	-410181	680127	1.58039e+10	-1.06422e+11	1.05265e+11	1.06342e+11	1.72596e+11	1.4835e+11
6.72e+07	-408450	688194	1.23182e+10	-1.06881e+11	1.07363e+11	1.04226e+11	1.74152e+11	1.46507e+11
6.73e+07	-406553	696112	8.81936e+09	-1.07226e+11	1.09418e+11	1.02069e+11	1.75689e+11	1.44648e+11
6.74e+07	-404496	703876	5.31113e+09	-1.07456e+11	1.1143e+11	9.98718e+10	1.77205e+11	1.42773e+11
6.75e+07	-402286	711484	1.79724e+09	-1.07572e+11	1.13397e+11	9.76348e+10	1.78702e+11	1.40882e+11
6.76e+07	-399930	718933	-1.71856e+09	-1.07574e+11	1.1532e+11	9.53592e+10	1.80179e+11	1.38975e+11
6.77e+07	-397435	726220	-5.23253e+09	-1.0746e+11	1.17197e+11	9.30457e+10	1.81635e+11	1.37052e+11
6.78e+07	-394808	733342	-8.74093e+09	-1.07233e+11	1.19028e+11	9.06954e+10	1.83071e+11	1.35114e+11
6.79e+07	-392055	740297	-1.224e+10	-1.06891e+11	1.20811e+11	8.83092e+10	1.84487e+11	1.3316e+11
6.8e+07	-389184	747083	-1.5726e+10	-1.06435e+11	1.22547e+11	8.5888e+10	1.85881e+11	1.31191e+11
6.81e+07	-386202	753699	-1.91953e+10	-1.05865e+11	1.24234e+11	8.34327e+10	1.87255e+11	1.29208e+11
6.82e+07	-383115	760142	-2.26441e+10	-1.05183e+11	1.25871e+11	8.09445e+10	1.88607e+11	1.2721e+11
6.83e+07	-379930	766413	-2.60688e+10	-1.04388e+11	1.27459e+11	7.84241e+10	1.89938e+11	1.25198e+11
6.84e+07	-376655	772508	-2.94657e+10	-1.03483e+11	1.28997e+11	7.58727e+10	1.91248e+11	1.23172e+11
6.85e+07	-373296	778429	-3.28312e+10	-1.02467e+11	1.30483e+11	7.32913e+10	1.92536e+11	1.21131e+11
6.86e+07	-369861	784173	-3.61618e+10	-1.01342e+11	1.31918e+11	7.06808e+10	1.93803e+11	1.19077e+11
6.87e+07	-366357	789742	-3.94538e+10	-1.00109e+11	1.333e+11	6.80424e+10	1.95047e+11	1.1701e+11
6.88e+07	-362789	795136	-4.27037e+10	-9.87692e+10	1.3463e+11	6.5377e+10	1.9627e+11	1.1493e+11
6.89e+07	-359166	800353	-4.59082e+10	-9.73243e+10	1.35906e+11	6.26857e+10	1.9747e+11	1.12836e+11
6.9e+07	-355494	805396	-4.90638e+10	-9.57757e+10	1.37129e+11	5.99696e+10	1.98649e+11	1.1073e+11
6.91e+07	-351779	810264	-5.21671e+10	-9.41251e+10	1.38297e+11	5.72297e+10	1.99804e+11	1.08611e+11
6.92e+07	-348029	814959	-5.52149e+10	-9.23742e+10	1.39411e+11	5.44672e+10	2.00937e+11	1.0648e+11
6.93e+07	-344250	819481	-5.82038e+10	-9.0525e+10	1.40469e+11	5.16832e+10	2.02048e+11	1.04337e+11
6.94e+07	-340448	823833	-6.11308e+10	-8.85794e+10	1.41472e+11	4.88786e+10	2.03136e+11	1.02182e+11
6.95e+07	-336629	828016	-6.39927e+10	-8.65395e+10	1.42419e+11	4.60548e+10	2.04201e+11	1.00016e+11
6.96e+07	-332801	832032	-6.67865e+10	-8.44074e+10	1.43309e+11	4.32126e+10	2.05242e+11	9.78384e+10
6.97e+07	-328969	835884	-6.95092e+10	-8.21855e+10	1.44143e+11	4.03534e+10	2.06261e+11	9.56497e+10
6.98e+07	-325139	839572	-7.21579e+10	-7.98762e+10	1.44919e+11	3.74783e+10	2.07256e+11	9.34503e+10
6.99e+07	-321317	843100	-7.47298e+10	-7.74818e+10	1.45638e+11	3.45882e+10	2.08228e+11	9.12402e+10
7e+07	-317510	846471	-7.72222e+10	-7.5005e+10	1.463e+11	3.16845e+10	2.09176e+11	8.90199e+10
7.01e+07	-313722	849688	-7.96324e+10	-7.24483e+10	1.46904e+11	2.87683e+10	2.10101e+11	8.67895e+10
7.02e+07	-309959	852753	-8.19579e+10	-6.98146e+10	1.47449e+11	2.58407e+10	2.11002e+11	8.45493e+10
7.03e+07	-306226	855671	-8.41963e+10	-6.71067e+10	1.47936e+11	2.29028e+10	2.11879e+11	8.22995e+10
7.04e+07	-302529	858444	-8.63451e+10	-6.43274e+10	1.48365e+11	1.99559e+10	2.12732e+11	8.00405e+10
7.05e+07	-298873	861076	-8.84021e+10	-6.14797e+10	1.48735e+11	1.70011e+10	2.13561e+11	7.77723e+10
7.06e+07	-295262	863572	-9.03651e+10	-5.85666e+10	1.49046e+11	1.40396e+10	2.14366e+11	7.54954e+10
7.07e+07	-291702	865934	-9.22321e+10	-5.55912e+10	1.49298e+11	1.10725e+10	2.15147e+11	7.321e+10
7.08e+07	-288196	868168	-9.4001e+10	-5.25568e+10	1.49491e+11	8.10102e+09	2.15903e+11	7.09163e+10
7.09e+07	-284749	870277	-9.56701e+10	-4.94665e+10	1.49625e+11	5.12635e+09	2.16635e+11	6.86145e+10
7.1e+07	-281366	872266	-9.72375e+10	-4.63237e+10	1.497e+11	2.14965e+09	2.17343e+11	6.6305e+10
7.11e+07	-278049	874140	-9.87016e+10	-4.31317e+10	1.49716e+11	-8.27896e+08	2.18025e+11	6.3988e+10
7.12e+07	-274803	875903	-1.00061e+11	-3.98938e+10	1.49672e+11	-3.80512e+09	2.18684e+11	6.16637e+10
7.13e+07	-271632	877560	-1.01314e+11	-3.66136e+10	1.49569e+11	-6.78083e+09	2.19317e+11	5.93325e+10
7.14e+07	-268538	879116	-1.02459e+11	-3.32945e+10	1.49407e+11	-9.75387e+09	2.19926e+11	5.69946e+10
7.15e+07	-265525	880576	-1.03496e+11	-2.99401e+10	1.49186e+11	-1.2723e+10	2.20509e+11	5.46502e+10
7.16e+07	-262595	881945	-1.04423e+11	-2.65539e+10	1.48906e+11	-1.56872e+10	2.21068e+11	5.22996e+10
7.17e+07	-259752	883228	-1.05239e+11	-2.31395e+10	1.48567e+11	-1.86451e+10	2.21602e+11	4.99431e+10
7.18e+07	-256998	884431	-1.05943e+11	-1.97006e+10	1.48169e+11	-2.15957e+10	2.2211e+11	4.75809e+10
7.19e+07	-254334	885559	-1.06535e+11	-1.62407e+10	1.47713e+11	-2.45377e+10	2.22594e+11	4.52134e+10
7.2e+07	-251764	886618	-1.07014e+11	-1.27637e+10	1.47198e+11	-2.747e+10	2.23052e+11	4.28407e+10
7.21e+07	-249288	887612	-1.0738e+11	-9.27305e+09	1.46625e+11	-3.03915e+10	2.23485e+11	4.04632e+10
7.22e+07	-246909	888548	-1.07632e+11	-5.77262e+09	1.45994e+11	-3.3301e+10	2.23893e+11	3.80811e+10
7.23e+07	-244628	889430	-1.07769e+11	-2.26607e+09	1.45306e+11	-3.61972e+10	2.24275e+11	3.56946e+10
7.24e+07	-242445	890265	-1.07793e+11	1.24288e+09	1.4456e+11	-3.90792e+10	2.24632e+11	3.33042e+10
7.25e+07	-240362	891058	-1.07702e+11	4.75052e+09	1.43756e+11	-4.19457e+10	2.24963e+11	3.09099e+10
7.26e+07	-238379	891814	-1.07497e+11	8.25313e+09	1.42896e+11	-4.47957e+10	2.25269e+11	2.85122e+10
7.27e+07	-236498	892540	-1.07178e+11	1.1747e+10	1.4198e+11	-4.76279e+10	2.2555e+11	2.61112e+10
7.28e+07	-234717	893241	-1.06746e+11	1.52284e+10	1.41007e+11	-5.04414e+10	2.25804e+11	2.37072e+10
7.29e+07	-233037	893922	-1.06201e+11	1.86937e+10	1.39979e+11	-5.32348e+10	2.26034e+11	2.13006e+10
7.3e+07	-231458	894589	-1.05543e+11	2.21392e+10	1.38895e+11	-5.60073e+10	2.26237e+11	1.88915e+10
7.31e+07	-229980	895248	-1.04774e+11	2.55613e+10	1.37757e+11	-5.87576e+10	2.26415e+11	1.64803e+10
7.32e+07	-228601	895904	-1.03893e+11	2.89564e+10	1.36564e+11	-6.14847e+10	2.26567e+11	1.40673e+10
7.33e+07	-227320	896562	-1.02903e+11	3.23208e+10	1.35317e+11	-6.41875e+10	2.26694e+11	1.16526e+10
7.34e+07	-226137	897229	-1.01804e+11	3.5651e+10	1.34016e+11	-6.68649e+10	2.26794e+11	9.23662e+09
7.35e+07	-225051	897908	-1.00597e+11	3.89435e+10	1.32663e+11	-6.95159e+10	2.26869e+11	6.81959e+09
7.36e+07	-224059	898606	-9.92842e+10	4.21948e+10	1.31257e+11	-7.21395e+10	2.26919e+11	4.40178e+09
7.37e+07	-223160	899328	-9.78661e+10	4.54015e+10	1.298e+11	-7.47345e+10	2.26942e+11	1.98347e+09
7.38e+07	-222352	900079	-9.63446e+10	4.85603e+10	1.28291e+11	-7.73e+10	2.2694e+11	-4.35059e+08
7.39e+07	-221632	900864	-9.47212e+10	5.16677e+10	1.26731e+11	-7.9835e+10	2.26912e+11	-2.85354e+09
7.4e+07	-220999	901687	-9.29978e+10	5.47205e+10	1.25121e+11	-8.23384e+10	2.26858e+11	-5.2717e+09
7.41e+07	-220450	902554	-9.11761e+10	5.77155e+10	1.23462e+11	-8.48094e+10	2.26778e+11	-7.68926e+09
7.42e+07	-219981	903469	-8.92581e+10	6.06495e+10	1.21755e+11	-8.72468e+10	2.26673e+11	-1.01059e+10
7.43e+07	-219591	904438	-8.72458e+10	6.35194e+10	1.19999e+11	-8.96497e+10	2.26542e+11	-1.25215e+10
7.44e+07	-219276	905463	-8.51413e+10	6.63223e+10	1.18195e+11	-9.20173e+10	2.26385e+11	-1.49356e+10
7.45e+07	-219032	906551	-8.2947e+10	6.90552e+10	1.16345e+11	-9.43485e+10	2.26202e+11	-1.7348e+10
7.46e+07	-218856	907704	-8.06651e+10	7.17151e+10	1.14449e+11	-9.66424e+10	2.25994e+11	-1.97585e+10
7.47e+07	-218744	908927	-7.8298e+10	7.42994e+10	1.12508e+11	-9.88982e+10	2.2576e+11	-2.21667e+10
7.48e+07	-218693	910224	-7.58483e+10	7.68052e+10	1.10523e+11	-1.01115e+11	2.255e+11	-2.45723e+10
7.49e+07	-218699	911599	-7.33185e+10	7.92299e+10	1.08493e+11	-1.03292e+11	2.25215e+11	-2.69752e+10
7.5e+07	-218757	913054	-7.07114e+10	8.15711e+10	1.06421e+11	-1.05428e+11	2.24904e+11	-2.9375e+10
7.51e+07	-218864	914594	-6.80297e+10	8.38262e+10	1.04307e+11	-1.07522e+11	2.24567e+11	-3.17715e+10
7.52e+07	-219014	916222	-6.52762e+10	8.59929e+10	1.02152e+11	-1.09574e+11	2.24205e+11	-3.41644e+10
7.53e+07	-219203	917941	-6.24538e+10	8.80688e+10	9.99562e+10	-1.11583e+11	2.23817e+11	-3.65533e+10
7.54e+07	-219427	919753	-5.95656e+10	9.00519e+10	9.77211e+10	-1.13547e+11	2.23404e+11	-3.89382e+10
7.55e+07	-219680	921662	-5.66146e+10	9.194e+10	9.54474e+10	-1.15467e+11	2.22966e+11	-4.13185e+10
7.56e+07	-219958	923670	-5.36038e+10	9.37312e+10	9.3136e+10	-1.17341e+11	2.22502e+11	-4.36942e+10
7.57e+07	-220256	925778	-5.05366e+10	9.54235e+10	9.07879e+10	-1.19169e+11	2.22012e+11	-4.60649e+10
7.58e+07	-220569	927990	-4.7416e+10	9.70152e+10	8.84039e+10	-1.2095e+11	2.21498e+11	-4.84304e+10
7.59e+07	-220891	930307	-4.42455e+10	9.85047e+10	8.59851e+10	-1.22683e+11	2.20958e+11	-5.07903e+10
7.6e+07	-221217	932731	-4.10283e+10	9.98903e+10	8.35323e+10	-1.24368e+11	2.20393e+11	-5.31444e+10
7.61e+07	-221542	935263	-3.77679e+10	1.01171e+11	8.10465e+10	-1.26003e+11	2.19803e+11	-5.54925e+10
7.62e+07	-221860	937905	-3.44677e+10	1.02344e+11	7.85287e+10	-1.27589e+11	2.19188e+11	-5.78343e+10
7.63e+07	-222166	940658	-3.11312e+10	1.0341e+11	7.59799e+10	-1.29124e+11	2.18548e+11	-6.01695e+10
7.64e+07	-222455	943521	-2.77618e+10	1.04367e+11	7.34012e+10	-1.30609e+11	2.17883e+11	-6.24978e+10
7.65e+07	-222720	946497	-2.43632e+10	1.05214e+11	7.07934e+10	-1.32042e+11	2.17193e+11	-6.4819e+10
7.66e+07	-222955	949585	-2.09389e+10	1.0595e+11	6.81578e+10	-1.33422e+11	2.16479e+11	-6.71329e+10
7.67e+07	-223157	952786	-1.74926e+10	1.06574e+11	6.54952e+10	-1.34751e+11	2.15739e+11	-6.9439e+10
7.68e+07	-223317	956100	-1.40278e+10	1.07086e+11	6.28067e+10	-1.36026e+11	2.14976e+11	-7.17373e+10
7.69e+07	-223432	959525	-1.05482e+10	1.07485e+11	6.00935e+10	-1.37247e+11	2.14187e+11	-7.40273e+10
7.7e+07	-223495	963063	-7.05754e+09	1.07771e+11	5.73566e+10	-1.38414e+11	2.13374e+11	-7.63089e+10
7.71e+07	-223500	966711	-3.55943e+09	1.07944e+11	5.4597e+10	-1.39526e+11	2.12537e+11	-7.85818e+10
7.72e+07	-223442	970470	-5.75629e+07	1.08002e+11	5.18159e+10	-1.40584e+11	2.11676e+11	-8.08458e+10
7.73e+07	-223314	974337	3.44436e+09	1.07947e+11	4.90143e+10	-1.41586e+11	2.1079e+11	-8.31005e+10
7.74e+07	-223112	978313	6.94265e+09	1.07778e+11	4.61934e+10	-1.42532e+11	2.09881e+11	-8.53458e+10
7.75e+07	-222830	982393	1.04336e+10	1.07496e+11	4.33543e+10	-1.43421e+11	2.08947e+11	-8.75813e+10
7.76e+07	-222462	986578	1.39136e+10	1.071e+11	4.0498e+10	-1.44255e+11	2.0799e+11	-8.98068e+10
7.77e+07	-222002	990865	1.73789e+10	1.06592e+11	3.76258e+10	-1.45031e+11	2.07009e+11	-9.2022e+10
7.78e+07	-221446	995251	2.08259e+10	1.05971e+11	3.47387e+10	-1.4575e+11	2.06004e+11	-9.42267e+10
7.79e+07	-220787	999735	2.4251e+10	1.05238e+11	3.18379e+10	-1.46411e+11	2.04976e+11	-9.64207e+10
7.8e+07	-220020	1.00431e+06	2.76505e+10	1.04395e+11	2.89245e+10	-1.47015e+11	2.03924e+11	-9.86037e+10
7.81e+07	-219140	1.00898e+06	3.10209e+10	1.03442e+11	2.59998e+10	-1.47561e+11	2.02849e+11	-1.00775e+11
7.82e+07	-218142	1.01374e+06	3.43586e+10	1.02379e+11	2.30647e+10	-1.48048e+11	2.01751e+11	-1.02936e+11
7.83e+07	-217021	1.01858e+06	3.766e+10	1.01209e+11	2.01206e+10	-1.48478e+11	2.00629e+11	-1.05084e+11
7.84e+07	-215771	1.02351e+06	4.09218e+10	9.99317e+10	1.71685e+10	-1.48848e+11	1.99485e+11	-1.0722e+11
7.85e+07	-214388	1.02851e+06	4.41404e+10	9.85494e+10	1.42097e+10	-1.4916e+11	1.98318e+11	-1.09345e+11
7.86e+07	-212867	1.03358e+06	4.73125e+10	9.70631e+10	1.12452e+10	-1.49413e+11	1.97129e+11	-1.11456e+11
7.87e+07	-211203	1.03873e+06	5.04347e+10	9.54745e+10	8.27635e+09	-1.49607e+11	1.95917e+11	-1.13555e+11
7.88e+07	-209392	1.04393e+06	5.35037e+10	9.37852e+10	5.30419e+09	-1.49741e+11	1.94682e+11	-1.15641e+11
7.89e+07	-207430	1.0492e+06	5.65164e+10	9.19971e+10	2.32995e+09	-1.49817e+11	1.93425e+11	-1.17714e+11
7.9e+07	-205312	1.05453e+06	5.94694e+10	9.01119e+10	-6.45222e+08	-1.49834e+11	1.92146e+11	-1.19773e+11
7.91e+07	-203034	1.0599e+06	6.23597e+10	8.81317e+10	-3.62014e+09	-1.49792e+11	1.90846e+11	-1.21819e+11
7.92e+07	-200593	1.06532e+06	6.51842e+10	8.60585e+10	-6.59362e+09	-1.4969e+11	1.89523e+11	-1.2385e+11
7.93e+07	-197984	1.07078e+06	6.79399e+10	8.38945e+10	-9.5645e+09	-1.49529e+11	1.88178e+11	-1.25868e+11
7.94e+07	-195204	1.07628e+06	7.0624e+10	8.1642e+10	-1.25316e+10	-1.4931e+11	1.86812e+11	-1.27871e+11
7.95e+07	-192250	1.08181e+06	7.32335e+10	7.93034e+10	-1.54938e+10	-1.49031e+11	1.85425e+11	-1.29859e+11
7.96e+07	-189118	1.08735e+06	7.57658e+10	7.68811e+10	-1.84498e+10	-1.48694e+11	1.84017e+11	-1.31833e+11
7.97e+07	-185806	1.09292e+06	7.82181e+10	7.43776e+10	-2.13986e+10	-1.48298e+11	1.82587e+11	-1.33792e+11
7.98e+07	-182310	1.0985e+06	8.05878e+10	7.17957e+10	-2.43389e+10	-1.47843e+11	1.81137e+11	-1.35735e+11
7.99e+07	-178629	1.10408e+06	8.28725e+10	6.91379e+10	-2.72696e+10	-1.4733e+11	1.79665e+11	-1.37662e+11
8e+07	-174758	1.10966e+06	8.50696e+10	6.64072e+10	-3.01896e+10	-1.46759e+11	1.78174e+11	-1.39574e+11
8.01e+07	-170698	1.11524e+06	8.71769e+10	6.36063e+10	-3.30977e+10	-1.4613e+11	1.76661e+11	-1.4147e+11
8.02e+07	-166444	1.1208e+06	8.91922e+10	6.07382e+10	-3.59926e+10	-1.45444e+11	1.75129e+11	-1.4335e+11
8.03e+07	-161997	1.12634e+06	9.11132e+10	5.7806e+10	-3.88734e+10	-1.447e+11	1.73577e+11	-1.45213e+11
8.04e+07	-157353	1.13185e+06	9.29379e+10	5.48127e+10	-4.17389e+10	-1.43899e+11	1.72004e+11	-1.4706e+11
8.05e+07	-152512	1.13733e+06	9.46645e+10	5.17614e+10	-4.45878e+10	-1.43041e+11	1.70412e+11	-1.4889e+11
8.06e+07	-147473	1.14276e+06	9.6291e+10	4.86555e+10	-4.74192e+10	-1.42126e+11	1.68801e+11	-1.50702e+11
8.07e+07	-142235	1.14815e+06	9.78157e+10	4.54982e+10	-5.02319e+10	-1.41156e+11	1.6717e+11	-1.52498e+11
8.08e+07	-136797	1.15349e+06	9.9237e+10	4.22927e+10	-5.30247e+10	-1.4013e+11	1.6552e+11	-1.54276e+11
8.09e+07	-131160	1.15876e+06	1.00553e+11	3.90425e+10	-5.57966e+10	-1.39048e+11	1.63851e+11	-1.56036e+11
8.1e+07	-125322	1.16396e+06	1.01763e+11	3.57511e+10	-5.85465e+10	-1.37912e+11	1.62163e+11	-1.57779e+11
8.11e+07	-119284	1.16909e+06	1.02866e+11	3.24218e+10	-6.12733e+10	-1.36721e+11	1.60457e+11	-1.59503e+11
8.12e+07	-113046	1.17413e+06	1.03859e+11	2.90582e+10	-6.39759e+10	-1.35477e+11	1.58732e+11	-1.61209e+11
8.13e+07	-106610	1.17908e+06	1.04743e+11	2.56639e+10	-6.66532e+10	-1.34178e+11	1.56989e+11	-1.62897e+11
8.14e+07	-99975	1.18393e+06	1.05516e+11	2.22424e+10	-6.93042e+10	-1.32827e+11	1.55228e+11	-1.64566e+11
8.15e+07	-93143.6	1.18867e+06	1.06177e+11	1.87973e+10	-7.19279e+10	-1.31424e+11	1.53449e+11	-1.66216e+11
8.16e+07	-86116.7	1.19331e+06	1.06725e+11	1.53324e+10	-7.45232e+10	-1.29968e+11	1.51653e+11	-1.67847e+11
8.17e+07	-78895.9	1.19782e+06	1.07161e+11	1.18512e+10	-7.70891e+10	-1.28461e+11	1.49839e+11	-1.69459e+11
8.18e+07	-71483.3	1.2022e+06	1.07483e+11	8.35751e+09	-7.96245e+10	-1.26904e+11	1.48008e+11	-1.71051e+11
8.19e+07	-63881	1.20645e+06	1.07692e+11	4.85494e+09	-8.21285e+10	-1.25296e+11	1.4616e+11	-1.72624e+11
8.2e+07	-56091.5	1.21056e+06	1.07786e+11	1.34722e+09	-8.46001e+10	-1.23639e+11	1.44295e+11	-1.74177e+11
8.21e+07	-48117.4	1.21452e+06	1.07766e+11	-2.16192e+09	-8.70383e+10	-1.21933e+11	1.42414e+11	-1.7571e+11
8.22e+07	-39961.8	1.21832e+06	1.07631e+11	-5.66876e+09	-8.94421e+10	-1.20179e+11	1.40517e+11	-1.77222e+11
8.23e+07	-31627.7	1.22195e+06	1.07383e+11	-9.1696e+09	-9.18106e+10	-1.18378e+11	1.38603e+11	-1.78715e+11
8.24e+07	-23118.8	1.22542e+06	1.07021e+11	-1.26607e+10	-9.41429e+10	-1.1653e+11	1.36673e+11	-1.80187e+11
8.25e+07	-14438.8	1.22871e+06	1.06545e+11	-1.61384e+10	-9.6438e+10	-1.14636e+11	1.34728e+11	-1.81638e+11
8.26e+07	-5591.5	1.23181e+06	1.05956e+11	-1.9599e+10	-9.8695e+10	-1.12696e+11	1.32767e+11	-1.83068e+11
8.27e+07	3418.71	1.23473e+06	1.05255e+11	-2.30387e+10	-1.00913e+11	-1.10712e+11	1.30791e+11	-1.84478e+11
8.28e+07	12587.4	1.23744e+06	1.04442e+11	-2.64541e+10	-1.03091e+11	-1.08685e+11	1.288e+11	-1.85866e+11
8.29e+07	21909.8	1.23995e+06	1.03519e+11	-2.98413e+10	-1.05229e+11	-1.06614e+11	1.26795e+11	-1.87233e+11
8.3e+07	31381.1	1.24225e+06	1.02485e+11	-3.31969e+10	-1.07325e+11	-1.04501e+11	1.24774e+11	-1.88578e+11
8.31e+07	40995.9	1.24433e+06	1.01343e+11	-3.65172e+10	-1.09378e+11	-1.02347e+11	1.2274e+11	-1.89902e+11
8.32e+07	50748.9	1.24619e+06	1.00093e+11	-3.97987e+10	-1.11389e+11	-1.00153e+11	1.20691e+11	-1.91204e+11
8.33e+07	60634.4	1.24782e+06	9.87365e+10	-4.3038e+10	-1.13355e+11	-9.79191e+10	1.18628e+11	-1.92484e+11
8.34e+07	70646.5	1.24922e+06	9.72754e+10	-4.62316e+10	-1.15277e+11	-9.56465e+10	1.16552e+11	-1.93742e+11
8.35e+07	80779.1	1.25037e+06	9.57109e+10	-4.9376e+10	-1.17153e+11	-9.33362e+10	1.14462e+11	-1.94977e+11
8.36e+07	91025.8	1.25128e+06	9.40446e+10	-5.2468e+10	-1.18982e+11	-9.09889e+10	1.1236e+11	-1.96191e+11
8.37e+07	101380	1.25194e+06	9.22785e+10	-5.55042e+10	-1.20765e+11	-8.86058e+10	1.10244e+11	-1.97381e+11
8.38e+07	111835	1.25234e+06	9.04142e+10	-5.84814e+10	-1.225e+11	-8.61876e+10	1.08116e+11	-1.98549e+11
8.39e+07	122384	1.25248e+06	8.84538e+10	-6.13964e+10	-1.24187e+11	-8.37353e+10	1.05975e+11	-1.99695e+11
8.4e+07	133020	1.25235e+06	8.63994e+10	-6.42462e+10	-1.25825e+11	-8.125e+10	1.03822e+11	-2.00817e+11
8.41e+07	143735	1.25195e+06	8.42531e+10	-6.70276e+10	-1.27413e+11	-7.87326e+10	1.01657e+11	-2.01916e+11
8.42e+07	154523	1.25127e+06	8.20172e+10	-6.97377e+10	-1.2895e+11	-7.61841e+10	9.94805e+10	-2.02992e+11
8.43e+07	165374	1.25032e+06	7.9694e+10	-7.23737e+10	-1.30437e+11	-7.36055e+10	9.72926e+10	-2.04045e+11
8.44e+07	176282	1.24908e+06	7.72861e+10	-7.49326e+10	-1.31872e+11	-7.09978e+10	9.50934e+10	-2.05074e+11
8.45e+07	187237	1.24756e+06	7.47959e+10	-7.74118e+10	-1.33255e+11	-6.83621e+10	9.28833e+10	-2.0608e+11
8.46e+07	198234	1.24574e+06	7.22261e+10	-7.98087e+10	-1.34585e+11	-6.56993e+10	9.06626e+10	-2.07062e+11
8.47e+07	209261	1.24364e+06	6.95795e+10	-8.21206e+10	-1.35863e+11	-6.30106e+10	8.84314e+10	-2.0802e+11
8.48e+07	220312	1.24123e+06	6.68587e+10	-8.4345e+10	-1.37086e+11	-6.0297e+10	8.619e+10	-2.08954e+11
8.49e+07	231378	1.23853e+06	6.40668e+10	-8.64797e+10	-1.38255e+11	-5.75595e+10	8.39388e+10	-2.09864e+11
8.5e+07	242450	1.23552e+06	6.12067e+10	-8.85223e+10	-1.3937e+11	-5.47993e+10	8.16779e+10	-2.1075e+11
8.51e+07	253519	1.23221e+06	5.82815e+10	-9.04707e+10	-1.4043e+11	-5.20175e+10	7.94076e+10	-2.11612e+11
8.52e+07	264576	1.2286e+06	5.52941e+10	-9.23227e+10	-1.41434e+11	-4.92151e+10	7.71282e+10	-2.1245e+11
8.53e+07	275612	1.22468e+06	5.22479e+10	-9.40764e+10	-1.42382e+11	-4.63932e+10	7.48399e+10	-2.13263e+11
8.54e+07	286618	1.22045e+06	4.9146e+10	-9.57298e+10	-1.43274e+11	-4.3553e+10	7.2543e+10	-2.14051e+11
8.55e+07	297585	1.21592e+06	4.59918e+10	-9.72813e+10	-1.44109e+11	-4.06956e+10	7.02378e+10	-2.14815e+11
8.56e+07	308503	1.21107e+06	4.27886e+10	-9.87292e+10	-1.44887e+11	-3.78221e+10	6.79245e+10	-2.15555e+11
8.57e+07	319363	1.20591e+06	3.95398e+10	-1.00072e+11	-1.45608e+11	-3.49336e+10	6.56034e+10	-2.16269e+11
8.58e+07	330156	1.20044e+06	3.62488e+10	-1.01308e+11	-1.46272e+11	-3.20313e+10	6.32747e+10	-2.16959e+11
8.59e+07	340872	1.19466e+06	3.29193e+10	-1.02436e+11	-1.46878e+11	-2.91164e+10	6.09387e+10	-2.17624e+11
8.6e+07	351502	1.18858e+06	2.95546e+10	-1.03455e+11	-1.47425e+11	-2.61899e+10	5.85958e+10	-2.18263e+11
8.61e+07	362036	1.18218e+06	2.61585e+10	-1.04364e+11	-1.47914e+11	-2.32531e+10	5.62461e+10	-2.18878e+11
8.62e+07	372465	1.17547e+06	2.27345e+10	-1.05161e+11	-1.48345e+11	-2.03071e+10	5.389e+10	-2.19467e+11
8.63e+07	382779	1.16846e+06	1.92862e+10	-1.05847e+11	-1.48717e+11	-1.73531e+10	5.15276e+10	-2.20031e+11
8.64e+07	392968	1.16115e+06	1.58174e+10	-1.06419e+11	-1.49031e+11	-1.43922e+10	4.91593e+10	-2.2057e+11
8.65e+07	403024	1.15353e+06	1.23318e+10	-1.06878e+11	-1.49285e+11	-1.14256e+10	4.67854e+10	-2.21084e+11
8.66e+07	412936	1.14561e+06	8.833e+09	-1.07224e+11	-1.4948e+11	-8.45447e+09	4.44061e+10	-2.21572e+11
8.67e+07	422696	1.13739e+06	5.3248e+09	-1.07455e+11	-1.49616e+11	-5.48001e+09	4.20216e+10	-2.22034e+11
8.68e+07	432293	1.12888e+06	1.81092e+09	-1.07571e+11	-1.49693e+11	-2.50339e+09	3.96324e+10	-2.22471e+11
8.69e+07	441718	1.12008e+06	-1.7049e+09	-1.07573e+11	-1.49711e+11	4.74222e+08	3.72386e+10	-2.22883e+11
8.7e+07	450963	1.11099e+06	-5.21889e+09	-1.0746e+11	-1.4967e+11	3.45165e+09	3.48405e+10	-2.23268e+11
8.71e+07	460017	1.10161e+06	-8.72732e+09	-1.07233e+11	-1.49569e+11	6.42771e+09	3.24383e+10	-2.23628e+11
8.72e+07	468873	1.09195e+06	-1.22265e+10	-1.06891e+11	-1.49409e+11	9.40123e+09	3.00325e+10	-2.23963e+11
8.73e+07	477520	1.08202e+06	-1.57125e+10	-1.06435e+11	-1.4919e+11	1.2371e+10	2.76232e+10	-2.24271e+11
8.74e+07	485950	1.07182e+06	-1.91819e+10	-1.05866e+11	-1.48912e+11	1.53359e+10	2.52107e+10	-2.24554e+11
8.75e+07	494153	1.06135e+06	-2.26308e+10	-1.05184e+11	-1.48576e+11	1.82948e+10	2.27953e+10	-2.24811e+11
8.76e+07	502123	1.05061e+06	-2.60556e+10	-1.0439e+11	-1.4818e+11	2.12464e+10	2.03773e+10	-2.25042e+11
8.77e+07	509848	1.03963e+06	-2.94526e+10	-1.03485e+11	-1.47726e+11	2.41896e+10	1.7957e+10	-2.25247e+11
8.78e+07	517323	1.02839e+06	-3.28183e+10	-1.0247e+11	-1.47213e+11	2.71232e+10	1.55346e+10	-2.25427e+11
8.79e+07	524537	1.01691e+06	-3.61489e+10	-1.01345e+11	-1.46642e+11	3.00461e+10	1.31104e+10	-2.2558e+11
8.8e+07	531483	1.0052e+06	-3.94411e+10	-1.00112e+11	-1.46013e+11	3.29571e+10	1.06847e+10	-2.25707e+11
8.81e+07	538154	993253	-4.26912e+10	-9.87731e+10	-1.45326e+11	3.5855e+10	8.25775e+09	-2.25809e+11
8.82e+07	544540	981084	-4.58959e+10	-9.73285e+10	-1.44582e+11	3.87388e+10	5.82987e+09	-2.25884e+11
8.83e+07	550636	968699	-4.90516e+10	-9.57803e+10	-1.4378e+11	4.16072e+10	3.40131e+09	-2.25934e+11
8.84e+07	556433	956105	-5.21551e+10	-9.413e+10	-1.42921e+11	4.44592e+10	9.72364e+08	-2.25957e+11
8.85e+07	561924	943311	-5.52031e+10	-9.23795e+10	-1.42006e+11	4.72935e+10	-1.4567e+09	-2.25954e+11
8.86e+07	567102	930324	-5.81923e+10	-9.05306e+10	-1.41035e+11	5.01091e+10	-3.88559e+09	-2.25926e+11
8.87e+07	571961	917152	-6.11195e+10	-8.85853e+10	-1.40008e+11	5.29049e+10	-6.31403e+09	-2.25871e+11
8.88e+07	576494	903803	-6.39816e+10	-8.65457e+10	-1.38925e+11	5.56798e+10	-8.74175e+09	-2.25791e+11
8.89e+07	580695	890287	-6.67756e+10	-8.4414e+10	-1.37788e+11	5.84326e+10	-1.11685e+10	-2.25684e+11
8.9e+07	584558	876613	-6.94986e+10	-8.21924e+10	-1.36596e+11	6.11623e+10	-1.35939e+10	-2.25552e+11
8.91e+07	588076	862789	-7.21475e+10	-7.98833e+10	-1.35349e+11	6.38677e+10	-1.60178e+10	-2.25393e+11
8.92e+07	591246	848824	-7.47197e+10	-7.74892e+10	-1.3405e+11	6.65479e+10	-1.84398e+10	-2.25209e+11
8.93e+07	594061	834728	-7.72124e+10	-7.50126e+10	-1.32697e+11	6.92017e+10	-2.08597e+10	-2.24999e+11
8.94e+07	596516	820511	-7.96229e+10	-7.24562e+10	-1.31291e+11	7.18281e+10	-2.32772e+10	-2.24763e+11
8.95e+07	598607	806182	-8.19487e+10	-6.98228e+10	-1.29834e+11	7.44261e+10	-2.5692e+10	-2.24501e+11
8.96e+07	600329	791752	-8.41874e+10	-6.7115e+10	-1.28325e+11	7.69946e+10	-2.81039e+10	-2.24213e+11
8.97e+07	601679	777231	-8.63365e+10	-6.43359e+10	-1.26765e+11	7.95325e+10	-3.05125e+10	-2.23899e+11
8.98e+07	602652	762628	-8.83938e+10	-6.14884e+10	-1.25155e+11	8.2039e+10	-3.29176e+10	-2.2356e+11
8.99e+07	603245	747955	-9.03571e+10	-5.85755e+10	-1.23496e+11	8.4513e+10	-3.5319e+10	-2.23194e+11
9e+07	603455	733222	-9.22244e+10	-5.56004e+10	-1.21787e+11	8.69535e+10	-3.77162e+10	-2.22804e+11
9.01e+07	603278	718439	-9.39937e+10	-5.25661e+10	-1.20031e+11	8.93596e+10	-4.01092e+10	-2.22387e+11
9.02e+07	602714	703618	-9.5663e+10	-4.9476e+10	-1.18227e+11	9.17303e+10	-4.24975e+10	-2.21945e+11
9.03e+07	601758	688769	-9.72308e+10	-4.63333e+10	-1.16376e+11	9.40646e+10	-4.48809e+10	-2.21478e+11
9.04e+07	600409	673903	-9.86952e+10	-4.31414e+10	-1.14478e+11	9.63617e+10	-4.72592e+10	-2.20985e+11
9.05e+07	598666	659031	-1.00055e+11	-3.99037e+10	-1.12536e+11	9.86206e+10	-4.9632e+10	-2.20466e+11
9.06e+07	596527	644165	-1.01308e+11	-3.66236e+10	-1.10549e+11	1.0084e+11	-5.19991e+10	-2.19922e+11
9.07e+07	593992	629316	-1.02454e+11	-3.33046e+10	-1.08518e+11	1.0302e+11	-5.43603e+10	-2.19353e+11
9.08e+07	591059	614495	-1.03491e+11	-2.99503e+10	-1.06444e+11	1.05159e+11	-5.67152e+10	-2.18759e+11
9.09e+07	587729	599713	-1.04418e+11	-2.65641e+10	-1.04328e+11	1.07257e+11	-5.90635e+10	-2.18139e+11
9.1e+07	584001	584981	-1.05235e+11	-2.31498e+10	-1.02171e+11	1.09312e+11	-6.14051e+10	-2.17495e+11
9.11e+07	579876	570311	-1.05939e+11	-1.97109e+10	-9.99728e+10	1.11323e+11	-6.37396e+10	-2.16825e+11
9.12e+07	575355	555715	-1.06532e+11	-1.62511e+10	-9.77353e+10	1.13291e+11	-6.60668e+10	-2.16131e+11
9.13e+07	570439	541203	-1.07011e+11	-1.27741e+10	-9.54591e+10	1.15213e+11	-6.83864e+10	-2.15411e+11
9.14e+07	565129	526787	-1.07377e+11	-9.28352e+09	-9.31451e+10	1.1709e+11	-7.06981e+10	-2.14667e+11
9.15e+07	559427	512479	-1.07629e+11	-5.7831e+09	-9.07941e+10	1.1892e+11	-7.30017e+10	-2.13898e+11
9.16e+07	553335	498289	-1.07767e+11	-2.27654e+09	-8.84071e+10	1.20704e+11	-7.52969e+10	-2.13105e+11
9.17e+07	546856	484229	-1.07791e+11	1.23242e+09	-8.59851e+10	1.22439e+11	-7.75834e+10	-2.12287e+11
9.18e+07	539992	470310	-1.077e+11	4.74009e+09	-8.35291e+10	1.24126e+11	-7.98611e+10	-2.11445e+11
9.19e+07	532746	456544	-1.07496e+11	8.24273e+09	-8.10399e+10	1.25764e+11	-8.21295e+10	-2.10578e+11
9.2e+07	525122	442940	-1.07177e+11	1.17366e+10	-7.85186e+10	1.27352e+11	-8.43885e+10	-2.09687e+11
9.21e+07	517124	429511	-1.06745e+11	1.52181e+10	-7.59661e+10	1.28889e+11	-8.66378e+10	-2.08772e+11
9.22e+07	508756	416267	-1.062e+11	1.86835e+10	-7.33836e+10	1.30376e+11	-8.88771e+10	-2.07833e+11
9.23e+07	500022	403219	-1.05543e+11	2.21291e+10	-7.0772e+10	1.31811e+11	-9.11063e+10	-2.06871e+11
9.24e+07	490927	390377	-1.04774e+11	2.55513e+10	-6.81323e+10	1.33193e+11	-9.33249e+10	-2.05884e+11
9.25e+07	481477	377752	-1.03894e+11	2.89464e+10	-6.54656e+10	1.34523e+11	-9.55328e+10	-2.04874e+11
9.26e+07	471676	365355	-1.02904e+11	3.23109e+10	-6.27729e+10	1.35799e+11	-9.77298e+10	-2.0384e+11
9.27e+07	461530	353196	-1.01805e+11	3.56412e+10	-6.00554e+10	1.37021e+11	-9.99155e+10	-2.02783e+11
9.28e+07	451045	341284	-1.00599e+11	3.89339e+10	-5.73141e+10	1.3819e+11	-1.0209e+11	-2.01702e+11
9.29e+07	440228	329631	-9.92859e+10	4.21853e+10	-5.455e+10	1.39303e+11	-1.04252e+11	-2.00598e+11
9.3e+07	429086	318245	-9.78681e+10	4.53922e+10	-5.17643e+10	1.40361e+11	-1.06403e+11	-1.99472e+11
9.31e+07	417625	307136	-9.63468e+10	4.85511e+10	-4.89581e+10	1.41364e+11	-1.08541e+11	-1.98322e+11
9.32e+07	405852	296313	-9.47237e+10	5.16586e+10	-4.61325e+10	1.4231e+11	-1.10667e+11	-1.97149e+11
9.33e+07	393776	285786	-9.30005e+10	5.47116e+10	-4.32886e+10	1.432e+11	-1.1278e+11	-1.95954e+11
9.34e+07	381403	275564	-9.11791e+10	5.77067e+10	-4.04275e+10	1.44033e+11	-1.1488e+11	-1.94737e+11
9.35e+07	368742	265656	-8.92613e+10	6.06409e+10	-3.75504e+10	1.44809e+11	-1.16967e+11	-1.93497e+11
9.36e+07	355801	256069	-8.72492e+10	6.35111e+10	-3.46584e+10	1.45528e+11	-1.19041e+11	-1.92235e+11
9.37e+07	342590	246813	-8.5145e+10	6.63142e+10	-3.17527e+10	1.46189e+11	-1.21101e+11	-1.9095e+11
9.38e+07	329116	237895	-8.29509e+10	6.90472e+10	-2.88344e+10	1.46792e+11	-1.23147e+11	-1.89644e+11
9.39e+07	315389	229323	-8.06691e+10	7.17073e+10	-2.59046e+10	1.47337e+11	-1.25178e+11	-1.88316e+11
9.4e+07	301418	221105	-7.83023e+10	7.42918e+10	-2.29646e+10	1.47824e+11	-1.27196e+11	-1.86966e+11
9.41e+07	287213	213248	-7.58527e+10	7.67978e+10	-2.00155e+10	1.48251e+11	-1.29199e+11	-1.85595e+11
9.42e+07	272783	205758	-7.33232e+10	7.92228e+10	-1.70584e+10	1.4862e+11	-1.31187e+11	-1.84203e+11
9.43e+07	258139	198644	-7.07162e+10	8.15642e+10	-1.40946e+10	1.48931e+11	-1.3316e+11	-1.8279e+11
9.44e+07	243290	191910	-6.80347e+10	8.38195e+10	-1.11252e+10	1.49182e+11	-1.35117e+11	-1.81355e+11
9.45e+07	228248	185564	-6.52813e+10	8.59864e+10	-8.15134e+09	1.49374e+11	-1.3706e+11	-1.799e+11
9.46e+07	213022	179611	-6.24591e+10	8.80626e+10	-5.17428e+09	1.49506e+11	-1.38986e+11	-1.78424e+11
9.47e+07	197624	174057	-5.9571e+10	9.00459e+10	-2.19517e+09	1.4958e+11	-1.40897e+11	-1.76927e+11
9.48e+07	182065	168907	-5.66201e+10	9.19343e+10	7.84807e+08	1.49594e+11	-1.42791e+11	-1.75411e+11
9.49e+07	166355	164165	-5.36095e+10	9.37257e+10	3.76448e+09	1.49549e+11	-1.44669e+11	-1.73874e+11
9.5e+07	150505	159837	-5.05424e+10	9.54182e+10	6.74265e+09	1.49444e+11	-1.4653e+11	-1.72317e+11
9.51e+07	134529	155927	-4.74219e+10	9.70102e+10	9.71816e+09	1.4928e+11	-1.48375e+11	-1.70741e+11
9.52e+07	118435	152439	-4.42515e+10	9.84999e+10	1.26898e+10	1.49057e+11	-1.50202e+11	-1.69144e+11
9.53e+07	102238	149375	-4.10344e+10	9.98857e+10	1.56564e+10	1.48775e+11	-1.52013e+11	-1.67529e+11
9.54e+07	85946.9	146741	-3.77741e+10	1.01166e+11	1.86168e+10	1.48434e+11	-1.53806e+11	-1.65894e+11
9.55e+07	69575.4	144537	-3.44739e+10	1.0234e+11	2.15699e+10	1.48034e+11	-1.55581e+11	-1.6424e+11
9.56e+07	53135	142768	-3.11374e+10	1.03406e+11	2.45143e+10	1.47576e+11	-1.57338e+11	-1.62568e+11
9.57e+07	36637.6	141436	-2.77681e+10	1.04363e+11	2.74491e+10	1.47059e+11	-1.59078e+11	-1.60877e+11
9.58e+07	20095.4	140541	-2.43696e+10	1.05211e+11	3.0373e+10	1.46483e+11	-1.60799e+11	-1.59167e+11
9.59e+07	3520.63	140087	-2.09453e+10	1.05947e+11	3.32848e+10	1.4585e+11	-1.62501e+11	-1.57439e+11
9.6e+07	-13074.5	140073	-1.7499e+10	1.06571e+11	3.61834e+10	1.45158e+11	-1.64186e+11	-1.55693e+11
9.61e+07	-29677.7	140501	-1.40342e+10	1.07084e+11	3.90677e+10	1.4441e+11	-1.65851e+11	-1.53929e+11
9.62e+07	-46276.8	141372	-1.05547e+10	1.07483e+11	4.19365e+10	1.43603e+11	-1.67497e+11	-1.52148e+11
9.63e+07	-62859.2	142685	-7.064e+09	1.07769e+11	4.47887e+10	1.4274e+11	-1.69124e+11	-1.50349e+11
9.64e+07	-79412.8	144440	-3.56588e+09	1.07942e+11	4.76231e+10	1.41821e+11	-1.70732e+11	-1.48533e+11
9.65e+07	-95925.2	146637	-6.4009e+07	1.08001e+11	5.04386e+10	1.40845e+11	-1.7232e+11	-1.467e+11
9.66e+07	-112384	149275	3.43793e+09	1.07946e+11	5.32341e+10	1.39813e+11	-1.73889e+11	-1.4485e+11
9.67e+07	-128777	152352	6.93626e+09	1.07777e+11	5.60086e+10	1.38726e+11	-1.75437e+11	-1.42983e+11
9.68e+07	-145092	155867	1.04273e+10	1.07495e+11	5.87608e+10	1.37584e+11	-1.76965e+11	-1.41101e+11
9.69e+07	-161317	159818	1.39073e+10	1.071e+11	6.14897e+10	1.36387e+11	-1.78474e+11	-1.39202e+11
9.7e+07	-177439	164201	1.73727e+10	1.06592e+11	6.41943e+10	1.35136e+11	-1.79961e+11	-1.37287e+11
9.71e+07	-193446	169016	2.08197e+10	1.05971e+11	6.68734e+10	1.33832e+11	-1.81428e+11	-1.35356e+11
9.72e+07	-209327	174258	2.42449e+10	1.05239e+11	6.9526e+10	1.32475e+11	-1.82875e+11	-1.3341e+11
9.73e+07	-225070	179924	2.76445e+10	1.04395e+11	7.2151e+10	1.31065e+11	-1.843e+11	-1.31448e+11
9.74e+07	-240662	186011	3.10149e+10	1.03442e+11	7.47474e+10	1.29603e+11	-1.85705e+11	-1.29472e+11
9.75e+07	-256092	192514	3.43527e+10	1.0238e+11	7.73142e+10	1.2809e+11	-1.87088e+11	-1.27481e+11
9.76e+07	-271348	199428	3.76542e+10	1.0121e+11	7.98504e+10	1.26526e+11	-1.88449e+11	-1.25475e+11
9.77e+07	-286419	206750	4.09161e+10	9.99331e+10	8.23549e+10	1.24912e+11	-1.89789e+11	-1.23455e+11
9.78e+07	-301293	214474	4.41348e+10	9.8551e+10	8.48268e+10	1.23248e+11	-1.91108e+11	-1.2142e+11
9.79e+07	-315960	222594	4.7307e+10	9.7065e+10	8.7265e+10	1.21536e+11	-1.92404e+11	-1.19372e+11
9.8e+07	-330407	231104	5.04294e+10	9.54766e+10	8.96687e+10	1.19775e+11	-1.93679e+11	-1.1731e+11
9.81e+07	-344626	239999	5.34985e+10	9.37875e+10	9.20368e+10	1.17967e+11	-1.94931e+11	-1.15235e+11
9.82e+07	-358603	249273	5.65113e+10	9.19996e+10	9.43685e+10	1.16112e+11	-1.96162e+11	-1.13146e+11
9.83e+07	-372330	258917	5.94645e+10	9.01146e+10	9.66627e+10	1.14211e+11	-1.97369e+11	-1.11045e+11
9.84e+07	-385796	268926	6.23549e+10	8.81347e+10	9.89187e+10	1.12265e+11	-1.98554e+11	-1.08931e+11
9.85e+07	-398990	279292	6.51796e+10	8.60617e+10	1.01135e+11	1.10274e+11	-1.99717e+11	-1.06804e+11
9.86e+07	-411903	290008	6.79355e+10	8.38979e+10	1.03312e+11	1.0824e+11	-2.00857e+11	-1.04666e+11
9.87e+07	-424525	301065	7.06197e+10	8.16457e+10	1.05448e+11	1.06163e+11	-2.01973e+11	-1.02515e+11
9.88e+07	-436847	312455	7.32295e+10	7.93073e+10	1.07542e+11	1.04044e+11	-2.03067e+11	-1.00353e+11
9.89e+07	-448859	324171	7.57619e+10	7.68852e+10	1.09593e+11	1.01883e+11	-2.04137e+11	-9.81786e+10
9.9e+07	-460552	336202	7.82144e+10	7.4382e+10	1.11601e+11	9.96824e+10	-2.05184e+11	-9.59936e+10
9.91e+07	-471919	348541	8.05844e+10	7.18002e+10	1.13565e+11	9.74421e+10	-2.06208e+11	-9.37975e+10
9.92e+07	-482949	361177	8.28692e+10	6.91426e+10	1.15484e+11	9.51631e+10	-2.07208e+11	-9.15908e+10
9.93e+07	-493636	374102	8.50666e+10	6.64121e+10	1.17356e+11	9.28465e+10	-2.08185e+11	-8.93735e+10
9.94e+07	-503971	387306	8.71741e+10	6.36114e+10	1.19183e+11	9.04931e+10	-2.09137e+11	-8.71461e+10
9.95e+07	-513947	400778	8.91896e+10	6.07435e+10	1.20962e+11	8.81038e+10	-2.10066e+11	-8.49088e+10
9.96e+07	-523556	414510	9.11109e+10	5.78115e+10	1.22694e+11	8.56796e+10	-2.10971e+11	-8.26617e+10
9.97e+07	-532791	428489	9.29359e+10	5.48184e+10	1.24376e+11	8.32215e+10	-2.11852e+11	-8.04052e+10
9.98e+07	-541646	442707	9.46627e+10	5.17674e+10	1.2601e+11	8.07304e+10	-2.12709e+11	-7.81396e+10
9.99e+07	-550114	457151	9.62894e+10	4.86617e+10	1.27593e+11	7.82074e+10	-2.13541e+11	-7.5865e+10
1e+08	-558189	471811	9.78144e+10	4.55045e+10	1.29126e+11	7.56534e+10	-2.14349e+11	-7.35818e+10
1.001e+08	-565865	486677	9.9236e+10	4.22992e+10	1.30608e+11	7.30694e+10	-2.15133e+11	-7.12902e+10
1.002e+08	-573137	501736	1.00553e+11	3.90492e+10	1.32039e+11	7.04565e+10	-2.15892e+11	-6.89904e+10
1.003e+08	-580000	516977	1.01763e+11	3.5758e+10	1.33416e+11	6.78157e+10	-2.16626e+11	-6.66828e+10
1.004e+08	-586449	532389	1.02866e+11	3.24289e+10	1.34742e+11	6.5148e+10	-2.17336e+11	-6.43676e+10
1.005e+08	-592479	547960	1.0386e+11	2.90654e+10	1.36013e+11	6.24545e+10	-2.18021e+11	-6.20451e+10
1.006e+08	-598086	563679	1.04743e+11	2.56713e+10	1.37231e+11	5.97363e+10	-2.18681e+11	-5.97154e+10
1.007e+08	-603268	579532	1.05517e+11	2.225e+10	1.38395e+11	5.69945e+10	-2.19316e+11	-5.7379e+10
1.008e+08	-608019	595509	1.06178e+11	1.88051e+10	1.39503e+11	5.42301e+10	-2.19926e+11	-5.5036e+10
1.009e+08	-612338	611597	1.06727e+11	1.53403e+10	1.40557e+11	5.14442e+10	-2.20511e+11	-5.26868e+10
1.01e+08	-616221	627784	1.07163e+11	1.18593e+10	1.41555e+11	4.8638e+10	-2.21071e+11	-5.03316e+10
1.011e+08	-619666	644058	1.07486e+11	8.36571e+09	1.42497e+11	4.58125e+10	-2.21606e+11	-4.79706e+10
1.012e+08	-622672	660406	1.07694e+11	4.86328e+09	1.43382e+11	4.29688e+10	-2.22116e+11	-4.56042e+10
1.013e+08	-625236	676816	1.07789e+11	1.35569e+09	1.44211e+11	4.01082e+10	-2.226e+11	-4.32325e+10
1.014e+08	-627357	693276	1.07769e+11	-2.15333e+09	1.44982e+11	3.72317e+10	-2.23059e+11	-4.0856e+10
1.015e+08	-629035	709773	1.07635e+11	-5.66007e+09	1.45697e+11	3.43404e+10	-2.23493e+11	-3.84748e+10
1.016e+08	-630268	726295	1.07388e+11	-9.1608e+09	1.46353e+11	3.14355e+10	-2.23901e+11	-3.60892e+10
1.017e+08	-631057	742828	1.07026e+11	-1.26518e+10	1.46952e+11	2.85183e+10	-2.24283e+11	-3.36995e+10
1.018e+08	-631402	759362	1.06551e+11	-1.61294e+10	1.47492e+11	2.55897e+10	-2.24641e+11	-3.1306e+10
1.019e+08	-631304	775883	1.05962e+11	-1.95899e+10	1.47974e+11	2.2651e+10	-2.24972e+11	-2.89089e+10
1.02e+08	-630763	792379	1.05262e+11	-2.30296e+10	1.48398e+11	1.97033e+10	-2.25278e+11	-2.65086e+10
1.021e+08	-629780	808838	1.04449e+11	-2.64449e+10	1.48763e+11	1.67479e+10	-2.25558e+11	-2.41052e+10
1.022e+08	-628358	825247	1.03526e+11	-2.98321e+10	1.49069e+11	1.37858e+10	-2.25813e+11	-2.16991e+10
1.023e+08	-626499	841594	1.02493e+11	-3.31877e+10	1.49316e+11	1.08182e+10	-2.26042e+11	-1.92905e+10
1.024e+08	-624203	857867	1.01351e+11	-3.6508e+10	1.49504e+11	7.84641e+09	-2.26246e+11	-1.68797e+10
1.025e+08	-621476	874054	1.00102e+11	-3.97896e+10	1.49632e+11	4.87149e+09	-2.26423e+11	-1.4467e+10
1.026e+08	-618318	890143	9.87458e+10	-4.30289e+10	1.49702e+11	1.89464e+09	-2.26575e+11	-1.20526e+10
1.027e+08	-614735	906122	9.72852e+10	-4.62225e+10	1.49712e+11	-1.08297e+09	-2.26701e+11	-9.63691e+09
1.028e+08	-610729	921979	9.57212e+10	-4.9367e+10	1.49664e+11	-4.06014e+09	-2.26802e+11	-7.2201e+09
1.029e+08	-606304	937702	9.40555e+10	-5.2459e+10	1.49556e+11	-7.03571e+09	-2.26876e+11	-4.80246e+09
1.03e+08	-601466	953281	9.22898e+10	-5.54953e+10	1.49388e+11	-1.00085e+10	-2.26925e+11	-2.38428e+09
1.031e+08	-596219	968703	9.04261e+10	-5.84726e+10	1.49162e+11	-1.29773e+10	-2.26948e+11	3.41671e+07
1.032e+08	-590568	983958	8.84663e+10	-6.13878e+10	1.48877e+11	-1.5941e+10	-2.26945e+11	2.45261e+09
1.033e+08	-584518	999035	8.64124e+10	-6.42377e+10	1.48533e+11	-1.88984e+10	-2.26917e+11	4.87078e+09
1.034e+08	-578075	1.01392e+06	8.42666e+10	-6.70193e+10	1.4813e+11	-2.18483e+10	-2.26863e+11	7.2884e+09
1.035e+08	-571245	1.02861e+06	8.20312e+10	-6.97296e+10	1.47668e+11	-2.47896e+10	-2.26783e+11	9.70519e+09
1.036e+08	-564035	1.04308e+06	7.97086e+10	-7.23658e+10	1.47149e+11	-2.77211e+10	-2.26677e+11	1.21209e+10
1.037e+08	-556451	1.05734e+06	7.73012e+10	-7.4925e+10	1.46571e+11	-3.06416e+10	-2.26546e+11	1.45352e+10
1.038e+08	-548500	1.07136e+06	7.48115e+10	-7.74044e+10	1.45935e+11	-3.355e+10	-2.26388e+11	1.69478e+10
1.039e+08	-540189	1.08515e+06	7.22423e+10	-7.98015e+10	1.45241e+11	-3.64451e+10	-2.26206e+11	1.93586e+10
1.04e+08	-531526	1.09868e+06	6.95961e+10	-8.21137e+10	1.4449e+11	-3.93259e+10	-2.25997e+11	2.17671e+10
1.041e+08	-522519	1.11196e+06	6.68759e+10	-8.43385e+10	1.43682e+11	-4.21911e+10	-2.25763e+11	2.41732e+10
1.042e+08	-513174	1.12496e+06	6.40845e+10	-8.64736e+10	1.42817e+11	-4.50396e+10	-2.25503e+11	2.65765e+10
1.043e+08	-503502	1.13769e+06	6.12249e+10	-8.85165e+10	1.41895e+11	-4.78703e+10	-2.25218e+11	2.89769e+10
1.044e+08	-493510	1.15013e+06	5.83002e+10	-9.04653e+10	1.40918e+11	-5.0682e+10	-2.24907e+11	3.13739e+10
1.045e+08	-483207	1.16227e+06	5.53133e+10	-9.23177e+10	1.39884e+11	-5.34738e+10	-2.24571e+11	3.37674e+10
1.046e+08	-472602	1.17412e+06	5.22675e+10	-9.40718e+10	1.38796e+11	-5.62444e+10	-2.24209e+11	3.6157e+10
1.047e+08	-461705	1.18565e+06	4.91661e+10	-9.57257e+10	1.37653e+11	-5.89928e+10	-2.23822e+11	3.85426e+10
1.048e+08	-450524	1.19687e+06	4.60123e+10	-9.72777e+10	1.36455e+11	-6.17179e+10	-2.23409e+11	4.09238e+10
1.049e+08	-439069	1.20775e+06	4.28096e+10	-9.8726e+10	1.35203e+11	-6.44186e+10	-2.22971e+11	4.33003e+10
1.05e+08	-427351	1.21831e+06	3.95612e+10	-1.00069e+11	1.33898e+11	-6.70938e+10	-2.22508e+11	4.5672e+10
1.051e+08	-415378	1.22853e+06	3.62706e+10	-1.01306e+11	1.3254e+11	-6.97425e+10	-2.2202e+11	4.80384e+10
1.052e+08	-403162	1.2384e+06	3.29414e+10	-1.02434e+11	1.3113e+11	-7.23637e+10	-2.21506e+11	5.03995e+10
1.053e+08	-390713	1.24793e+06	2.95772e+10	-1.03454e+11	1.29667e+11	-7.49562e+10	-2.20968e+11	5.27548e+10
1.054e+08	-378040	1.25709e+06	2.61814e+10	-1.04363e+11	1.28154e+11	-7.75192e+10	-2.20404e+11	5.51042e+10
1.055e+08	-365156	1.2659e+06	2.27577e+10	-1.05161e+11	1.2659e+11	-8.00515e+10	-2.19816e+11	5.74473e+10
1.056e+08	-352070	1.27433e+06	1.93098e+10	-1.05847e+11	1.24976e+11	-8.25522e+10	-2.19202e+11	5.97839e+10
1.057e+08	-338793	1.2824e+06	1.58413e+10	-1.06421e+11	1.23312e+11	-8.50203e+10	-2.18564e+11	6.21137e+10
1.058e+08	-325336	1.29008e+06	1.23559e+10	-1.0688e+11	1.216e+11	-8.74548e+10	-2.17901e+11	6.44365e+10
1.059e+08	-311711	1.29739e+06	8.8573e+09	-1.07226e+11	1.1984e+11	-8.98548e+10	-2.17213e+11	6.67521e+10
1.06e+08	-297929	1.30432e+06	5.3493e+09	-1.07458e+11	1.18033e+11	-9.22192e+10	-2.16501e+11	6.906e+10
1.061e+08	-284001	1.31086e+06	1.8356e+09	-1.07575e+11	1.16178e+11	-9.45473e+10	-2.15765e+11	7.13602e+10
1.062e+08	-269938	1.317e+06	-1.68005e+09	-1.07578e+11	1.14278e+11	-9.6838e+10	-2.15003e+11	7.36523e+10
1.063e+08	-255752	1.32276e+06	-5.19392e+09	-1.07466e+11	1.12333e+11	-9.90904e+10	-2.14218e+11	7.59361e+10
1.064e+08	-241453	1.32812e+06	-8.70225e+09	-1.07239e+11	1.10344e+11	-1.01304e+11	-2.13408e+11	7.82113e+10
1.065e+08	-227055	1.33308e+06	-1.22013e+10	-1.06898e+11	1.08311e+11	-1.03477e+11	-2.12575e+11	8.04776e+10
1.066e+08	-212567	1.33765e+06	-1.56874e+10	-1.06443e+11	1.06235e+11	-1.05609e+11	-2.11717e+11	8.27348e+10
1.067e+08	-198002	1.34181e+06	-1.91567e+10	-1.05875e+11	1.04117e+11	-1.077e+11	-2.10835e+11	8.49827e+10
1.068e+08	-183372	1.34557e+06	-2.26056e+10	-1.05194e+11	1.01958e+11	-1.09748e+11	-2.0993e+11	8.7221e+10
1.069e+08	-168686	1.34894e+06	-2.60304e+10	-1.044e+11	9.97587e+10	-1.11753e+11	-2.09e+11	8.94494e+10
1.07e+08	-153959	1.3519e+06	-2.94275e+10	-1.03496e+11	9.75201e+10	-1.13714e+11	-2.08048e+11	9.16678e+10
1.071e+08	-139199	1.35446e+06	-3.27933e+10	-1.02481e+11	9.5243e+10	-1.1563e+11	-2.07071e+11	9.38757e+10
1.072e+08	-124420	1.35662e+06	-3.61241e+10	-1.01357e+11	9.29283e+10	-1.175e+11	-2.06072e+11	9.60731e+10
1.073e+08	-109633	1.35838e+06	-3.94164e+10	-1.00125e+11	9.05769e+10	-1.19324e+11	-2.05049e+11	9.82596e+10
1.074e+08	-94847.8	1.35974e+06	-4.26667e+10	-9.87866e+10	8.81897e+10	-1.21101e+11	-2.04002e+11	1.00435e+11
1.075e+08	-80077.1	1.3607e+06	-4.58716e+10	-9.73428e+10	8.57677e+10	-1.22829e+11	-2.02933e+11	1.02599e+11
1.076e+08	-65331.6	1.36127e+06	-4.90276e+10	-9.57952e+10	8.33119e+10	-1.2451e+11	-2.01841e+11	1.04752e+11
1.077e+08	-50622.5	1.36144e+06	-5.21314e+10	-9.41457e+10	8.08231e+10	-1.26141e+11	-2.00726e+11	1.06892e+11
1.078e+08	-35960.7	1.36122e+06	-5.51797e+10	-9.23959e+10	7.83025e+10	-1.27722e+11	-1.99589e+11	1.09021e+11
1.079e+08	-21357.1	1.36062e+06	-5.81692e+10	-9.05477e+10	7.57509e+10	-1.29253e+11	-1.98428e+11	1.11137e+11
1.08e+08	-6822.43	1.35963e+06	-6.10968e+10	-8.8603e+10	7.31695e+10	-1.30733e+11	-1.97246e+11	1.13241e+11
1.081e+08	7632.61	1.35825e+06	-6.39593e+10	-8.65641e+10	7.05591e+10	-1.32162e+11	-1.96041e+11	1.15332e+11
1.082e+08	21997.6	1.3565e+06	-6.67538e+10	-8.4433e+10	6.79209e+10	-1.33538e+11	-1.94814e+11	1.1741e+11
1.083e+08	36262.1	1.35438e+06	-6.94771e+10	-8.2212e+10	6.52559e+10	-1.34861e+11	-1.93566e+11	1.19475e+11
1.084e+08	50416	1.35189e+06	-7.21266e+10	-7.99035e+10	6.25652e+10	-1.36132e+11	-1.92295e+11	1.21526e+11
1.085e+08	64449.2	1.34903e+06	-7.46993e+10	-7.75099e+10	5.98497e+10	-1.37348e+11	-1.91003e+11	1.23563e+11
1.086e+08	78352	1.34581e+06	-7.71925e+10	-7.50339e+10	5.71106e+10	-1.38511e+11	-1.89689e+11	1.25587e+11
1.087e+08	92114.6	1.34223e+06	-7.96035e+10	-7.24781e+10	5.4349e+10	-1.39618e+11	-1.88353e+11	1.27597e+11
1.088e+08	105728	1.33831e+06	-8.19299e+10	-6.98452e+10	5.15659e+10	-1.40671e+11	-1.86997e+11	1.29592e+11
1.089e+08	119182	1.33404e+06	-8.41692e+10	-6.71379e+10	4.87625e+10	-1.41668e+11	-1.85619e+11	1.31572e+11
1.09e+08	132468	1.32944e+06	-8.63189e+10	-6.43593e+10	4.59398e+10	-1.42609e+11	-1.84221e+11	1.33538e+11
1.091e+08	145577	1.3245e+06	-8.83768e+10	-6.15122e+10	4.3099e+10	-1.43494e+11	-1.82802e+11	1.35488e+11
1.092e+08	158501	1.31924e+06	-9.03408e+10	-5.85997e+10	4.02412e+10	-1.44322e+11	-1.81362e+11	1.37424e+11
1.093e+08	171231	1.31366e+06	-9.22087e+10	-5.5625e+10	3.73675e+10	-1.45093e+11	-1.79901e+11	1.39343e+11
1.094e+08	183759	1.30777e+06	-9.39787e+10	-5.25911e+10	3.44791e+10	-1.45807e+11	-1.78421e+11	1.41248e+11
1.095e+08	196077	1.30157e+06	-9.56487e+10	-4.95013e+10	3.1577e+10	-1.46463e+11	-1.7692e+11	1.43136e+11
1.096e+08	208177	1.29508e+06	-9.72172e+10	-4.63589e+10	2.86625e+10	-1.47062e+11	-1.754e+11	1.45008e+11
1.097e+08	220052	1.28829e+06	-9.86823e+10	-4.31673e+10	2.57367e+10	-1.47603e+11	-1.73859e+11	1.46864e+11
1.098e+08	231695	1.28123e+06	-1.00043e+11	-3.99298e+10	2.28007e+10	-1.48085e+11	-1.72299e+11	1.48703e+11
1.099e+08	243099	1.27389e+06	-1.01297e+11	-3.66499e+10	1.98558e+10	-1.48509e+11	-1.7072e+11	1.50525e+11
1.1e+08	254256	1.26629e+06	-1.02443e+11	-3.33311e+10	1.69029e+10	-1.48874e+11	-1.69122e+11	1.52331e+11
1.101e+08	265162	1.25843e+06	-1.03481e+11	-2.99769e+10	1.39435e+10	-1.49181e+11	-1.67504e+11	1.54119e+11
1.102e+08	275809	1.25031e+06	-1.04409e+11	-2.65909e+10	1.09785e+10	-1.49428e+11	-1.65868e+11	1.5589e+11
1.103e+08	286192	1.24196e+06	-1.05226e+11	-2.31767e+10	8.00916e+09	-1.49617e+11	-1.64212e+11	1.57644e+11
1.104e+08	296306	1.23338e+06	-1.05932e+11	-1.97378e+10	5.03668e+09	-1.49747e+11	-1.62539e+11	1.5938e+11
1.105e+08	306145	1.22457e+06	-1.06525e+11	-1.62781e+10	2.06222e+09	-1.49817e+11	-1.60847e+11	1.61098e+11
1.106e+08	315703	1.21555e+06	-1.07005e+11	-1.2801e+10	-9.13063e+08	-1.49829e+11	-1.59137e+11	1.62797e+11
1.107e+08	324978	1.20633e+06	-1.07371e+11	-9.31043e+09	-3.88798e+09	-1.49781e+11	-1.57409e+11	1.64479e+11
1.108e+08	333963	1.19691e+06	-1.07624e+11	-5.80995e+09	-6.86137e+09	-1.49674e+11	-1.55664e+11	1.66142e+11
1.109e+08	342655	1.1873e+06	-1.07763e+11	-2.3033e+09	-9.83204e+09	-1.49508e+11	-1.53901e+11	1.67786e+11
1.11e+08	351051	1.17752e+06	-1.07787e+11	1.20578e+09	-1.27988e+10	-1.49283e+11	-1.5212e+11	1.69411e+11
1.111e+08	359147	1.16757e+06	-1.07698e+11	4.7136e+09	-1.57606e+10	-1.49e+11	-1.50323e+11	1.71017e+11
1.112e+08	366939	1.15746e+06	-1.07494e+11	8.21641e+09	-1.87161e+10	-1.48657e+11	-1.48508e+11	1.72604e+11
1.113e+08	374425	1.1472e+06	-1.07176e+11	1.17105e+10	-2.16643e+10	-1.48256e+11	-1.46677e+11	1.74172e+11
1.114e+08	381602	1.1368e+06	-1.06745e+11	1.51922e+10	-2.46038e+10	-1.47796e+11	-1.44829e+11	1.7572e+11
1.115e+08	388469	1.12627e+06	-1.06201e+11	1.86579e+10	-2.75337e+10	-1.47278e+11	-1.42966e+11	1.77248e+11
1.116e+08	395022	1.11563e+06	-1.05544e+11	2.21037e+10	-3.04527e+10	-1.46702e+11	-1.41086e+11	1.78757e+11
1.117e+08	401261	1.10487e+06	-1.04775e+11	2.55262e+10	-3.33597e+10	-1.46067e+11	-1.3919e+11	1.80245e+11
1.118e+08	407184	1.09401e+06	-1.03896e+11	2.89217e+10	-3.62536e+10	-1.45376e+11	-1.37278e+11	1.81713e+11
1.119e+08	412790	1.08307e+06	-1.02907e+11	3.22865e+10	-3.91331e+10	-1.44627e+11	-1.35351e+11	1.83161e+11
1.12e+08	418078	1.07204e+06	-1.01809e+11	3.56172e+10	-4.19972e+10	-1.4382e+11	-1.33409e+11	1.84588e+11
1.121e+08	423049	1.06094e+06	-1.00603e+11	3.89103e+10	-4.48447e+10	-1.42957e+11	-1.31452e+11	1.85994e+11
1.122e+08	427701	1.04977e+06	-9.92904e+10	4.21621e+10	-4.76745e+10	-1.42038e+11	-1.2948e+11	1.87379e+11
1.123e+08	432034	1.03856e+06	-9.78731e+10	4.53694e+10	-5.04855e+10	-1.41063e+11	-1.27494e+11	1.88744e+11
1.124e+08	436051	1.0273e+06	-9.63524e+10	4.85288e+10	-5.32765e+10	-1.40031e+11	-1.25493e+11	1.90087e+11
1.125e+08	439750	1.01601e+06	-9.47298e+10	5.16368e+10	-5.60466e+10	-1.38945e+11	-1.23478e+11	1.91408e+11
1.126e+08	443133	1.00469e+06	-9.30071e+10	5.46902e+10	-5.87945e+10	-1.37804e+11	-1.2145e+11	1.92709e+11
1.127e+08	446202	993361	-9.11861e+10	5.76859e+10	-6.15192e+10	-1.36608e+11	-1.19407e+11	1.93987e+11
1.128e+08	448958	982024	-8.92687e+10	6.06206e+10	-6.42196e+10	-1.35359e+11	-1.17352e+11	1.95244e+11
1.129e+08	451403	970691	-8.7257e+10	6.34912e+10	-6.68947e+10	-1.34056e+11	-1.15283e+11	1.96479e+11
1.13e+08	453539	959370	-8.51532e+10	6.62948e+10	-6.95434e+10	-1.327e+11	-1.13201e+11	1.97692e+11
1.131e+08	455368	948070	-8.29594e+10	6.90284e+10	-7.21646e+10	-1.31291e+11	-1.11106e+11	1.98883e+11
1.132e+08	456894	936800	-8.06781e+10	7.16891e+10	-7.47573e+10	-1.29831e+11	-1.08999e+11	2.00051e+11
1.133e+08	458118	925569	-7.83115e+10	7.42741e+10	-7.73205e+10	-1.2832e+11	-1.0688e+11	2.01197e+11
1.134e+08	459045	914385	-7.58623e+10	7.67807e+10	-7.98532e+10	-1.26758e+11	-1.04749e+11	2.0232e+11
1.135e+08	459677	903256	-7.3333e+10	7.92063e+10	-8.23544e+10	-1.25146e+11	-1.02606e+11	2.03421e+11
1.136e+08	460018	892190	-7.07263e+10	8.15482e+10	-8.48231e+10	-1.23485e+11	-1.00451e+11	2.04498e+11
1.137e+08	460073	881196	-6.80449e+10	8.38041e+10	-8.72583e+10	-1.21774e+11	-9.82852e+10	2.05553e+11
1.138e+08	459845	870282	-6.52918e+10	8.59716e+10	-8.9659e+10	-1.20016e+11	-9.61083e+10	2.06585e+11
1.139e+08	459339	859454	-6.24698e+10	8.80483e+10	-9.20243e+10	-1.1821e+11	-9.39207e+10	2.07593e+11
1.14e+08	458559	848722	-5.95818e+10	9.00322e+10	-9.43533e+10	-1.16358e+11	-9.17225e+10	2.08579e+11
1.141e+08	457510	838091	-5.66311e+10	9.19212e+10	-9.6645e+10	-1.1446e+11	-8.9514e+10	2.0954e+11
1.142e+08	456197	827569	-5.36206e+10	9.37131e+10	-9.88986e+10	-1.12516e+11	-8.72954e+10	2.10479e+11
1.143e+08	454625	817164	-5.05535e+10	9.54063e+10	-1.01113e+11	-1.10528e+11	-8.50671e+10	2.11393e+11
1.144e+08	452800	806881	-4.74332e+10	9.69988e+10	-1.03288e+11	-1.08497e+11	-8.28292e+10	2.12284e+11
1.145e+08	450727	796727	-4.42628e+10	9.84891e+10	-1.05422e+11	-1.06422e+11	-8.05821e+10	2.13151e+11
1.146e+08	448412	786709	-4.10457e+10	9.98755e+10	-1.07514e+11	-1.04306e+11	-7.83258e+10	2.13995e+11
1.147e+08	445861	776833	-3.77854e+10	1.01157e+11	-1.09563e+11	-1.02148e+11	-7.60609e+10	2.14814e+11
1.148e+08	443080	767104	-3.44853e+10	1.02331e+11	-1.1157e+11	-9.99504e+10	-7.37873e+10	2.15609e+11
1.149e+08	440074	757529	-3.11488e+10	1.03398e+11	-1.13532e+11	-9.7713e+10	-7.15055e+10	2.1638e+11
1.15e+08	436852	748112	-2.77794e+10	1.04355e+11	-1.1545e+11	-9.5437e+10	-6.92157e+10	2.17127e+11
1.151e+08	433418	738859	-2.43808e+10	1.05203e+11	-1.17322e+11	-9.31232e+10	-6.69181e+10	2.17849e+11
1.152e+08	429780	729774	-2.09565e+10	1.0594e+11	-1.19147e+11	-9.07727e+10	-6.4613e+10	2.18547e+11
1.153e+08	425944	720863	-1.75101e+10	1.06565e+11	-1.20926e+11	-8.83864e+10	-6.23007e+10	2.1922e+11
1.154e+08	421917	712130	-1.40452e+10	1.07078e+11	-1.22657e+11	-8.59651e+10	-5.99814e+10	2.19869e+11
1.155e+08	417706	703579	-1.05656e+10	1.07478e+11	-1.24339e+11	-8.35099e+10	-5.76553e+10	2.20493e+11
1.156e+08	413319	695214	-7.07478e+09	1.07764e+11	-1.25972e+11	-8.10217e+10	-5.53228e+10	2.21093e+11
1.157e+08	408762	687039	-3.57653e+09	1.07937e+11	-1.27556e+11	-7.85015e+10	-5.29841e+10	2.21667e+11
1.158e+08	404042	679057	-7.451e+07	1.07997e+11	-1.29089e+11	-7.59502e+10	-5.06394e+10	2.22217e+11
1.159e+08	399168	671271	3.42759e+09	1.07942e+11	-1.30571e+11	-7.3369e+10	-4.82891e+10	2.22742e+11
1.16e+08	394145	663685	6.92607e+09	1.07774e+11	-1.32001e+11	-7.07588e+10	-4.59333e+10	2.23242e+11
1.161e+08	388982	656300	1.04173e+10	1.07492e+11	-1.3338e+11	-6.81206e+10	-4.35724e+10	2.23717e+11
1.162e+08	383686	649121	1.38975e+10	1.07097e+11	-1.34705e+11	-6.54555e+10	-4.12066e+10	2.24167e+11
1.163e+08	378265	642147	1.7363e+10	1.0659e+11	-1.35978e+11	-6.27645e+10	-3.88362e+10	2.24591e+11
1.164e+08	372726	635382	2.08103e+10	1.05969e+11	-1.37196e+11	-6.00487e+10	-3.64614e+10	2.24991e+11
1.165e+08	367076	628828	2.42356e+10	1.05237e+11	-1.38361e+11	-5.73092e+10	-3.40826e+10	2.25365e+11
1.166e+08	361324	622484	2.76354e+10	1.04395e+11	-1.39471e+11	-5.45471e+10	-3.16999e+10	2.25714e+11
1.167e+08	355476	616354	3.10061e+10	1.03442e+11	-1.40525e+11	-5.17634e+10	-2.93137e+10	2.26038e+11
1.168e+08	349540	610437	3.43441e+10	1.0238e+11	-1.41524e+11	-4.89592e+10	-2.69242e+10	2.26336e+11
1.169e+08	343524	604734	3.76459e+10	1.0121e+11	-1.42467e+11	-4.61357e+10	-2.45316e+10	2.26609e+11
1.17e+08	337435	599245	4.0908e+10	9.99337e+10	-1.43354e+11	-4.32939e+10	-2.21364e+10	2.26856e+11
1.171e+08	331280	593972	4.41269e+10	9.85518e+10	-1.44184e+11	-4.04351e+10	-1.97386e+10	2.27078e+11
1.172e+08	325068	588912	4.72994e+10	9.70661e+10	-1.44958e+11	-3.75602e+10	-1.73386e+10	2.27275e+11
1.173e+08	318805	584067	5.0422e+10	9.5478e+10	-1.45673e+11	-3.46705e+10	-1.49367e+10	2.27446e+11
1.174e+08	312498	579435	5.34914e+10	9.37893e+10	-1.46332e+11	-3.17671e+10	-1.25331e+10	2.27592e+11
1.175e+08	306156	575015	5.65044e+10	9.20016e+10	-1.46932e+11	-2.88511e+10	-1.01281e+10	2.27712e+11
1.176e+08	299784	570807	5.94578e+10	9.01169e+10	-1.47475e+11	-2.59238e+10	-7.72199e+09	2.27807e+11
1.177e+08	293391	566809	6.23485e+10	8.81372e+10	-1.47959e+11	-2.29861e+10	-5.31499e+09	2.27876e+11
1.178e+08	286983	563019	6.51734e+10	8.60645e+10	-1.48384e+11	-2.00394e+10	-2.90739e+09	2.2792e+11
1.179e+08	280566	559436	6.79296e+10	8.3901e+10	-1.48751e+11	-1.70848e+10	-4.99471e+08	2.27938e+11
1.18e+08	274149	556057	7.06141e+10	8.1649e+10	-1.49059e+11	-1.41234e+10	1.90851e+09	2.2793e+11
1.181e+08	267736	552881	7.32241e+10	7.93108e+10	-1.49308e+11	-1.11564e+10	4.31627e+09	2.27897e+11
1.182e+08	261336	549904	7.57568e+10	7.68889e+10	-1.49498e+11	-8.18502e+09	6.72355e+09	2.27838e+11
1.183e+08	254954	547125	7.82095e+10	7.43859e+10	-1.49629e+11	-5.21039e+09	9.13007e+09	2.27754e+11
1.184e+08	248597	544540	8.05797e+10	7.18043e+10	-1.49701e+11	-2.23369e+09	1.15356e+10	2.27645e+11
1.185e+08	242271	542145	8.28648e+10	6.9147e+10	-1.49713e+11	7.43881e+08	1.39398e+10	2.27509e+11
1.186e+08	235981	539939	8.50625e+10	6.64166e+10	-1.49666e+11	3.72116e+09	1.63424e+10	2.27349e+11
1.187e+08	229734	537916	8.71703e+10	6.36161e+10	-1.49561e+11	6.69697e+09	1.87432e+10	2.27163e+11
1.188e+08	223535	536074	8.9186e+10	6.07484e+10	-1.49395e+11	9.67013e+09	2.1142e+10	2.26951e+11
1.189e+08	217390	534409	9.11075e+10	5.78165e+10	-1.49171e+11	1.26395e+10	2.35383e+10	2.26714e+11
1.19e+08	211305	532917	9.29328e+10	5.48236e+10	-1.48888e+11	1.56038e+10	2.5932e+10	2.26451e+11
1.191e+08	205283	531593	9.46598e+10	5.17727e+10	-1.48546e+11	1.8562e+10	2.83228e+10	2.26163e+11
1.192e+08	199331	530433	9.62869e+10	4.86671e+10	-1.48145e+11	2.15128e+10	3.07104e+10	2.2585e+11
1.193e+08	193453	529432	9.78121e+10	4.551e+10	-1.47686e+11	2.44551e+10	3.30946e+10	2.25512e+11
1.194e+08	187654	528587	9.9234e+10	4.23049e+10	-1.47168e+11	2.73877e+10	3.54751e+10	2.25148e+11
1.195e+08	181938	527892	1.00551e+11	3.9055e+10	-1.46591e+11	3.03095e+10	3.78516e+10	2.24759e+11
1.196e+08	176310	527341	1.01761e+11	3.57638e+10	-1.45957e+11	3.32193e+10	4.02238e+10	2.24345e+11
1.197e+08	170773	526931	1.02864e+11	3.24348e+10	-1.45265e+11	3.6116e+10	4.25916e+10	2.23905e+11
1.198e+08	165331	526656	1.03859e+11	2.90715e+10	-1.44516e+11	3.89983e+10	4.49545e+10	2.23441e+11
1.199e+08	159988	526511	1.04743e+11	2.56774e+10	-1.43709e+11	4.18652e+10	4.73125e+10	2.22951e+11
1.2e+08	154747	526489	1.05516e+11	2.22562e+10	-1.42846e+11	4.47156e+10	4.96651e+10	2.22436e+11
1.201e+08	149611	526587	1.06178e+11	1.88113e+10	-1.41926e+11	4.75482e+10	5.20121e+10	2.21897e+11
1.202e+08	144583	526798	1.06727e+11	1.53466e+10	-1.40949e+11	5.03621e+10	5.43534e+10	2.21332e+11
1.203e+08	139667	527116	1.07163e+11	1.18657e+10	-1.39917e+11	5.3156e+10	5.66885e+10	2.20743e+11
1.204e+08	134864	527536	1.07486e+11	8.37211e+09	-1.3883e+11	5.59288e+10	5.90172e+10	2.20129e+11
1.205e+08	130176	528053	1.07695e+11	4.86971e+09	-1.37687e+11	5.86795e+10	6.13394e+10	2.19491e+11
1.206e+08	125606	528659	1.0779e+11	1.36214e+09	-1.3649e+11	6.1407e+10	6.36547e+10	2.18827e+11
1.207e+08	121156	529350	1.07771e+11	-2.14686e+09	-1.35239e+11	6.41101e+10	6.59628e+10	2.18139e+11
1.208e+08	116827	530120	1.07637e+11	-5.65359e+09	-1.33935e+11	6.67879e+10	6.82635e+10	2.17427e+11
1.209e+08	112620	530962	1.07389e+11	-9.15433e+09	-1.32577e+11	6.94393e+10	7.05566e+10	2.16691e+11
1.21e+08	108537	531871	1.07028e+11	-1.26454e+10	-1.31167e+11	7.20631e+10	7.28418e+10	2.1593e+11
1.211e+08	104578	532840	1.06553e+11	-1.6123e+10	-1.29705e+11	7.46584e+10	7.51188e+10	2.15144e+11
1.212e+08	100745	533865	1.05965e+11	-1.95835e+10	-1.28192e+11	7.72241e+10	7.73873e+10	2.14335e+11
1.213e+08	97036.2	534937	1.05265e+11	-2.30233e+10	-1.26628e+11	7.97593e+10	7.96472e+10	2.13502e+11
1.214e+08	93453.3	536053	1.04452e+11	-2.64386e+10	-1.25014e+11	8.22628e+10	8.18982e+10	2.12644e+11
1.215e+08	89996	537205	1.0353e+11	-2.98258e+10	-1.2335e+11	8.47338e+10	8.41399e+10	2.11763e+11
1.216e+08	86663.8	538389	1.02497e+11	-3.31814e+10	-1.21637e+11	8.71712e+10	8.63722e+10	2.10858e+11
1.217e+08	83456.4	539597	1.01355e+11	-3.65018e+10	-1.19876e+11	8.95741e+10	8.85949e+10	2.0993e+11
1.218e+08	80372.9	540825	1.00106e+11	-3.97835e+10	-1.18068e+11	9.19415e+10	9.08076e+10	2.08977e+11
1.219e+08	77412.3	542066	9.87503e+10	-4.30229e+10	-1.16213e+11	9.42725e+10	9.301e+10	2.08002e+11
1.22e+08	74573.5	543315	9.72899e+10	-4.62165e+10	-1.14312e+11	9.65662e+10	9.52021e+10	2.07003e+11
1.221e+08	71855	544567	9.57262e+10	-4.93611e+10	-1.12366e+11	9.88216e+10	9.73835e+10	2.05981e+11
1.222e+08	69255.3	545814	9.40607e+10	-5.24533e+10	-1.10375e+11	1.01038e+11	9.95539e+10	2.04935e+11
1.223e+08	66772.4	547054	9.22953e+10	-5.54897e+10	-1.0834e+11	1.03214e+11	1.01713e+11	2.03867e+11
1.224e+08	64404.3	548278	9.04319e+10	-5.84672e+10	-1.06262e+11	1.05349e+11	1.03861e+11	2.02776e+11
1.225e+08	62148.8	549484	8.84723e+10	-6.13825e+10	-1.04143e+11	1.07443e+11	1.05997e+11	2.01662e+11
1.226e+08	60003.3	550665	8.64186e+10	-6.42325e+10	-1.01982e+11	1.09494e+11	1.08122e+11	2.00525e+11
1.227e+08	57965.2	551816	8.42731e+10	-6.70143e+10	-9.97805e+10	1.11502e+11	1.10234e+11	1.99366e+11
1.228e+08	56031.7	552933	8.20379e+10	-6.97247e+10	-9.75396e+10	1.13465e+11	1.12333e+11	1.98185e+11
1.229e+08	54199.7	554010	7.97155e+10	-7.23611e+10	-9.52601e+10	1.15383e+11	1.14421e+11	1.96981e+11
1.23e+08	52466	555044	7.73083e+10	-7.49204e+10	-9.29428e+10	1.17256e+11	1.16495e+11	1.95755e+11
1.231e+08	50827.1	556029	7.48189e+10	-7.74001e+10	-9.05887e+10	1.19083e+11	1.18556e+11	1.94507e+11
1.232e+08	49279.5	556961	7.22498e+10	-7.97974e+10	-8.81987e+10	1.20862e+11	1.20604e+11	1.93238e+11
1.233e+08	47819.4	557836	6.96039e+10	-8.21098e+10	-8.57738e+10	1.22593e+11	1.22639e+11	1.91946e+11
1.234e+08	46442.9	558651	6.68839e+10	-8.43348e+10	-8.33148e+10	1.24275e+11	1.24659e+11	1.90633e+11
1.235e+08	45146	559400	6.40927e+10	-8.647e+10	-8.08229e+10	1.25909e+11	1.26666e+11	1.89299e+11
1.236e+08	43924.4	560081	6.12333e+10	-8.85132e+10	-7.82988e+10	1.27492e+11	1.28658e+11	1.87943e+11
1.237e+08	42773.8	560689	5.83087e+10	-9.04622e+10	-7.57438e+10	1.29025e+11	1.30636e+11	1.86567e+11
1.238e+08	41689.7	561223	5.5322e+10	-9.23149e+10	-7.31588e+10	1.30507e+11	1.32599e+11	1.85169e+11
1.239e+08	40667.5	561677	5.22764e+10	-9.40692e+10	-7.05447e+10	1.31937e+11	1.34548e+11	1.8375e+11
1.24e+08	39702.3	562051	4.91752e+10	-9.57234e+10	-6.79027e+10	1.33315e+11	1.36481e+11	1.82311e+11
1.241e+08	38789.5	562340	4.60216e+10	-9.72756e+10	-6.52337e+10	1.3464e+11	1.38399e+11	1.80852e+11
1.242e+08	37923.9	562542	4.28189e+10	-9.87243e+10	-6.25389e+10	1.35911e+11	1.40301e+11	1.79372e+11
1.243e+08	37100.6	562655	3.95706e+10	-1.00068e+11	-5.98194e+10	1.37129e+11	1.42188e+11	1.77871e+11
1.244e+08	36314.3	562677	3.62802e+10	-1.01305e+11	-5.70761e+10	1.38292e+11	1.44058e+11	1.76351e+11
1.245e+08	35559.9	562606	3.29512e+10	-1.02434e+11	-5.43101e+10	1.39401e+11	1.45912e+11	1.74811e+11
1.246e+08	34832.1	562441	2.9587e+10	-1.03453e+11	-5.15227e+10	1.40454e+11	1.4775e+11	1.73252e+11
1.247e+08	34125.3	562178	2.61913e+10	-1.04363e+11	-4.87148e+10	1.41452e+11	1.49572e+11	1.71673e+11
1.248e+08	33434.3	561819	2.27677e+10	-1.05161e+11	-4.58876e+10	1.42393e+11	1.51376e+11	1.70074e+11
1.249e+08	32753.5	561361	1.93199e+10	-1.05848e+11	-4.30422e+10	1.43278e+11	1.53164e+11	1.68457e+11
1.25e+08	32077.3	560803	1.58515e+10	-1.06421e+11	-4.01798e+10	1.44106e+11	1.54934e+11	1.6682e+11
1.251e+08	31400.3	560146	1.23661e+10	-1.06881e+11	-3.73014e+10	1.44877e+11	1.56687e+11	1.65165e+11
1.252e+08	30716.8	559388	8.86761e+09	-1.07228e+11	-3.44083e+10	1.45591e+11	1.58422e+11	1.63491e+11
1.253e+08	30021.1	558530	5.35965e+09	-1.0746e+11	-3.15014e+10	1.46247e+11	1.6014e+11	1.61799e+11
1.254e+08	29307.8	557571	1.84599e+09	-1.07577e+11	-2.85822e+10	1.46845e+11	1.61839e+11	1.60088e+11
1.255e+08	28571	556513	-1.66965e+09	-1.0758e+11	-2.56515e+10	1.47385e+11	1.6352e+11	1.5836e+11
1.256e+08	27805.3	555355	-5.18351e+09	-1.07468e+11	-2.27107e+10	1.47866e+11	1.65183e+11	1.56614e+11
1.257e+08	27005	554099	-8.69184e+09	-1.07242e+11	-1.97609e+10	1.48289e+11	1.66827e+11	1.5485e+11
1.258e+08	26164.6	552745	-1.21909e+10	-1.06901e+11	-1.68033e+10	1.48653e+11	1.68452e+11	1.53068e+11
1.259e+08	25278.4	551295	-1.5677e+10	-1.06447e+11	-1.3839e+10	1.48958e+11	1.70059e+11	1.5127e+11
1.26e+08	24341.1	549750	-1.91464e+10	-1.05879e+11	-1.08692e+10	1.49203e+11	1.71646e+11	1.49454e+11
1.261e+08	23347.1	548112	-2.25953e+10	-1.05198e+11	-7.89512e+09	1.4939e+11	1.73214e+11	1.47622e+11
1.262e+08	22291	546383	-2.60202e+10	-1.04405e+11	-4.91789e+09	1.49518e+11	1.74763e+11	1.45773e+11
1.263e+08	21167.6	544565	-2.94174e+10	-1.03501e+11	-1.93872e+09	1.49586e+11	1.76291e+11	1.43907e+11
1.264e+08	19971.6	542661	-3.27832e+10	-1.02486e+11	1.04122e+09	1.49595e+11	1.778e+11	1.42026e+11
1.265e+08	18697.7	540673	-3.61141e+10	-1.01363e+11	4.02075e+09	1.49544e+11	1.79289e+11	1.40128e+11
1.266e+08	17341	538603	-3.94066e+10	-1.00131e+11	6.99869e+09	1.49435e+11	1.80758e+11	1.38215e+11
1.267e+08	15896.5	536455	-4.2657e+10	-9.87929e+10	9.97385e+09	1.49266e+11	1.82206e+11	1.36286e+11
1.268e+08	14359.2	534233	-4.5862e+10	-9.73494e+10	1.29451e+10	1.49038e+11	1.83634e+11	1.34341e+11
1.269e+08	12724.5	531939	-4.90182e+10	-9.58022e+10	1.59111e+10	1.4875e+11	1.85041e+11	1.32382e+11
1.27e+08	10987.6	529577	-5.21221e+10	-9.4153e+10	1.88709e+10	1.48404e+11	1.86427e+11	1.30407e+11
1.271e+08	9144.19	527151	-5.51706e+10	-9.24035e+10	2.18232e+10	1.47999e+11	1.87792e+11	1.28418e+11
1.272e+08	7189.77	524665	-5.81603e+10	-9.05556e+10	2.47668e+10	1.47535e+11	1.89136e+11	1.26415e+11
1.273e+08	5120.14	522124	-6.1088e+10	-8.86113e+10	2.77006e+10	1.47013e+11	1.90459e+11	1.24397e+11
1.274e+08	2931.25	519531	-6.39508e+10	-8.65727e+10	3.06235e+10	1.46433e+11	1.9176e+11	1.22365e+11
1.275e+08	619.179	516892	-6.67454e+10	-8.44418e+10	3.35341e+10	1.45794e+11	1.9304e+11	1.20319e+11
1.276e+08	-1819.82	514210	-6.9469e+10	-8.22212e+10	3.64315e+10	1.45098e+11	1.94298e+11	1.1826e+11
1.277e+08	-4389.33	511491	-7.21187e+10	-7.9913e+10	3.93145e+10	1.44344e+11	1.95534e+11	1.16187e+11
1.278e+08	-7092.76	508741	-7.46916e+10	-7.75197e+10	4.21818e+10	1.43533e+11	1.96748e+11	1.14101e+11
1.279e+08	-9933.3	505963	-7.71851e+10	-7.5044e+10	4.50325e+10	1.42665e+11	1.97939e+11	1.12003e+11
1.28e+08	-12914	503164	-7.95964e+10	-7.24884e+10	4.78653e+10	1.4174e+11	1.99109e+11	1.09892e+11
1.281e+08	-16037.7	500349	-8.19231e+10	-6.98558e+10	5.06791e+10	1.4076e+11	2.00255e+11	1.07768e+11
1.282e+08	-19307	497524	-8.41626e+10	-6.71488e+10	5.34728e+10	1.39723e+11	2.0138e+11	1.05632e+11
1.283e+08	-22724.4	494694	-8.63127e+10	-6.43704e+10	5.62453e+10	1.38631e+11	2.02481e+11	1.03485e+11
1.284e+08	-26292.1	491865	-8.83709e+10	-6.15236e+10	5.89955e+10	1.37484e+11	2.0356e+11	1.01325e+11
1.285e+08	-30012.1	489043	-9.03352e+10	-5.86113e+10	6.17224e+10	1.36283e+11	2.04616e+11	9.91543e+10
1.286e+08	-33886.1	486235	-9.22035e+10	-5.56368e+10	6.44248e+10	1.35027e+11	2.05648e+11	9.69722e+10
1.287e+08	-37915.8	483447	-9.39738e+10	-5.26031e+10	6.71016e+10	1.33718e+11	2.06658e+11	9.47793e+10
1.288e+08	-42102.5	480684	-9.56442e+10	-4.95135e+10	6.97518e+10	1.32356e+11	2.07644e+11	9.25756e+10
1.289e+08	-46447.4	477953	-9.7213e+10	-4.63713e+10	7.23744e+10	1.30942e+11	2.08606e+11	9.03614e+10
1.29e+08	-50951.2	475261	-9.86785e+10	-4.31799e+10	7.49683e+10	1.29476e+11	2.09545e+11	8.8137e+10
1.291e+08	-55614.6	472614	-1.00039e+11	-3.99425e+10	7.75325e+10	1.27958e+11	2.1046e+11	8.59027e+10
1.292e+08	-60438.1	470019	-1.01294e+11	-3.66628e+10	8.00659e+10	1.2639e+11	2.11352e+11	8.36587e+10
1.293e+08	-65421.9	467481	-1.02441e+11	-3.33441e+10	8.25677e+10	1.24771e+11	2.1222e+11	8.14052e+10
1.294e+08	-70565.7	465009	-1.03479e+11	-2.99901e+10	8.50367e+10	1.23103e+11	2.13063e+11	7.91425e+10
1.295e+08	-75869.4	462608	-1.04407e+11	-2.66042e+10	8.74719e+10	1.21387e+11	2.13883e+11	7.68709e+10
1.296e+08	-81332.4	460285	-1.05225e+11	-2.31901e+10	8.98726e+10	1.19622e+11	2.14678e+11	7.45906e+10
1.297e+08	-86953.8	458047	-1.0593e+11	-1.97513e+10	9.22376e+10	1.1781e+11	2.15449e+11	7.23018e+10
1.298e+08	-92732.7	455901	-1.06524e+11	-1.62916e+10	9.4566e+10	1.15951e+11	2.16196e+11	7.00048e+10
1.299e+08	-98667.6	453853	-1.07005e+11	-1.28147e+10	9.6857e+10	1.14046e+11	2.16918e+11	6.77e+10
1.3e+08	-104757	451909	-1.07372e+11	-9.3241e+09	9.91096e+10	1.12096e+11	2.17616e+11	6.53875e+10
1.301e+08	-110999	450078	-1.07625e+11	-5.82365e+09	1.01323e+11	1.10101e+11	2.18289e+11	6.30676e+10
1.302e+08	-117392	448364	-1.07764e+11	-2.31703e+09	1.03496e+11	1.08063e+11	2.18937e+11	6.07405e+10
1.303e+08	-123933	446775	-1.07789e+11	1.19205e+09	1.05628e+11	1.05982e+11	2.19561e+11	5.84066e+10
1.304e+08	-130621	445318	-1.07699e+11	4.69987e+09	1.07719e+11	1.03859e+11	2.2016e+11	5.6066e+10
1.305e+08	-137451	443998	-1.07496e+11	8.2027e+09	1.09766e+11	1.01695e+11	2.20734e+11	5.37192e+10
1.306e+08	-144421	442822	-1.07179e+11	1.16968e+10	1.1177e+11	9.94911e+10	2.21282e+11	5.13662e+10
1.307e+08	-151528	441797	-1.06748e+11	1.51786e+10	1.1373e+11	9.72473e+10	2.21806e+11	4.90074e+10
1.308e+08	-158768	440929	-1.06204e+11	1.86443e+10	1.15645e+11	9.49651e+10	2.22305e+11	4.66431e+10
1.309e+08	-166138	440224	-1.05548e+11	2.20902e+10	1.17514e+11	9.26452e+10	2.22778e+11	4.42735e+10
1.31e+08	-173633	439688	-1.0478e+11	2.55128e+10	1.19336e+11	9.02886e+10	2.23227e+11	4.18988e+10
1.311e+08	-181250	439326	-1.03901e+11	2.89084e+10	1.21112e+11	8.78962e+10	2.2365e+11	3.95195e+10
1.312e+08	-188983	439146	-1.02912e+11	3.22733e+10	1.22839e+11	8.5469e+10	2.24047e+11	3.71356e+10
1.313e+08	-196829	439152	-1.01814e+11	3.56042e+10	1.24517e+11	8.3008e+10	2.24419e+11	3.47475e+10
1.314e+08	-204782	439350	-1.00609e+11	3.88973e+10	1.26147e+11	8.0514e+10	2.24766e+11	3.23555e+10
1.315e+08	-212837	439746	-9.92967e+10	4.21494e+10	1.27726e+11	7.79882e+10	2.25088e+11	2.99599e+10
1.316e+08	-220989	440345	-9.78798e+10	4.53568e+10	1.29255e+11	7.54316e+10	2.25383e+11	2.75608e+10
1.317e+08	-229232	441152	-9.63595e+10	4.85163e+10	1.30732e+11	7.2845e+10	2.25654e+11	2.51586e+10
1.318e+08	-237561	442171	-9.47373e+10	5.16246e+10	1.32158e+11	7.02296e+10	2.25898e+11	2.27536e+10
1.319e+08	-245969	443409	-9.30149e+10	5.46782e+10	1.33531e+11	6.75863e+10	2.26117e+11	2.0346e+10
1.32e+08	-254451	444869	-9.11943e+10	5.76741e+10	1.34852e+11	6.49164e+10	2.26311e+11	1.7936e+10
1.321e+08	-263000	446556	-8.92773e+10	6.0609e+10	1.36119e+11	6.22207e+10	2.26478e+11	1.55241e+10
1.322e+08	-271610	448475	-8.7266e+10	6.34799e+10	1.37332e+11	5.95003e+10	2.2662e+11	1.31103e+10
1.323e+08	-280274	450628	-8.51625e+10	6.62838e+10	1.38491e+11	5.67565e+10	2.26737e+11	1.06951e+10
1.324e+08	-288985	453021	-8.29691e+10	6.90177e+10	1.39595e+11	5.39901e+10	2.26827e+11	8.27868e+09
1.325e+08	-297737	455656	-8.0688e+10	7.16786e+10	1.40643e+11	5.12024e+10	2.26892e+11	5.86131e+09
1.326e+08	-306521	458538	-7.83218e+10	7.42639e+10	1.41637e+11	4.83944e+10	2.26931e+11	3.44328e+09
1.327e+08	-315331	461669	-7.58729e+10	7.67708e+10	1.42573e+11	4.55672e+10	2.26944e+11	1.02485e+09
1.328e+08	-324159	465053	-7.33439e+10	7.91967e+10	1.43454e+11	4.2722e+10	2.26932e+11	-1.39369e+09
1.329e+08	-332998	468692	-7.07375e+10	8.1539e+10	1.44278e+11	3.98599e+10	2.26894e+11	-3.81207e+09
1.33e+08	-341840	472589	-6.80564e+10	8.37952e+10	1.45044e+11	3.6982e+10	2.26829e+11	-6.23002e+09
1.331e+08	-350676	476746	-6.53036e+10	8.5963e+10	1.45754e+11	3.40895e+10	2.2674e+11	-8.64726e+09
1.332e+08	-359500	481165	-6.24818e+10	8.80401e+10	1.46405e+11	3.11835e+10	2.26624e+11	-1.10635e+10
1.333e+08	-368303	485848	-5.95941e+10	9.00244e+10	1.46999e+11	2.82651e+10	2.26483e+11	-1.34785e+10
1.334e+08	-377077	490796	-5.66436e+10	9.19137e+10	1.47534e+11	2.53356e+10	2.26316e+11	-1.5892e+10
1.335e+08	-385814	496011	-5.36333e+10	9.3706e+10	1.48011e+11	2.2396e+10	2.26123e+11	-1.83036e+10
1.336e+08	-394504	501494	-5.05665e+10	9.53996e+10	1.4843e+11	1.94476e+10	2.25904e+11	-2.07132e+10
1.337e+08	-403141	507245	-4.74463e+10	9.69925e+10	1.4879e+11	1.64915e+10	2.2566e+11	-2.31205e+10
1.338e+08	-411715	513265	-4.42761e+10	9.84831e+10	1.49091e+11	1.35288e+10	2.2539e+11	-2.5525e+10
1.339e+08	-420218	519555	-4.10592e+10	9.987e+10	1.49332e+11	1.05608e+10	2.25095e+11	-2.79267e+10
1.34e+08	-428641	526114	-3.77991e+10	1.01151e+11	1.49515e+11	7.58866e+09	2.24774e+11	-3.03252e+10
1.341e+08	-436976	532941	-3.44991e+10	1.02326e+11	1.49639e+11	4.61348e+09	2.24427e+11	-3.27203e+10
1.342e+08	-445214	540037	-3.11627e+10	1.03393e+11	1.49703e+11	1.63648e+09	2.24055e+11	-3.51117e+10
1.343e+08	-453346	547400	-2.77935e+10	1.04351e+11	1.49709e+11	-1.34117e+09	2.23657e+11	-3.7499e+10
1.344e+08	-461365	555029	-2.4395e+10	1.052e+11	1.49655e+11	-4.31829e+09	2.23234e+11	-3.98821e+10
1.345e+08	-469260	562923	-2.09707e+10	1.05937e+11	1.49542e+11	-7.29371e+09	2.22785e+11	-4.22606e+10
1.346e+08	-477023	571080	-1.75244e+10	1.06562e+11	1.49369e+11	-1.02662e+10	2.22311e+11	-4.46343e+10
1.347e+08	-484646	579498	-1.40596e+10	1.07076e+11	1.49138e+11	-1.32347e+10	2.21812e+11	-4.7003e+10
1.348e+08	-492120	588175	-1.058e+10	1.07476e+11	1.48848e+11	-1.61979e+10	2.21287e+11	-4.93663e+10
1.349e+08	-499437	597108	-7.08925e+09	1.07763e+11	1.48498e+11	-1.91548e+10	2.20738e+11	-5.17239e+10
1.35e+08	-506587	606294	-3.59102e+09	1.07937e+11	1.4809e+11	-2.2104e+10	2.20163e+11	-5.40757e+10
1.351e+08	-513563	615730	-8.90034e+07	1.07996e+11	1.47624e+11	-2.50445e+10	2.19563e+11	-5.64213e+10
1.352e+08	-520356	625413	3.41311e+09	1.07942e+11	1.47099e+11	-2.79751e+10	2.18938e+11	-5.87605e+10
1.353e+08	-526957	635338	6.91162e+09	1.07775e+11	1.46516e+11	-3.08947e+10	2.18288e+11	-6.1093e+10
1.354e+08	-533359	645503	1.04028e+10	1.07493e+11	1.45875e+11	-3.3802e+10	2.17613e+11	-6.34185e+10
1.355e+08	-539552	655903	1.38831e+10	1.07099e+11	1.45176e+11	-3.6696e+10	2.16913e+11	-6.57368e+10
1.356e+08	-545530	666532	1.73487e+10	1.06591e+11	1.4442e+11	-3.95754e+10	2.16189e+11	-6.80476e+10
1.357e+08	-551283	677388	2.07961e+10	1.05972e+11	1.43607e+11	-4.24392e+10	2.1544e+11	-7.03506e+10
1.358e+08	-556805	688463	2.42215e+10	1.0524e+11	1.42737e+11	-4.52863e+10	2.14666e+11	-7.26457e+10
1.359e+08	-562087	699754	2.76214e+10	1.04398e+11	1.41811e+11	-4.81154e+10	2.13868e+11	-7.49324e+10
1.36e+08	-567121	711253	3.09922e+10	1.03445e+11	1.40829e+11	-5.09255e+10	2.13046e+11	-7.72106e+10
1.361e+08	-571901	722957	3.43303e+10	1.02384e+11	1.39791e+11	-5.37155e+10	2.12199e+11	-7.94799e+10
1.362e+08	-576418	734858	3.76323e+10	1.01214e+11	1.38697e+11	-5.64843e+10	2.11328e+11	-8.17403e+10
1.363e+08	-580666	746950	4.08945e+10	9.99383e+10	1.37549e+11	-5.92307e+10	2.10433e+11	-8.39912e+10
1.364e+08	-584637	759226	4.41137e+10	9.85569e+10	1.36347e+11	-6.19537e+10	2.09514e+11	-8.62326e+10
1.365e+08	-588325	771680	4.72863e+10	9.70715e+10	1.3509e+11	-6.46523e+10	2.08571e+11	-8.84642e+10
1.366e+08	-591724	784304	5.04091e+10	9.54838e+10	1.33781e+11	-6.73253e+10	2.07604e+11	-9.06856e+10
1.367e+08	-594825	797092	5.34787e+10	9.37955e+10	1.32418e+11	-6.99717e+10	2.06614e+11	-9.28967e+10
1.368e+08	-597625	810035	5.64919e+10	9.20082e+10	1.31003e+11	-7.25904e+10	2.056e+11	-9.50972e+10
1.369e+08	-600115	823126	5.94456e+10	9.01238e+10	1.29536e+11	-7.51805e+10	2.04562e+11	-9.72869e+10
1.37e+08	-602291	836357	6.23365e+10	8.81444e+10	1.28019e+11	-7.77408e+10	2.03501e+11	-9.94654e+10
1.371e+08	-604146	849719	6.51617e+10	8.60721e+10	1.2645e+11	-8.02705e+10	2.02417e+11	-1.01633e+11
1.372e+08	-605676	863205	6.79181e+10	8.39089e+10	1.24832e+11	-8.27684e+10	2.0131e+11	-1.03788e+11
1.373e+08	-606875	876806	7.06029e+10	8.16572e+10	1.23164e+11	-8.52337e+10	2.00179e+11	-1.05932e+11
1.374e+08	-607739	890512	7.32132e+10	7.93193e+10	1.21448e+11	-8.76652e+10	1.99026e+11	-1.08063e+11
1.375e+08	-608262	904315	7.57462e+10	7.68977e+10	1.19683e+11	-9.00621e+10	1.9785e+11	-1.10183e+11
1.376e+08	-608440	918206	7.81993e+10	7.4395e+10	1.17872e+11	-9.24235e+10	1.96652e+11	-1.12289e+11
1.377e+08	-608269	932176	8.05698e+10	7.18137e+10	1.16014e+11	-9.47484e+10	1.95431e+11	-1.14383e+11
1.378e+08	-607745	946214	8.28552e+10	6.91566e+10	1.1411e+11	-9.70358e+10	1.94187e+11	-1.16464e+11
1.379e+08	-606865	960311	8.50532e+10	6.64264e+10	1.12161e+11	-9.92849e+10	1.92922e+11	-1.18531e+11
1.38e+08	-605625	974459	8.71613e+10	6.36262e+10	1.10167e+11	-1.01495e+11	1.91634e+11	-1.20585e+11
1.381e+08	-604021	988646	8.91774e+10	6.07587e+10	1.0813e+11	-1.03665e+11	1.90324e+11	-1.22625e+11
1.382e+08	-602053	1.00286e+06	9.10992e+10	5.7827e+10	1.06051e+11	-1.05793e+11	1.88993e+11	-1.24651e+11
1.383e+08	-599715	1.0171e+06	9.29248e+10	5.48343e+10	1.03929e+11	-1.07881e+11	1.8764e+11	-1.26663e+11
1.384e+08	-597008	1.03134e+06	9.46522e+10	5.17836e+10	1.01767e+11	-1.09925e+11	1.86266e+11	-1.2866e+11
1.385e+08	-593928	1.04559e+06	9.62796e+10	4.86782e+10	9.95643e+10	-1.11926e+11	1.8487e+11	-1.30643e+11
1.386e+08	-590474	1.05982e+06	9.78052e+10	4.55213e+10	9.73224e+10	-1.13883e+11	1.83453e+11	-1.3261e+11
1.387e+08	-586646	1.07403e+06	9.92275e+10	4.23163e+10	9.5042e+10	-1.15795e+11	1.82015e+11	-1.34563e+11
1.388e+08	-582441	1.08821e+06	1.00545e+11	3.90665e+10	9.2724e+10	-1.17661e+11	1.80556e+11	-1.365e+11
1.389e+08	-577859	1.10234e+06	1.01756e+11	3.57755e+10	9.03695e+10	-1.19481e+11	1.79077e+11	-1.38421e+11
1.39e+08	-572900	1.11642e+06	1.02859e+11	3.24466e+10	8.79793e+10	-1.21253e+11	1.77577e+11	-1.40327e+11
1.391e+08	-567564	1.13044e+06	1.03854e+11	2.90833e+10	8.55543e+10	-1.22978e+11	1.76057e+11	-1.42216e+11
1.392e+08	-561852	1.14438e+06	1.04738e+11	2.56893e+10	8.30956e+10	-1.24654e+11	1.74517e+11	-1.4409e+11
1.393e+08	-555763	1.15823e+06	1.05512e+11	2.22682e+10	8.0604e+10	-1.26281e+11	1.72956e+11	-1.45946e+11
1.394e+08	-549299	1.17198e+06	1.06174e+11	1.88234e+10	7.80807e+10	-1.27858e+11	1.71376e+11	-1.47786e+11
1.395e+08	-542461	1.18563e+06	1.06724e+11	1.53587e+10	7.55265e+10	-1.29385e+11	1.69776e+11	-1.49609e+11
1.396e+08	-535251	1.19916e+06	1.0716e+11	1.18778e+10	7.29425e+10	-1.3086e+11	1.68157e+11	-1.51415e+11
1.397e+08	-527670	1.21256e+06	1.07484e+11	8.38426e+09	7.03297e+10	-1.32284e+11	1.66519e+11	-1.53204e+11
1.398e+08	-519722	1.22582e+06	1.07693e+11	4.88186e+09	6.76891e+10	-1.33656e+11	1.64861e+11	-1.54975e+11
1.399e+08	-511408	1.23892e+06	1.07788e+11	1.37429e+09	6.50219e+10	-1.34975e+11	1.63184e+11	-1.56728e+11
1.4e+08	-502731	1.25187e+06	1.07769e+11	-2.13474e+09	6.23289e+10	-1.3624e+11	1.61489e+11	-1.58464e+11
1.401e+08	-493695	1.26464e+06	1.07636e+11	-5.6415e+09	5.96114e+10	-1.37452e+11	1.59776e+11	-1.60181e+11
1.402e+08	-484304	1.27723e+06	1.07389e+11	-9.14228e+09	5.68703e+10	-1.3861e+11	1.58044e+11	-1.61879e+11
1.403e+08	-474560	1.28962e+06	1.07027e+11	-1.26334e+10	5.41068e+10	-1.39713e+11	1.56293e+11	-1.6356e+11
1.404e+08	-464469	1.30181e+06	1.06553e+11	-1.61111e+10	5.13219e+10	-1.4076e+11	1.54525e+11	-1.65221e+11
1.405e+08	-454035	1.31378e+06	1.05965e+11	-1.95717e+10	4.85168e+10	-1.41753e+11	1.5274e+11	-1.66864e+11
1.406e+08	-443263	1.32553e+06	1.05265e+11	-2.30115e+10	4.56926e+10	-1.42689e+11	1.50936e+11	-1.68487e+11
1.407e+08	-432157	1.33705e+06	1.04453e+11	-2.64269e+10	4.28502e+10	-1.43569e+11	1.49116e+11	-1.70091e+11
1.408e+08	-420725	1.34832e+06	1.03531e+11	-2.98143e+10	3.9991e+10	-1.44392e+11	1.47278e+11	-1.71676e+11
1.409e+08	-408970	1.35933e+06	1.02498e+11	-3.317e+10	3.7116e+10	-1.45158e+11	1.45423e+11	-1.73241e+11
1.41e+08	-396900	1.37008e+06	1.01357e+11	-3.64905e+10	3.42264e+10	-1.45867e+11	1.43552e+11	-1.74786e+11
1.411e+08	-384521	1.38056e+06	1.00108e+11	-3.97723e+10	3.13232e+10	-1.46519e+11	1.41664e+11	-1.76311e+11
1.412e+08	-371839	1.39075e+06	9.87529e+10	-4.30119e+10	2.84077e+10	-1.47112e+11	1.3976e+11	-1.77815e+11
1.413e+08	-358862	1.40065e+06	9.72928e+10	-4.62057e+10	2.5481e+10	-1.47648e+11	1.3784e+11	-1.793e+11
1.414e+08	-345597	1.41025e+06	9.57293e+10	-4.93505e+10	2.25442e+10	-1.48125e+11	1.35904e+11	-1.80763e+11
1.415e+08	-332051	1.41954e+06	9.40642e+10	-5.24428e+10	1.95985e+10	-1.48544e+11	1.33953e+11	-1.82206e+11
1.416e+08	-318232	1.42851e+06	9.22991e+10	-5.54794e+10	1.66451e+10	-1.48904e+11	1.31986e+11	-1.83628e+11
1.417e+08	-304149	1.43715e+06	9.04359e+10	-5.84571e+10	1.36851e+10	-1.49206e+11	1.30004e+11	-1.85029e+11
1.418e+08	-289809	1.44545e+06	8.84765e+10	-6.13726e+10	1.07197e+10	-1.49448e+11	1.28007e+11	-1.86409e+11
1.419e+08	-275222	1.45342e+06	8.64231e+10	-6.42228e+10	7.75012e+09	-1.49632e+11	1.25996e+11	-1.87768e+11
1.42e+08	-260396	1.46103e+06	8.42778e+10	-6.70048e+10	4.77745e+09	-1.49756e+11	1.2397e+11	-1.89104e+11
1.421e+08	-245341	1.46828e+06	8.20429e+10	-6.97155e+10	1.80289e+09	-1.49822e+11	1.21929e+11	-1.90419e+11
1.422e+08	-230065	1.47516e+06	7.97208e+10	-7.23521e+10	-1.17237e+09	-1.49828e+11	1.19875e+11	-1.91713e+11
1.423e+08	-214579	1.48168e+06	7.73138e+10	-7.49117e+10	-4.14718e+09	-1.49775e+11	1.17807e+11	-1.92984e+11
1.424e+08	-198892	1.48781e+06	7.48246e+10	-7.73916e+10	-7.12035e+09	-1.49663e+11	1.15725e+11	-1.94233e+11
1.425e+08	-183015	1.49356e+06	7.22557e+10	-7.97891e+10	-1.00907e+10	-1.49492e+11	1.13631e+11	-1.9546e+11
1.426e+08	-166957	1.49891e+06	6.961e+10	-8.21018e+10	-1.30571e+10	-1.49262e+11	1.11523e+11	-1.96664e+11
1.427e+08	-150729	1.50387e+06	6.68902e+10	-8.4327e+10	-1.60183e+10	-1.48973e+11	1.09402e+11	-1.97846e+11
1.428e+08	-134343	1.50842e+06	6.40992e+10	-8.64625e+10	-1.89732e+10	-1.48626e+11	1.07269e+11	-1.99005e+11
1.429e+08	-117807	1.51257e+06	6.12399e+10	-8.8506e+10	-2.19206e+10	-1.48219e+11	1.05123e+11	-2.00141e+11
1.43e+08	-101134	1.5163e+06	5.83155e+10	-9.04552e+10	-2.48594e+10	-1.47755e+11	1.02965e+11	-2.01254e+11
1.431e+08	-84335	1.51961e+06	5.53289e+10	-9.23082e+10	-2.77883e+10	-1.47231e+11	1.00796e+11	-2.02344e+11
1.432e+08	-67420.9	1.52251e+06	5.22835e+10	-9.40628e+10	-3.07063e+10	-1.4665e+11	9.86146e+10	-2.03411e+11
1.433e+08	-50403.3	1.52497e+06	4.91823e+10	-9.57172e+10	-3.36122e+10	-1.46011e+11	9.64221e+10	-2.04454e+11
1.434e+08	-33293.7	1.52701e+06	4.60288e+10	-9.72698e+10	-3.65048e+10	-1.45314e+11	9.42186e+10	-2.05474e+11
1.435e+08	-16104	1.52861e+06	4.28263e+10	-9.87187e+10	-3.9383e+10	-1.4456e+11	9.20042e+10	-2.0647e+11
1.436e+08	1154.05	1.52977e+06	3.95781e+10	-1.00062e+11	-4.22457e+10	-1.43749e+11	8.97793e+10	-2.07443e+11
1.437e+08	18468.5	1.5305e+06	3.62878e+10	-1.013e+11	-4.50916e+10	-1.42881e+11	8.7544e+10	-2.08391e+11
1.438e+08	35827.4	1.53078e+06	3.29588e+10	-1.02429e+11	-4.79198e+10	-1.41957e+11	8.52987e+10	-2.09316e+11
1.439e+08	53218.6	1.53063e+06	2.95947e+10	-1.03449e+11	-5.07291e+10	-1.40977e+11	8.30435e+10	-2.10217e+11
1.44e+08	70629.9	1.53002e+06	2.61991e+10	-1.04359e+11	-5.35184e+10	-1.39941e+11	8.07789e+10	-2.11093e+11
1.441e+08	88049.1	1.52898e+06	2.27755e+10	-1.05157e+11	-5.62865e+10	-1.3885e+11	7.85049e+10	-2.11945e+11
1.442e+08	105464	1.52748e+06	1.93277e+10	-1.05844e+11	-5.90324e+10	-1.37704e+11	7.62219e+10	-2.12773e+11
1.443e+08	122862	1.52554e+06	1.58593e+10	-1.06418e+11	-6.1755e+10	-1.36504e+11	7.39301e+10	-2.13577e+11
1.444e+08	140231	1.52315e+06	1.2374e+10	-1.06878e+11	-6.44533e+10	-1.35249e+11	7.16299e+10	-2.14356e+11
1.445e+08	157558	1.52031e+06	8.8755e+09	-1.07225e+11	-6.71261e+10	-1.33942e+11	6.93214e+10	-2.1511e+11
1.446e+08	174832	1.51703e+06	5.36755e+09	-1.07457e+11	-6.97724e+10	-1.32582e+11	6.70049e+10	-2.15839e+11
1.447e+08	192039	1.51331e+06	1.85387e+09	-1.07575e+11	-7.23911e+10	-1.31169e+11	6.46808e+10	-2.16544e+11
1.448e+08	209168	1.50913e+06	-1.66179e+09	-1.07578e+11	-7.49813e+10	-1.29704e+11	6.23492e+10	-2.17224e+11
1.449e+08	226206	1.50452e+06	-5.17567e+09	-1.07466e+11	-7.75419e+10	-1.28189e+11	6.00104e+10	-2.17878e+11
1.45e+08	243141	1.49947e+06	-8.68404e+09	-1.0724e+11	-8.00719e+10	-1.26622e+11	5.76647e+10	-2.18508e+11
1.451e+08	259960	1.49398e+06	-1.21832e+10	-1.069e+11	-8.25702e+10	-1.25006e+11	5.53124e+10	-2.19113e+11
1.452e+08	276652	1.48805e+06	-1.56693e+10	-1.06446e+11	-8.5036e+10	-1.2334e+11	5.29537e+10	-2.19692e+11
1.453e+08	293204	1.48169e+06	-1.91387e+10	-1.05878e+11	-8.74682e+10	-1.21626e+11	5.0589e+10	-2.20246e+11
1.454e+08	309604	1.4749e+06	-2.25878e+10	-1.05198e+11	-8.98659e+10	-1.19863e+11	4.82184e+10	-2.20775e+11
1.455e+08	325841	1.46769e+06	-2.60127e+10	-1.04405e+11	-9.22281e+10	-1.18054e+11	4.58422e+10	-2.21278e+11
1.456e+08	341902	1.46006e+06	-2.941e+10	-1.03501e+11	-9.45539e+10	-1.16197e+11	4.34608e+10	-2.21756e+11
1.457e+08	357776	1.45201e+06	-3.27759e+10	-1.02487e+11	-9.68423e+10	-1.14295e+11	4.10744e+10	-2.22208e+11
1.458e+08	373451	1.44355e+06	-3.61069e+10	-1.01363e+11	-9.90925e+10	-1.12348e+11	3.86833e+10	-2.22635e+11
1.459e+08	388916	1.43469e+06	-3.93994e+10	-1.00132e+11	-1.01304e+11	-1.10356e+11	3.62877e+10	-2.23036e+11
1.46e+08	404160	1.42543e+06	-4.265e+10	-9.87941e+10	-1.03475e+11	-1.08321e+11	3.3888e+10	-2.23412e+11
1.461e+08	419171	1.41577e+06	-4.58551e+10	-9.73508e+10	-1.05605e+11	-1.06243e+11	3.14843e+10	-2.23762e+11
1.462e+08	433938	1.40572e+06	-4.90114e+10	-9.58039e+10	-1.07693e+11	-1.04123e+11	2.9077e+10	-2.24086e+11
1.463e+08	448452	1.39529e+06	-5.21155e+10	-9.41549e+10	-1.09739e+11	-1.01962e+11	2.66664e+10	-2.24384e+11
1.464e+08	462700	1.38449e+06	-5.51641e+10	-9.24056e+10	-1.11742e+11	-9.97607e+10	2.42527e+10	-2.24657e+11
1.465e+08	476673	1.37332e+06	-5.81539e+10	-9.05579e+10	-1.13701e+11	-9.752e+10	2.18362e+10	-2.24903e+11
1.466e+08	490360	1.36179e+06	-6.10819e+10	-8.86138e+10	-1.15614e+11	-9.52407e+10	1.94172e+10	-2.25124e+11
1.467e+08	503752	1.34991e+06	-6.39448e+10	-8.65754e+10	-1.17482e+11	-9.29238e+10	1.6996e+10	-2.25319e+11
1.468e+08	516838	1.33768e+06	-6.67396e+10	-8.44448e+10	-1.19304e+11	-9.05702e+10	1.45728e+10	-2.25488e+11
1.469e+08	529610	1.32512e+06	-6.94634e+10	-8.22243e+10	-1.21078e+11	-8.81809e+10	1.2148e+10	-2.25631e+11
1.47e+08	542058	1.31223e+06	-7.21132e+10	-7.99163e+10	-1.22805e+11	-8.57567e+10	9.72173e+09	-2.25748e+11
1.471e+08	554173	1.29903e+06	-7.46864e+10	-7.75232e+10	-1.24483e+11	-8.32986e+10	7.29435e+09	-2.25839e+11
1.472e+08	565945	1.28551e+06	-7.718e+10	-7.50477e+10	-1.26112e+11	-8.08077e+10	4.86613e+09	-2.25904e+11
1.473e+08	577368	1.27169e+06	-7.95915e+10	-7.24923e+10	-1.27691e+11	-7.82848e+10	2.43736e+09	-2.25943e+11
1.474e+08	588432	1.25759e+06	-8.19184e+10	-6.98598e+10	-1.2922e+11	-7.5731e+10	8.30474e+06	-2.25957e+11
1.475e+08	599129	1.2432e+06	-8.41582e+10	-6.7153e+10	-1.30697e+11	-7.31472e+10	-2.42075e+09	-2.25944e+11
1.476e+08	609453	1.22855e+06	-8.63084e+10	-6.43748e+10	-1.32123e+11	-7.05346e+10	-4.84953e+09	-2.25905e+11
1.477e+08	619395	1.21363e+06	-8.83669e+10	-6.15281e+10	-1.33497e+11	-6.78941e+10	-7.27775e+09	-2.2584e+11
1.478e+08	628948	1.19847e+06	-9.03314e+10	-5.8616e+10	-1.34818e+11	-6.52268e+10	-9.70513e+09	-2.25749e+11
1.479e+08	638106	1.18307e+06	-9.21999e+10	-5.56416e+10	-1.36086e+11	-6.25337e+10	-1.21314e+10	-2.25632e+11
1.48e+08	646862	1.16744e+06	-9.39704e+10	-5.26081e+10	-1.373e+11	-5.98159e+10	-1.45563e+10	-2.25489e+11
1.481e+08	655211	1.15159e+06	-9.56411e+10	-4.95186e+10	-1.38459e+11	-5.70744e+10	-1.69795e+10	-2.25321e+11
1.482e+08	663146	1.13554e+06	-9.72101e+10	-4.63766e+10	-1.39564e+11	-5.43104e+10	-1.94007e+10	-2.25126e+11
1.483e+08	670662	1.1193e+06	-9.86759e+10	-4.31853e+10	-1.40614e+11	-5.15249e+10	-2.18197e+10	-2.24905e+11
1.484e+08	677754	1.10288e+06	-1.00037e+11	-3.99481e+10	-1.41608e+11	-4.87191e+10	-2.42362e+10	-2.24659e+11
1.485e+08	684417	1.08628e+06	-1.01292e+11	-3.66685e+10	-1.42547e+11	-4.5894e+10	-2.66499e+10	-2.24387e+11
1.486e+08	690646	1.06953e+06	-1.02439e+11	-3.33499e+10	-1.43429e+11	-4.30508e+10	-2.90606e+10	-2.24088e+11
1.487e+08	696439	1.05263e+06	-1.03477e+11	-2.9996e+10	-1.44254e+11	-4.01905e+10	-3.14679e+10	-2.23765e+11
1.488e+08	701790	1.0356e+06	-1.04406e+11	-2.66102e+10	-1.45022e+11	-3.73144e+10	-3.38715e+10	-2.23415e+11
1.489e+08	706696	1.01844e+06	-1.05224e+11	-2.31962e+10	-1.45733e+11	-3.44235e+10	-3.62713e+10	-2.23039e+11
1.49e+08	711156	1.00118e+06	-1.0593e+11	-1.97575e+10	-1.46386e+11	-3.1519e+10	-3.86669e+10	-2.22638e+11
1.491e+08	715165	983818	-1.06524e+11	-1.62979e+10	-1.46982e+11	-2.86021e+10	-4.10581e+10	-2.22212e+11
1.492e+08	718721	966372	-1.07005e+11	-1.2821e+10	-1.47519e+11	-2.56738e+10	-4.34445e+10	-2.2176e+11
1.493e+08	721823	948855	-1.07372e+11	-9.33054e+09	-1.47998e+11	-2.27354e+10	-4.5826e+10	-2.21282e+11
1.494e+08	724469	931279	-1.07626e+11	-5.83017e+09	-1.48418e+11	-1.9788e+10	-4.82022e+10	-2.20779e+11
1.495e+08	726658	913655	-1.07765e+11	-2.32361e+09	-1.4878e+11	-1.68327e+10	-5.05728e+10	-2.2025e+11
1.496e+08	728389	895998	-1.0779e+11	1.18541e+09	-1.49083e+11	-1.38708e+10	-5.29376e+10	-2.19696e+11
1.497e+08	729662	878319	-1.07701e+11	4.69317e+09	-1.49327e+11	-1.09035e+10	-5.52963e+10	-2.19117e+11
1.498e+08	730476	860631	-1.07498e+11	8.19596e+09	-1.49512e+11	-7.93177e+09	-5.76487e+10	-2.18513e+11
1.499e+08	730832	842947	-1.07181e+11	1.16901e+10	-1.49638e+11	-4.95694e+09	-5.99944e+10	-2.17883e+11
1.5e+08	730730	825279	-1.06751e+11	1.51718e+10	-1.49704e+11	-1.98015e+09	-6.23332e+10	-2.17229e+11
1.501e+08	730171	807640	-1.06207e+11	1.86375e+10	-1.49712e+11	9.97428e+08	-6.46649e+10	-2.16549e+11
1.502e+08	729157	790043	-1.05551e+11	2.20834e+10	-1.4966e+11	3.97461e+09	-6.69891e+10	-2.15845e+11
1.503e+08	727689	772499	-1.04784e+11	2.5506e+10	-1.49549e+11	6.95022e+09	-6.93056e+10	-2.15116e+11
1.504e+08	725770	755022	-1.03905e+11	2.89015e+10	-1.49379e+11	9.92308e+09	-7.16142e+10	-2.14362e+11
1.505e+08	723402	737624	-1.02917e+11	3.22665e+10	-1.49149e+11	1.2892e+10	-7.39145e+10	-2.13583e+11
1.506e+08	720587	720316	-1.01819e+11	3.55974e+10	-1.48861e+11	1.58559e+10	-7.62063e+10	-2.1278e+11
1.507e+08	717329	703112	-1.00614e+11	3.88906e+10	-1.48514e+11	1.88134e+10	-7.84894e+10	-2.11952e+11
1.508e+08	713632	686023	-9.93028e+10	4.21427e+10	-1.48108e+11	2.17635e+10	-8.07634e+10	-2.111e+11
1.509e+08	709499	669061	-9.78864e+10	4.53502e+10	-1.47643e+11	2.47051e+10	-8.30282e+10	-2.10224e+11
1.51e+08	704934	652237	-9.63665e+10	4.85097e+10	-1.4712e+11	2.76368e+10	-8.52834e+10	-2.09323e+11
1.511e+08	699941	635565	-9.47447e+10	5.1618e+10	-1.46539e+11	3.05576e+10	-8.75288e+10	-2.08399e+11
1.512e+08	694527	619054	-9.30228e+10	5.46718e+10	-1.459e+11	3.34663e+10	-8.97641e+10	-2.0745e+11
1.513e+08	688695	602717	-9.12026e+10	5.76678e+10	-1.45203e+11	3.63618e+10	-9.19891e+10	-2.06478e+11
1.514e+08	682452	586565	-8.9286e+10	6.06028e+10	-1.44448e+11	3.92428e+10	-9.42036e+10	-2.05482e+11
1.515e+08	675802	570608	-8.72752e+10	6.34739e+10	-1.43637e+11	4.21084e+10	-9.64072e+10	-2.04462e+11
1.516e+08	668753	554858	-8.51721e+10	6.62779e+10	-1.42768e+11	4.49572e+10	-9.85997e+10	-2.03419e+11
1.517e+08	661310	539325	-8.29792e+10	6.90119e+10	-1.41843e+11	4.77883e+10	-1.00781e+11	-2.02353e+11
1.518e+08	653481	524019	-8.06986e+10	7.16731e+10	-1.40862e+11	5.06005e+10	-1.02951e+11	-2.01263e+11
1.519e+08	645272	508952	-7.83328e+10	7.42586e+10	-1.39825e+11	5.33926e+10	-1.05108e+11	-2.0015e+11
1.52e+08	636691	494132	-7.58843e+10	7.67657e+10	-1.38733e+11	5.61636e+10	-1.07254e+11	-1.99014e+11
1.521e+08	627744	479570	-7.33558e+10	7.91918e+10	-1.37586e+11	5.89124e+10	-1.09388e+11	-1.97855e+11
1.522e+08	618441	465275	-7.07498e+10	8.15343e+10	-1.36384e+11	6.16378e+10	-1.11508e+11	-1.96674e+11
1.523e+08	608789	451257	-6.80692e+10	8.37908e+10	-1.35128e+11	6.43388e+10	-1.13616e+11	-1.95469e+11
1.524e+08	598796	437524	-6.53168e+10	8.59589e+10	-1.33819e+11	6.70144e+10	-1.15711e+11	-1.94243e+11
1.525e+08	588471	424086	-6.24955e+10	8.80363e+10	-1.32457e+11	6.96634e+10	-1.17793e+11	-1.92994e+11
1.526e+08	577823	410951	-5.96082e+10	9.00209e+10	-1.31043e+11	7.22848e+10	-1.19861e+11	-1.91723e+11
1.527e+08	566861	398126	-5.66581e+10	9.19105e+10	-1.29576e+11	7.48776e+10	-1.21916e+11	-1.9043e+11
1.528e+08	555595	385621	-5.36483e+10	9.37032e+10	-1.28058e+11	7.74408e+10	-1.23956e+11	-1.89115e+11
1.529e+08	544032	373443	-5.05819e+10	9.53971e+10	-1.2649e+11	7.99733e+10	-1.25982e+11	-1.87778e+11
1.53e+08	532185	361599	-4.74621e+10	9.69904e+10	-1.24871e+11	8.24741e+10	-1.27994e+11	-1.8642e+11
1.531e+08	520062	350097	-4.42923e+10	9.84815e+10	-1.23203e+11	8.49422e+10	-1.29991e+11	-1.85041e+11
1.532e+08	507673	338943	-4.10758e+10	9.98687e+10	-1.21486e+11	8.73767e+10	-1.31973e+11	-1.8364e+11
1.533e+08	495029	328143	-3.7816e+10	1.01151e+11	-1.19721e+11	8.97766e+10	-1.3394e+11	-1.82218e+11
1.534e+08	482140	317705	-3.45164e+10	1.02326e+11	-1.17909e+11	9.21409e+10	-1.35891e+11	-1.80775e+11
1.535e+08	469016	307633	-3.11804e+10	1.03394e+11	-1.16049e+11	9.44687e+10	-1.37827e+11	-1.79312e+11
1.536e+08	455670	297934	-2.78115e+10	1.04352e+11	-1.14144e+11	9.67591e+10	-1.39748e+11	-1.77827e+11
1.537e+08	442110	288612	-2.44133e+10	1.05201e+11	-1.12194e+11	9.90112e+10	-1.41652e+11	-1.76323e+11
1.538e+08	428349	279673	-2.09894e+10	1.05938e+11	-1.10199e+11	1.01224e+11	-1.4354e+11	-1.74798e+11
1.539e+08	414397	271121	-1.75434e+10	1.06564e+11	-1.08161e+11	1.03397e+11	-1.45411e+11	-1.73253e+11
1.54e+08	400267	262961	-1.40788e+10	1.07078e+11	-1.06079e+11	1.05529e+11	-1.47266e+11	-1.71689e+11
1.541e+08	385968	255196	-1.05995e+10	1.07479e+11	-1.03956e+11	1.07618e+11	-1.49104e+11	-1.70104e+11
1.542e+08	371512	247829	-7.10897e+09	1.07767e+11	-1.01791e+11	1.09666e+11	-1.50924e+11	-1.685e+11
1.543e+08	356912	240865	-3.61095e+09	1.07941e+11	-9.95865e+10	1.1167e+11	-1.52728e+11	-1.66877e+11
1.544e+08	342178	234306	-1.09134e+08	1.08002e+11	-9.73422e+10	1.13629e+11	-1.54514e+11	-1.65235e+11
1.545e+08	327323	228154	3.3928e+09	1.07948e+11	-9.50592e+10	1.15544e+11	-1.56282e+11	-1.63573e+11
1.546e+08	312357	222412	6.89116e+09	1.07781e+11	-9.27386e+10	1.17413e+11	-1.58032e+11	-1.61893e+11
1.547e+08	297293	217082	1.03823e+10	1.075e+11	-9.03813e+10	1.19235e+11	-1.59764e+11	-1.60195e+11
1.548e+08	282142	212165	1.38624e+10	1.07106e+11	-8.79881e+10	1.2101e+11	-1.61478e+11	-1.58478e+11
1.549e+08	266917	207662	1.7328e+10	1.066e+11	-8.55601e+10	1.22737e+11	-1.63173e+11	-1.56743e+11
1.55e+08	251628	203574	2.07753e+10	1.05981e+11	-8.30981e+10	1.24415e+11	-1.6485e+11	-1.5499e+11
1.551e+08	236288	199902	2.42007e+10	1.0525e+11	-8.06032e+10	1.26044e+11	-1.66508e+11	-1.53219e+11
1.552e+08	220908	196646	2.76005e+10	1.04408e+11	-7.80764e+10	1.27623e+11	-1.68147e+11	-1.5143e+11
1.553e+08	205500	193806	3.09714e+10	1.03456e+11	-7.55186e+10	1.29152e+11	-1.69766e+11	-1.49624e+11
1.554e+08	190076	191380	3.43095e+10	1.02396e+11	-7.29308e+10	1.30629e+11	-1.71366e+11	-1.47802e+11
1.555e+08	174647	189368	3.76115e+10	1.01227e+11	-7.03142e+10	1.32055e+11	-1.72946e+11	-1.45962e+11
1.556e+08	159226	187770	4.08739e+10	9.99514e+10	-6.76697e+10	1.33428e+11	-1.74507e+11	-1.44105e+11
1.557e+08	143823	186582	4.40932e+10	9.85707e+10	-6.49984e+10	1.34748e+11	-1.76047e+11	-1.42232e+11
1.558e+08	128449	185804	4.7266e+10	9.7086e+10	-6.23013e+10	1.36015e+11	-1.77568e+11	-1.40343e+11
1.559e+08	113117	185434	5.03889e+10	9.5499e+10	-5.95795e+10	1.37228e+11	-1.79068e+11	-1.38437e+11
1.56e+08	97837.5	185468	5.34588e+10	9.38113e+10	-5.6834e+10	1.38387e+11	-1.80547e+11	-1.36516e+11
1.561e+08	82621.5	185903	5.64722e+10	9.20247e+10	-5.40661e+10	1.3949e+11	-1.82006e+11	-1.34579e+11
1.562e+08	67480.3	186737	5.94261e+10	9.0141e+10	-5.12767e+10	1.40539e+11	-1.83444e+11	-1.32627e+11
1.563e+08	52424.6	187967	6.23174e+10	8.81623e+10	-4.8467e+10	1.41531e+11	-1.84861e+11	-1.30659e+11
1.564e+08	37465.2	189587	6.51429e+10	8.60905e+10	-4.5638e+10	1.42468e+11	-1.86257e+11	-1.28677e+11
1.565e+08	22612.8	191595	6.78997e+10	8.3928e+10	-4.2791e+10	1.43348e+11	-1.87632e+11	-1.2668e+11
1.566e+08	7877.9	193985	7.05848e+10	8.16769e+10	-3.9927e+10	1.44171e+11	-1.88985e+11	-1.24668e+11
1.567e+08	-6729.26	196753	7.31955e+10	7.93396e+10	-3.70472e+10	1.44937e+11	-1.90316e+11	-1.22642e+11
1.568e+08	-21198.5	199894	7.57289e+10	7.69186e+10	-3.41527e+10	1.45646e+11	-1.91626e+11	-1.20602e+11
1.569e+08	-35519.9	203403	7.81824e+10	7.44165e+10	-3.12446e+10	1.46297e+11	-1.92914e+11	-1.18549e+11
1.57e+08	-49683.6	207274	8.05534e+10	7.18357e+10	-2.83242e+10	1.4689e+11	-1.9418e+11	-1.16481e+11
1.571e+08	-63680.1	211501	8.28394e+10	6.91792e+10	-2.53925e+10	1.47424e+11	-1.95423e+11	-1.14401e+11
1.572e+08	-77500	216077	8.50379e+10	6.64496e+10	-2.24508e+10	1.47901e+11	-1.96645e+11	-1.12307e+11
1.573e+08	-91134.1	220998	8.71465e+10	6.36498e+10	-1.95001e+10	1.48318e+11	-1.97843e+11	-1.10201e+11
1.574e+08	-104573	226256	8.91632e+10	6.07828e+10	-1.65417e+10	1.48677e+11	-1.99019e+11	-1.08082e+11
1.575e+08	-117809	231843	9.10856e+10	5.78516e+10	-1.35768e+10	1.48977e+11	-2.00173e+11	-1.0595e+11
1.576e+08	-130833	237754	9.29118e+10	5.48593e+10	-1.06065e+10	1.49217e+11	-2.01303e+11	-1.03806e+11
1.577e+08	-143637	243981	9.46399e+10	5.1809e+10	-7.63193e+09	1.49399e+11	-2.02411e+11	-1.01651e+11
1.578e+08	-156212	250515	9.62679e+10	4.8704e+10	-4.65438e+09	1.49521e+11	-2.03495e+11	-9.9484e+10
1.579e+08	-168552	257350	9.77942e+10	4.55474e+10	-1.67498e+09	1.49584e+11	-2.04556e+11	-9.73056e+10
1.58e+08	-180648	264477	9.92171e+10	4.23428e+10	1.30508e+09	1.49588e+11	-2.05594e+11	-9.51161e+10
1.581e+08	-192493	271889	1.00535e+11	3.90933e+10	4.28463e+09	1.49532e+11	-2.06609e+11	-9.29158e+10
1.582e+08	-204081	279576	1.01747e+11	3.58025e+10	7.26248e+09	1.49417e+11	-2.07599e+11	-9.07048e+10
1.583e+08	-215404	287530	1.02851e+11	3.24739e+10	1.02374e+10	1.49243e+11	-2.08566e+11	-8.84834e+10
1.584e+08	-226456	295743	1.03846e+11	2.91109e+10	1.32084e+10	1.4901e+11	-2.0951e+11	-8.6252e+10
1.585e+08	-237232	304206	1.04731e+11	2.57171e+10	1.6174e+10	1.48717e+11	-2.10429e+11	-8.40107e+10
1.586e+08	-247725	312909	1.05506e+11	2.2296e+10	1.91333e+10	1.48366e+11	-2.11324e+11	-8.17599e+10
1.587e+08	-257929	321844	1.06169e+11	1.88514e+10	2.2085e+10	1.47955e+11	-2.12195e+11	-7.94997e+10
1.588e+08	-267840	331000	1.06719e+11	1.53868e+10	2.50279e+10	1.47487e+11	-2.13042e+11	-7.72304e+10
1.589e+08	-277453	340369	1.07156e+11	1.1906e+10	2.79609e+10	1.46959e+11	-2.13865e+11	-7.49523e+10
1.59e+08	-286762	349942	1.0748e+11	8.41247e+09	3.08828e+10	1.46373e+11	-2.14663e+11	-7.26657e+10
1.591e+08	-295764	359707	1.0769e+11	4.91007e+09	3.37924e+10	1.4573e+11	-2.15437e+11	-7.03708e+10
1.592e+08	-304454	369657	1.07786e+11	1.40248e+09	3.66887e+10	1.45028e+11	-2.16186e+11	-6.80679e+10
1.593e+08	-312829	379780	1.07768e+11	-2.10661e+09	3.95704e+10	1.44269e+11	-2.16911e+11	-6.57572e+10
1.594e+08	-320885	390067	1.07636e+11	-5.61346e+09	4.24364e+10	1.43453e+11	-2.17611e+11	-6.3439e+10
1.595e+08	-328620	400508	1.07389e+11	-9.11435e+09	4.52856e+10	1.4258e+11	-2.18286e+11	-6.11135e+10
1.596e+08	-336030	411092	1.07029e+11	-1.26056e+10	4.81169e+10	1.4165e+11	-2.18936e+11	-5.87811e+10
1.597e+08	-343113	421811	1.06555e+11	-1.60835e+10	5.0929e+10	1.40665e+11	-2.19561e+11	-5.64421e+10
1.598e+08	-349867	432653	1.05968e+11	-1.95443e+10	5.3721e+10	1.39623e+11	-2.20161e+11	-5.40965e+10
1.599e+08	-356289	443608	1.05269e+11	-2.29843e+10	5.64917e+10	1.38526e+11	-2.20737e+11	-5.17449e+10
1.6e+08	-362380	454667	1.04458e+11	-2.64e+10	5.92399e+10	1.37374e+11	-2.21287e+11	-4.93873e+10
1.601e+08	-368137	465819	1.03536e+11	-2.97877e+10	6.19647e+10	1.36168e+11	-2.21811e+11	-4.70241e+10
1.602e+08	-373559	477055	1.02504e+11	-3.31437e+10	6.4665e+10	1.34908e+11	-2.22311e+11	-4.46555e+10
1.603e+08	-378646	488362	1.01363e+11	-3.64646e+10	6.73396e+10	1.33594e+11	-2.22785e+11	-4.22819e+10
1.604e+08	-383398	499733	1.00115e+11	-3.97467e+10	6.99875e+10	1.32227e+11	-2.23234e+11	-3.99034e+10
1.605e+08	-387814	511156	9.87603e+10	-4.29866e+10	7.26076e+10	1.30808e+11	-2.23657e+11	-3.75204e+10
1.606e+08	-391895	522622	9.73008e+10	-4.61809e+10	7.5199e+10	1.29337e+11	-2.24055e+11	-3.51332e+10
1.607e+08	-395642	534121	9.57379e+10	-4.93261e+10	7.77605e+10	1.27815e+11	-2.24428e+11	-3.27419e+10
1.608e+08	-399056	545642	9.40733e+10	-5.24189e+10	8.02913e+10	1.26242e+11	-2.24775e+11	-3.03469e+10
1.609e+08	-402138	557176	9.23087e+10	-5.5456e+10	8.27902e+10	1.24619e+11	-2.25096e+11	-2.79485e+10
1.61e+08	-404890	568713	9.0446e+10	-5.84341e+10	8.52563e+10	1.22947e+11	-2.25392e+11	-2.55469e+10
1.611e+08	-407313	580243	8.84872e+10	-6.13501e+10	8.76886e+10	1.21226e+11	-2.25662e+11	-2.31423e+10
1.612e+08	-409410	591757	8.64343e+10	-6.42009e+10	9.00861e+10	1.19457e+11	-2.25907e+11	-2.07352e+10
1.613e+08	-411182	603246	8.42894e+10	-6.69834e+10	9.2448e+10	1.1764e+11	-2.26125e+11	-1.83256e+10
1.614e+08	-412634	614699	8.20549e+10	-6.96947e+10	9.47732e+10	1.15777e+11	-2.26318e+11	-1.5914e+10
1.615e+08	-413768	626109	7.97331e+10	-7.23318e+10	9.70608e+10	1.13868e+11	-2.26486e+11	-1.35006e+10
1.616e+08	-414587	637465	7.73265e+10	-7.4892e+10	9.931e+10	1.11914e+11	-2.26627e+11	-1.10857e+10
1.617e+08	-415094	648758	7.48377e+10	-7.73725e+10	1.0152e+11	1.09916e+11	-2.26743e+11	-8.66949e+09
1.618e+08	-415295	659981	7.22691e+10	-7.97706e+10	1.03689e+11	1.07874e+11	-2.26833e+11	-6.2523e+09
1.619e+08	-415191	671124	6.96237e+10	-8.20839e+10	1.05818e+11	1.05789e+11	-2.26898e+11	-3.8344e+09
1.62e+08	-414789	682179	6.69042e+10	-8.43097e+10	1.07905e+11	1.03662e+11	-2.26936e+11	-1.41607e+09
1.621e+08	-414093	693138	6.41134e+10	-8.64459e+10	1.09948e+11	1.01495e+11	-2.26949e+11	1.00243e+09
1.622e+08	-413107	703992	6.12544e+10	-8.84899e+10	1.11949e+11	9.92868e+10	-2.26936e+11	3.42081e+09
1.623e+08	-411837	714734	5.83301e+10	-9.04398e+10	1.13905e+11	9.70396e+10	-2.26897e+11	5.8388e+09
1.624e+08	-410287	725356	5.53438e+10	-9.22934e+10	1.15815e+11	9.47538e+10	-2.26833e+11	8.25613e+09
1.625e+08	-408464	735850	5.22984e+10	-9.40486e+10	1.1768e+11	9.24306e+10	-2.26743e+11	1.06725e+10
1.626e+08	-406372	746210	4.91974e+10	-9.57037e+10	1.19498e+11	9.00707e+10	-2.26627e+11	1.30877e+10
1.627e+08	-404019	756427	4.6044e+10	-9.72568e+10	1.21269e+11	8.76751e+10	-2.26485e+11	1.55014e+10
1.628e+08	-401409	766496	4.28415e+10	-9.87064e+10	1.22992e+11	8.52448e+10	-2.26317e+11	1.79133e+10
1.629e+08	-398550	776410	3.95934e+10	-1.00051e+11	1.24666e+11	8.27808e+10	-2.26124e+11	2.03233e+10
1.63e+08	-395448	786162	3.63031e+10	-1.01289e+11	1.26291e+11	8.02839e+10	-2.25906e+11	2.27309e+10
1.631e+08	-392108	795747	3.29741e+10	-1.02418e+11	1.27866e+11	7.77553e+10	-2.25661e+11	2.51359e+10
1.632e+08	-388540	805157	2.961e+10	-1.03439e+11	1.2939e+11	7.51959e+10	-2.25391e+11	2.7538e+10
1.633e+08	-384748	814389	2.62144e+10	-1.0435e+11	1.30863e+11	7.26066e+10	-2.25096e+11	2.99371e+10
1.634e+08	-380740	823435	2.27907e+10	-1.05149e+11	1.32284e+11	6.99887e+10	-2.24775e+11	3.23328e+10
1.635e+08	-376524	832292	1.93429e+10	-1.05836e+11	1.33653e+11	6.7343e+10	-2.24428e+11	3.47247e+10
1.636e+08	-372107	840954	1.58743e+10	-1.0641e+11	1.34969e+11	6.46706e+10	-2.24056e+11	3.71128e+10
1.637e+08	-367496	849417	1.23889e+10	-1.06871e+11	1.36231e+11	6.19727e+10	-2.23659e+11	3.94967e+10
1.638e+08	-362699	857676	8.89027e+09	-1.07219e+11	1.37439e+11	5.92502e+10	-2.23236e+11	4.1876e+10
1.639e+08	-357723	865728	5.38216e+09	-1.07451e+11	1.38593e+11	5.65042e+10	-2.22788e+11	4.42507e+10
1.64e+08	-352577	873568	1.8683e+09	-1.0757e+11	1.39692e+11	5.37359e+10	-2.22315e+11	4.66203e+10
1.641e+08	-347268	881193	-1.64754e+09	-1.07573e+11	1.40736e+11	5.09463e+10	-2.21817e+11	4.89846e+10
1.642e+08	-341804	888600	-5.16162e+09	-1.07462e+11	1.41724e+11	4.81365e+10	-2.21293e+11	5.13434e+10
1.643e+08	-336193	895786	-8.67021e+09	-1.07237e+11	1.42656e+11	4.53077e+10	-2.20745e+11	5.36964e+10
1.644e+08	-330443	902747	-1.21696e+10	-1.06897e+11	1.43532e+11	4.24609e+10	-2.20171e+11	5.60433e+10
1.645e+08	-324563	909483	-1.56559e+10	-1.06443e+11	1.4435e+11	3.95973e+10	-2.19573e+11	5.83838e+10
1.646e+08	-318559	915990	-1.91256e+10	-1.05876e+11	1.45112e+11	3.67181e+10	-2.18949e+11	6.07178e+10
1.647e+08	-312441	922267	-2.25749e+10	-1.05196e+11	1.45816e+11	3.38243e+10	-2.18301e+11	6.30449e+10
1.648e+08	-306217	928312	-2.60002e+10	-1.04403e+11	1.46462e+11	3.09171e+10	-2.17628e+11	6.53648e+10
1.649e+08	-299894	934124	-2.93977e+10	-1.035e+11	1.47051e+11	2.79977e+10	-2.16931e+11	6.76774e+10
1.65e+08	-293481	939701	-3.27639e+10	-1.02486e+11	1.47581e+11	2.50672e+10	-2.16209e+11	6.99822e+10
1.651e+08	-286986	945044	-3.60952e+10	-1.01363e+11	1.48053e+11	2.21269e+10	-2.15463e+11	7.22792e+10
1.652e+08	-280417	950151	-3.93881e+10	-1.00132e+11	1.48466e+11	1.91777e+10	-2.14692e+11	7.4568e+10
1.653e+08	-273782	955023	-4.26389e+10	-9.87945e+10	1.4882e+11	1.6221e+10	-2.13897e+11	7.68484e+10
1.654e+08	-267089	959660	-4.58444e+10	-9.73516e+10	1.49116e+11	1.32578e+10	-2.13078e+11	7.91201e+10
1.655e+08	-260346	964061	-4.9001e+10	-9.58049e+10	1.49353e+11	1.02894e+10	-2.12234e+11	8.13828e+10
1.656e+08	-253562	968227	-5.21054e+10	-9.41563e+10	1.4953e+11	7.31692e+09	-2.11367e+11	8.36364e+10
1.657e+08	-246743	972160	-5.51543e+10	-9.24073e+10	1.49649e+11	4.34155e+09	-2.10476e+11	8.58804e+10
1.658e+08	-239897	975861	-5.81445e+10	-9.05599e+10	1.49708e+11	1.36446e+09	-2.09561e+11	8.81148e+10
1.659e+08	-233034	979330	-6.10728e+10	-8.86161e+10	1.49708e+11	-1.61316e+09	-2.08622e+11	9.03392e+10
1.66e+08	-226159	982570	-6.3936e+10	-8.65779e+10	1.49648e+11	-4.59015e+09	-2.0766e+11	9.25535e+10
1.661e+08	-219280	985582	-6.67312e+10	-8.44475e+10	1.4953e+11	-7.56532e+09	-2.06674e+11	9.47572e+10
1.662e+08	-212405	988369	-6.94553e+10	-8.22273e+10	1.49352e+11	-1.05375e+10	-2.05665e+11	9.69503e+10
1.663e+08	-205541	990932	-7.21055e+10	-7.99195e+10	1.49116e+11	-1.35055e+10	-2.04633e+11	9.91324e+10
1.664e+08	-198696	993275	-7.46789e+10	-7.75267e+10	1.4882e+11	-1.64682e+10	-2.03577e+11	1.01303e+11
1.665e+08	-191875	995400	-7.71729e+10	-7.50513e+10	1.48466e+11	-1.94243e+10	-2.02499e+11	1.03463e+11
1.666e+08	-185086	997310	-7.95848e+10	-7.24961e+10	1.48052e+11	-2.23728e+10	-2.01398e+11	1.05611e+11
1.667e+08	-178337	999009	-8.1912e+10	-6.98638e+10	1.47581e+11	-2.53124e+10	-2.00274e+11	1.07746e+11
1.668e+08	-171632	1.0005e+06	-8.41521e+10	-6.71572e+10	1.47051e+11	-2.82421e+10	-1.99127e+11	1.0987e+11
1.669e+08	-164979	1.00179e+06	-8.63027e+10	-6.43791e+10	1.46462e+11	-3.11605e+10	-1.97958e+11	1.11982e+11
1.67e+08	-158384	1.00287e+06	-8.83615e+10	-6.15326e+10	1.45816e+11	-3.40666e+10	-1.96767e+11	1.1408e+11
1.671e+08	-151853	1.00376e+06	-9.03263e+10	-5.86206e+10	1.45113e+11	-3.69593e+10	-1.95553e+11	1.16166e+11
1.672e+08	-145391	1.00446e+06	-9.21952e+10	-5.56464e+10	1.44351e+11	-3.98374e+10	-1.94318e+11	1.18239e+11
1.673e+08	-139006	1.00497e+06	-9.3966e+10	-5.26129e+10	1.43533e+11	-4.26997e+10	-1.9306e+11	1.20298e+11
1.674e+08	-132701	1.0053e+06	-9.5637e+10	-4.95236e+10	1.42658e+11	-4.55451e+10	-1.91781e+11	1.22344e+11
1.675e+08	-126482	1.00545e+06	-9.72064e+10	-4.63817e+10	1.41727e+11	-4.83725e+10	-1.9048e+11	1.24376e+11
1.676e+08	-120355	1.00542e+06	-9.86725e+10	-4.31904e+10	1.4074e+11	-5.11808e+10	-1.89158e+11	1.26394e+11
1.677e+08	-114324	1.00523e+06	-1.00034e+11	-3.99533e+10	1.39697e+11	-5.39689e+10	-1.87814e+11	1.28398e+11
1.678e+08	-108395	1.00487e+06	-1.01289e+11	-3.66738e+10	1.38598e+11	-5.67357e+10	-1.86449e+11	1.30387e+11
1.679e+08	-102570	1.00435e+06	-1.02436e+11	-3.33553e+10	1.37446e+11	-5.948e+10	-1.85063e+11	1.32362e+11
1.68e+08	-96855.5	1.00369e+06	-1.03475e+11	-3.00014e+10	1.36238e+11	-6.22008e+10	-1.83656e+11	1.34321e+11
1.681e+08	-91254.6	1.00287e+06	-1.04404e+11	-2.66157e+10	1.34977e+11	-6.48971e+10	-1.82229e+11	1.36266e+11
1.682e+08	-85771.3	1.00192e+06	-1.05222e+11	-2.32017e+10	1.33663e+11	-6.75676e+10	-1.80781e+11	1.38195e+11
1.683e+08	-80409.2	1.00083e+06	-1.05929e+11	-1.97631e+10	1.32296e+11	-7.02116e+10	-1.79312e+11	1.40108e+11
1.684e+08	-75171.6	999608	-1.06523e+11	-1.63035e+10	1.30876e+11	-7.28277e+10	-1.77824e+11	1.42006e+11
1.685e+08	-70061.6	998265	-1.07004e+11	-1.28267e+10	1.29405e+11	-7.54151e+10	-1.76315e+11	1.43888e+11
1.686e+08	-65082.2	996803	-1.07371e+11	-9.33622e+09	1.27882e+11	-7.79727e+10	-1.74787e+11	1.45754e+11
1.687e+08	-60235.9	995231	-1.07625e+11	-5.83586e+09	1.2631e+11	-8.04995e+10	-1.73238e+11	1.47603e+11
1.688e+08	-55525.3	993553	-1.07765e+11	-2.32931e+09	1.24687e+11	-8.29945e+10	-1.71671e+11	1.49435e+11
1.689e+08	-50952.5	991776	-1.07791e+11	1.17971e+09	1.23015e+11	-8.54567e+10	-1.70084e+11	1.51251e+11
1.69e+08	-46519.5	989906	-1.07702e+11	4.68749e+09	1.21294e+11	-8.78851e+10	-1.68478e+11	1.5305e+11
1.691e+08	-42227.9	987950	-1.07499e+11	8.19029e+09	1.19526e+11	-9.02789e+10	-1.66853e+11	1.54831e+11
1.692e+08	-38079.2	985913	-1.07182e+11	1.16844e+10	1.1771e+11	-9.26369e+10	-1.65209e+11	1.56595e+11
1.693e+08	-34074.7	983803	-1.06752e+11	1.51662e+10	1.15848e+11	-9.49584e+10	-1.63546e+11	1.58342e+11
1.694e+08	-30215.2	981625	-1.06209e+11	1.86319e+10	1.1394e+11	-9.72424e+10	-1.61865e+11	1.6007e+11
1.695e+08	-26501.7	979385	-1.05553e+11	2.20779e+10	1.11987e+11	-9.9488e+10	-1.60166e+11	1.61781e+11
1.696e+08	-22934.6	977091	-1.04786e+11	2.55005e+10	1.0999e+11	-1.01694e+11	-1.58449e+11	1.63474e+11
1.697e+08	-19514.1	974748	-1.03908e+11	2.88961e+10	1.07949e+11	-1.0386e+11	-1.56714e+11	1.65148e+11
1.698e+08	-16240.3	972363	-1.02919e+11	3.22612e+10	1.05866e+11	-1.05986e+11	-1.54962e+11	1.66803e+11
1.699e+08	-13113.1	969941	-1.01822e+11	3.55921e+10	1.03741e+11	-1.08069e+11	-1.53192e+11	1.6844e+11
1.7e+08	-10131.9	967490	-1.00617e+11	3.88854e+10	1.01575e+11	-1.10109e+11	-1.51404e+11	1.70057e+11
1.701e+08	-7296.11	965015	-9.93062e+10	4.21375e+10	9.93686e+10	-1.12107e+11	-1.496e+11	1.71656e+11
1.702e+08	-4604.87	962522	-9.789e+10	4.53451e+10	9.71233e+10	-1.14059e+11	-1.47779e+11	1.73235e+11
1.703e+08	-2057.05	960018	-9.63703e+10	4.85048e+10	9.48396e+10	-1.15967e+11	-1.45941e+11	1.74795e+11
1.704e+08	348.667	957508	-9.47487e+10	5.16132e+10	9.25185e+10	-1.17829e+11	-1.44087e+11	1.76335e+11
1.705e+08	2613.84	954998	-9.3027e+10	5.46671e+10	9.01608e+10	-1.19645e+11	-1.42217e+11	1.77856e+11
1.706e+08	4740.22	952494	-9.12071e+10	5.76632e+10	8.77675e+10	-1.21413e+11	-1.40331e+11	1.79356e+11
1.707e+08	6729.79	950001	-8.92907e+10	6.05983e+10	8.53396e+10	-1.23133e+11	-1.38429e+11	1.80836e+11
1.708e+08	8584.72	947526	-8.72801e+10	6.34695e+10	8.2878e+10	-1.24805e+11	-1.36511e+11	1.82296e+11
1.709e+08	10307.4	945074	-8.51773e+10	6.62737e+10	8.03837e+10	-1.26428e+11	-1.34578e+11	1.83735e+11
1.71e+08	11900.4	942649	-8.29845e+10	6.90078e+10	7.78577e+10	-1.28e+11	-1.3263e+11	1.85154e+11
1.711e+08	13366.5	940258	-8.07041e+10	7.16691e+10	7.53009e+10	-1.29522e+11	-1.30667e+11	1.86552e+11
1.712e+08	14708.6	937905	-7.83385e+10	7.42548e+10	7.27144e+10	-1.30993e+11	-1.28689e+11	1.87929e+11
1.713e+08	15930	935595	-7.58902e+10	7.67621e+10	7.00992e+10	-1.32412e+11	-1.26697e+11	1.89285e+11
1.714e+08	17033.9	933334	-7.33619e+10	7.91883e+10	6.74563e+10	-1.33779e+11	-1.24691e+11	1.9062e+11
1.715e+08	18023.7	931125	-7.07561e+10	8.1531e+10	6.47869e+10	-1.35094e+11	-1.2267e+11	1.91933e+11
1.716e+08	18903.3	928974	-6.80757e+10	8.37877e+10	6.20918e+10	-1.36354e+11	-1.20636e+11	1.93224e+11
1.717e+08	19676.3	926885	-6.53234e+10	8.5956e+10	5.93722e+10	-1.37561e+11	-1.18589e+11	1.94494e+11
1.718e+08	20346.8	924861	-6.25023e+10	8.80336e+10	5.66292e+10	-1.38714e+11	-1.16528e+11	1.95742e+11
1.719e+08	20918.9	922907	-5.96152e+10	9.00184e+10	5.38639e+10	-1.39812e+11	-1.14453e+11	1.96969e+11
1.72e+08	21396.8	921027	-5.66652e+10	9.19082e+10	5.10773e+10	-1.40855e+11	-1.12367e+11	1.98173e+11
1.721e+08	21785	919224	-5.36555e+10	9.37011e+10	4.82705e+10	-1.41842e+11	-1.10267e+11	1.99354e+11
1.722e+08	22088	917503	-5.05892e+10	9.53952e+10	4.54447e+10	-1.42773e+11	-1.08155e+11	2.00514e+11
1.723e+08	22310.4	915865	-4.74696e+10	9.69888e+10	4.2601e+10	-1.43648e+11	-1.06031e+11	2.01651e+11
1.724e+08	22457	914315	-4.43e+10	9.848e+10	3.97404e+10	-1.44467e+11	-1.03895e+11	2.02765e+11
1.725e+08	22532.7	912854	-4.10836e+10	9.98675e+10	3.68642e+10	-1.45228e+11	-1.01747e+11	2.03856e+11
1.726e+08	22542.4	911487	-3.78239e+10	1.0115e+11	3.39734e+10	-1.45932e+11	-9.95883e+10	2.04925e+11
1.727e+08	22491.3	910215	-3.45244e+10	1.02325e+11	3.10692e+10	-1.46578e+11	-9.7418e+10	2.0597e+11
1.728e+08	22384.4	909041	-3.11885e+10	1.03393e+11	2.81528e+10	-1.47166e+11	-9.52368e+10	2.06993e+11
1.729e+08	22226.9	907966	-2.78197e+10	1.04352e+11	2.52252e+10	-1.47697e+11	-9.3045e+10	2.07992e+11
1.73e+08	22024.3	906993	-2.44216e+10	1.05201e+11	2.22877e+10	-1.48169e+11	-9.08427e+10	2.08968e+11
1.731e+08	21781.9	906123	-2.09978e+10	1.05939e+11	1.93414e+10	-1.48583e+11	-8.86302e+10	2.0992e+11
1.732e+08	21505	905358	-1.75518e+10	1.06565e+11	1.63874e+10	-1.48938e+11	-8.64077e+10	2.10849e+11
1.733e+08	21199.2	904699	-1.40873e+10	1.07079e+11	1.3427e+10	-1.49234e+11	-8.41756e+10	2.11755e+11
1.734e+08	20869.9	904147	-1.0608e+10	1.0748e+11	1.04613e+10	-1.49471e+11	-8.1934e+10	2.12636e+11
1.735e+08	20522.7	903702	-7.11756e+09	1.07768e+11	7.49148e+09	-1.4965e+11	-7.96833e+10	2.13494e+11
1.736e+08	20163.1	903365	-3.61958e+09	1.07943e+11	4.51869e+09	-1.49769e+11	-7.74235e+10	2.14327e+11
1.737e+08	19796.8	903138	-1.17788e+08	1.08004e+11	1.54412e+09	-1.49829e+11	-7.51552e+10	2.15137e+11
1.738e+08	19429.4	903019	3.38413e+09	1.0795e+11	-1.43106e+09	-1.4983e+11	-7.28783e+10	2.15923e+11
1.739e+08	19066.3	903008	6.88248e+09	1.07784e+11	-4.40568e+09	-1.49772e+11	-7.05933e+10	2.16684e+11
1.74e+08	18713.2	903106	1.03736e+10	1.07503e+11	-7.37855e+09	-1.49655e+11	-6.83004e+10	2.17421e+11
1.741e+08	18375.6	903311	1.38537e+10	1.0711e+11	-1.03485e+10	-1.49479e+11	-6.59998e+10	2.18133e+11
1.742e+08	18059.1	903623	1.73193e+10	1.06603e+11	-1.33144e+10	-1.49244e+11	-6.36919e+10	2.18822e+11
1.743e+08	17769.2	904042	2.07666e+10	1.05984e+11	-1.6275e+10	-1.4895e+11	-6.13767e+10	2.19485e+11
1.744e+08	17511.4	904565	2.41921e+10	1.05254e+11	-1.92292e+10	-1.48597e+11	-5.90547e+10	2.20124e+11
1.745e+08	17291	905191	2.7592e+10	1.04412e+11	-2.21759e+10	-1.48186e+11	-5.67261e+10	2.20738e+11
1.746e+08	17113.5	905919	3.09629e+10	1.03461e+11	-2.51137e+10	-1.47716e+11	-5.43911e+10	2.21328e+11
1.747e+08	16984.1	906746	3.43011e+10	1.024e+11	-2.80417e+10	-1.47188e+11	-5.205e+10	2.21893e+11
1.748e+08	16908	907671	3.76032e+10	1.01232e+11	-3.09586e+10	-1.46601e+11	-4.97031e+10	2.22433e+11
1.749e+08	16890.5	908692	4.08657e+10	9.99569e+10	-3.38633e+10	-1.45957e+11	-4.73506e+10	2.22947e+11
1.75e+08	16936.5	909806	4.40851e+10	9.85765e+10	-3.67546e+10	-1.45255e+11	-4.49928e+10	2.23437e+11
1.751e+08	17051.1	911009	4.7258e+10	9.70921e+10	-3.96314e+10	-1.44496e+11	-4.263e+10	2.23902e+11
1.752e+08	17239.1	912301	5.03811e+10	9.55054e+10	-4.24926e+10	-1.4368e+11	-4.02623e+10	2.24342e+11
1.753e+08	17505.3	913676	5.3451e+10	9.3818e+10	-4.5337e+10	-1.42808e+11	-3.78902e+10	2.24757e+11
1.754e+08	17854.3	915132	5.64646e+10	9.20316e+10	-4.81635e+10	-1.41878e+11	-3.55138e+10	2.25146e+11
1.755e+08	18290.7	916666	5.94187e+10	9.01482e+10	-5.0971e+10	-1.40893e+11	-3.31334e+10	2.2551e+11
1.756e+08	18818.8	918273	6.23101e+10	8.81698e+10	-5.37584e+10	-1.39853e+11	-3.07493e+10	2.25849e+11
1.757e+08	19442.9	919951	6.51358e+10	8.60983e+10	-5.65245e+10	-1.38757e+11	-2.83618e+10	2.26163e+11
1.758e+08	20167.1	921694	6.78928e+10	8.39361e+10	-5.92684e+10	-1.37606e+11	-2.59711e+10	2.26451e+11
1.759e+08	20995.5	923500	7.05781e+10	8.16852e+10	-6.19889e+10	-1.36401e+11	-2.35775e+10	2.26714e+11
1.76e+08	21931.7	925362	7.3189e+10	7.93482e+10	-6.46849e+10	-1.35142e+11	-2.11812e+10	2.26951e+11
1.761e+08	22979.5	927278	7.57226e+10	7.69275e+10	-6.73554e+10	-1.3383e+11	-1.87826e+10	2.27163e+11
1.762e+08	24142.4	929242	7.81764e+10	7.44256e+10	-6.99993e+10	-1.32465e+11	-1.63818e+10	2.2735e+11
1.763e+08	25423.6	931249	8.05476e+10	7.18451e+10	-7.26155e+10	-1.31048e+11	-1.39792e+10	2.27511e+11
1.764e+08	26826.3	933295	8.28338e+10	6.91888e+10	-7.52031e+10	-1.29579e+11	-1.15751e+10	2.27646e+11
1.765e+08	28353.5	935374	8.50325e+10	6.64594e+10	-7.77611e+10	-1.28059e+11	-9.16964e+09	2.27756e+11
1.766e+08	30007.9	937481	8.71415e+10	6.36599e+10	-8.02883e+10	-1.26488e+11	-6.76317e+09	2.27841e+11
1.767e+08	31792.2	939611	8.91584e+10	6.07931e+10	-8.27838e+10	-1.24867e+11	-4.35594e+09	2.279e+11
1.768e+08	33708.5	941758	9.10811e+10	5.78621e+10	-8.52467e+10	-1.23197e+11	-1.94822e+09	2.27933e+11
1.769e+08	35759.3	943917	9.29076e+10	5.487e+10	-8.76759e+10	-1.21479e+11	4.59723e+08	2.27941e+11
1.77e+08	37946.3	946083	9.46359e+10	5.18199e+10	-9.00705e+10	-1.19712e+11	2.86761e+09	2.27923e+11
1.771e+08	40271.4	948248	9.62643e+10	4.8715e+10	-9.24295e+10	-1.17899e+11	5.27518e+09	2.2788e+11
1.772e+08	42736.1	950408	9.77909e+10	4.55587e+10	-9.4752e+10	-1.16038e+11	7.68215e+09	2.27811e+11
1.773e+08	45341.7	952557	9.92141e+10	4.23542e+10	-9.70372e+10	-1.14132e+11	1.00883e+10	2.27717e+11
1.774e+08	48089.3	954688	1.00532e+11	3.91049e+10	-9.9284e+10	-1.12181e+11	1.24932e+10	2.27597e+11
1.775e+08	50979.9	956795	1.01744e+11	3.58142e+10	-1.01492e+11	-1.10186e+11	1.48968e+10	2.27452e+11
1.776e+08	54014	958872	1.02849e+11	3.24857e+10	-1.03659e+11	-1.08147e+11	1.72987e+10	2.27281e+11
1.777e+08	57192	960914	1.03844e+11	2.91228e+10	-1.05786e+11	-1.06065e+11	1.96987e+10	2.27085e+11
1.778e+08	60514.2	962914	1.0473e+11	2.57291e+10	-1.07871e+11	-1.03941e+11	2.20965e+10	2.26863e+11
1.779e+08	63980.5	964865	1.05505e+11	2.23082e+10	-1.09913e+11	-1.01777e+11	2.44918e+10	2.26616e+11
1.78e+08	67590.6	966761	1.06168e+11	1.88637e+10	-1.11912e+11	-9.9572e+10	2.68843e+10	2.26343e+11
1.781e+08	71344	968596	1.06719e+11	1.53992e+10	-1.13866e+11	-9.73278e+10	2.92738e+10	2.26045e+11
1.782e+08	75239.9	970364	1.07157e+11	1.19183e+10	-1.15776e+11	-9.50453e+10	3.16601e+10	2.25722e+11
1.783e+08	79277.4	972058	1.07481e+11	8.42491e+09	-1.1764e+11	-9.27252e+10	3.40428e+10	2.25373e+11
1.784e+08	83455.2	973672	1.07691e+11	4.92256e+09	-1.19457e+11	-9.03685e+10	3.64217e+10	2.24999e+11
1.785e+08	87771.8	975200	1.07788e+11	1.41499e+09	-1.21228e+11	-8.7976e+10	3.87965e+10	2.246e+11
1.786e+08	92225.6	976635	1.0777e+11	-2.09408e+09	-1.2295e+11	-8.55489e+10	4.11669e+10	2.24176e+11
1.787e+08	96814.5	977972	1.07638e+11	-5.60092e+09	-1.24624e+11	-8.30879e+10	4.35328e+10	2.23727e+11
1.788e+08	101536	979203	1.07392e+11	-9.10183e+09	-1.26249e+11	-8.05941e+10	4.58937e+10	2.23252e+11
1.789e+08	106389	980323	1.07032e+11	-1.25931e+10	-1.27823e+11	-7.80685e+10	4.82495e+10	2.22753e+11
1.79e+08	111369	981326	1.06558e+11	-1.6071e+10	-1.29348e+11	-7.55121e+10	5.05999e+10	2.22228e+11
1.791e+08	116474	982206	1.05972e+11	-1.95318e+10	-1.30821e+11	-7.29258e+10	5.29447e+10	2.21679e+11
1.792e+08	121701	982956	1.05273e+11	-2.2972e+10	-1.32242e+11	-7.03107e+10	5.52834e+10	2.21104e+11
1.793e+08	127046	983572	1.04462e+11	-2.63877e+10	-1.33612e+11	-6.76678e+10	5.7616e+10	2.20505e+11
1.794e+08	132507	984046	1.0354e+11	-2.97755e+10	-1.34928e+11	-6.49982e+10	5.99422e+10	2.19881e+11
1.795e+08	138078	984374	1.02509e+11	-3.31316e+10	-1.36191e+11	-6.23029e+10	6.22616e+10	2.19233e+11
1.796e+08	143756	984550	1.01369e+11	-3.64526e+10	-1.374e+11	-5.95829e+10	6.4574e+10	2.1856e+11
1.797e+08	149537	984569	1.00121e+11	-3.97349e+10	-1.38555e+11	-5.68395e+10	6.68792e+10	2.17862e+11
1.798e+08	155416	984424	9.87666e+10	-4.29749e+10	-1.39656e+11	-5.40735e+10	6.91769e+10	2.1714e+11
1.799e+08	161389	984112	9.73075e+10	-4.61694e+10	-1.40701e+11	-5.12862e+10	7.14668e+10	2.16394e+11
1.8e+08	167450	983626	9.5745e+10	-4.93147e+10	-1.4169e+11	-4.84786e+10	7.37487e+10	2.15623e+11
1.801e+08	173594	982962	9.40807e+10	-5.24077e+10	-1.42624e+11	-4.56519e+10	7.60223e+10	2.14829e+11
1.802e+08	179817	982116	9.23165e+10	-5.5445e+10	-1.43501e+11	-4.28071e+10	7.82874e+10	2.1401e+11
1.803e+08	186112	981082	9.04542e+10	-5.84233e+10	-1.44321e+11	-3.99454e+10	8.05438e+10	2.13167e+11
1.804e+08	192474	979857	8.84957e+10	-6.13395e+10	-1.45084e+11	-3.70679e+10	8.27911e+10	2.123e+11
1.805e+08	198898	978436	8.64431e+10	-6.41906e+10	-1.4579e+11	-3.41758e+10	8.50291e+10	2.11409e+11
1.806e+08	205376	976815	8.42986e+10	-6.69733e+10	-1.46439e+11	-3.12701e+10	8.72575e+10	2.10495e+11
1.807e+08	211903	974989	8.20644e+10	-6.96848e+10	-1.47029e+11	-2.83521e+10	8.94762e+10	2.09557e+11
1.808e+08	218472	972957	7.97429e+10	-7.23222e+10	-1.47561e+11	-2.54229e+10	9.16848e+10	2.08596e+11
1.809e+08	225076	970713	7.73367e+10	-7.48827e+10	-1.48035e+11	-2.24836e+10	9.38832e+10	2.07611e+11
1.81e+08	231710	968256	7.48481e+10	-7.73635e+10	-1.48451e+11	-1.95354e+10	9.6071e+10	2.06603e+11
1.811e+08	238366	965581	7.22798e+10	-7.97619e+10	-1.48807e+11	-1.65795e+10	9.8248e+10	2.05571e+11
1.812e+08	245037	962686	6.96347e+10	-8.20755e+10	-1.49105e+11	-1.36171e+10	1.00414e+11	2.04517e+11
1.813e+08	251716	959569	6.69154e+10	-8.43017e+10	-1.49344e+11	-1.06492e+10	1.02569e+11	2.03439e+11
1.814e+08	258396	956226	6.41249e+10	-8.64381e+10	-1.49524e+11	-7.67716e+09	1.04712e+11	2.02339e+11
1.815e+08	265069	952657	6.12661e+10	-8.84825e+10	-1.49644e+11	-4.70207e+09	1.06843e+11	2.01216e+11
1.816e+08	271727	948859	5.83421e+10	-9.04328e+10	-1.49706e+11	-1.72512e+09	1.08963e+11	2.00071e+11
1.817e+08	278364	944830	5.5356e+10	-9.22867e+10	-1.49708e+11	1.25252e+09	1.1107e+11	1.98903e+11
1.818e+08	284971	940569	5.23109e+10	-9.40423e+10	-1.49651e+11	4.22966e+09	1.13165e+11	1.97712e+11
1.819e+08	291541	936076	4.92101e+10	-9.56977e+10	-1.49535e+11	7.20512e+09	1.15247e+11	1.965e+11
1.82e+08	298066	931349	4.60568e+10	-9.72513e+10	-1.4936e+11	1.01777e+10	1.17316e+11	1.95265e+11
1.821e+08	304537	926387	4.28546e+10	-9.87012e+10	-1.49125e+11	1.31463e+10	1.19372e+11	1.94009e+11
1.822e+08	310948	921190	3.96066e+10	-1.00046e+11	-1.48832e+11	1.61097e+10	1.21415e+11	1.9273e+11
1.823e+08	317289	915759	3.63165e+10	-1.01284e+11	-1.4848e+11	1.90667e+10	1.23443e+11	1.9143e+11
1.824e+08	323553	910094	3.29876e+10	-1.02414e+11	-1.48069e+11	2.20162e+10	1.25458e+11	1.90109e+11
1.825e+08	329732	904194	2.96236e+10	-1.03435e+11	-1.47599e+11	2.4957e+10	1.27459e+11	1.88766e+11
1.826e+08	335817	898061	2.62281e+10	-1.04346e+11	-1.47071e+11	2.78878e+10	1.29446e+11	1.87402e+11
1.827e+08	341800	891696	2.28046e+10	-1.05146e+11	-1.46485e+11	3.08077e+10	1.31418e+11	1.86017e+11
1.828e+08	347674	885100	1.93567e+10	-1.05834e+11	-1.45841e+11	3.37153e+10	1.33375e+11	1.84611e+11
1.829e+08	353429	878275	1.58883e+10	-1.06409e+11	-1.45139e+11	3.66097e+10	1.35318e+11	1.83184e+11
1.83e+08	359059	871222	1.24029e+10	-1.0687e+11	-1.44379e+11	3.94895e+10	1.37245e+11	1.81737e+11
1.831e+08	364554	863944	8.90433e+09	-1.07217e+11	-1.43563e+11	4.23537e+10	1.39157e+11	1.80269e+11
1.832e+08	369907	856444	5.39625e+09	-1.07451e+11	-1.42689e+11	4.52011e+10	1.41053e+11	1.78781e+11
1.833e+08	375109	848723	1.88241e+09	-1.07569e+11	-1.41759e+11	4.80306e+10	1.42933e+11	1.77273e+11
1.834e+08	380153	840785	-1.63343e+09	-1.07573e+11	-1.40774e+11	5.08412e+10	1.44797e+11	1.75745e+11
1.835e+08	385030	832634	-5.14753e+09	-1.07463e+11	-1.39732e+11	5.36315e+10	1.46645e+11	1.74197e+11
1.836e+08	389734	824272	-8.65615e+09	-1.07238e+11	-1.38635e+11	5.64007e+10	1.48476e+11	1.7263e+11
1.837e+08	394255	815703	-1.21555e+10	-1.06898e+11	-1.37483e+11	5.91475e+10	1.50291e+11	1.71043e+11
1.838e+08	398586	806933	-1.5642e+10	-1.06445e+11	-1.36277e+11	6.1871e+10	1.52089e+11	1.69437e+11
1.839e+08	402721	797964	-1.91117e+10	-1.05878e+11	-1.35016e+11	6.45699e+10	1.53869e+11	1.67812e+11
1.84e+08	406650	788803	-2.25611e+10	-1.05198e+11	-1.33703e+11	6.72432e+10	1.55633e+11	1.66168e+11
1.841e+08	410367	779453	-2.59865e+10	-1.04407e+11	-1.32336e+11	6.98899e+10	1.57378e+11	1.64506e+11
1.842e+08	413865	769919	-2.93841e+10	-1.03503e+11	-1.30917e+11	7.2509e+10	1.59107e+11	1.62824e+11
1.843e+08	417136	760208	-3.27505e+10	-1.0249e+11	-1.29446e+11	7.50993e+10	1.60817e+11	1.61125e+11
1.844e+08	420174	750325	-3.60819e+10	-1.01368e+11	-1.27923e+11	7.76599e+10	1.62509e+11	1.59407e+11
1.845e+08	422972	740275	-3.93749e+10	-1.00137e+11	-1.26351e+11	8.01897e+10	1.64183e+11	1.57672e+11
1.846e+08	425522	730066	-4.26259e+10	-9.87996e+10	-1.24728e+11	8.26878e+10	1.65838e+11	1.55919e+11
1.847e+08	427819	719703	-4.58316e+10	-9.73571e+10	-1.23055e+11	8.51531e+10	1.67475e+11	1.54148e+11
1.848e+08	429856	709193	-4.89884e+10	-9.58108e+10	-1.21334e+11	8.75846e+10	1.69093e+11	1.5236e+11
1.849e+08	431628	698543	-5.2093e+10	-9.41625e+10	-1.19565e+11	8.99815e+10	1.70692e+11	1.50554e+11
1.85e+08	433127	687760	-5.51421e+10	-9.24139e+10	-1.17749e+11	9.23428e+10	1.72271e+11	1.48732e+11
1.851e+08	434349	676851	-5.81325e+10	-9.05669e+10	-1.15885e+11	9.46674e+10	1.73831e+11	1.46893e+11
1.852e+08	435288	665824	-6.1061e+10	-8.86234e+10	-1.13976e+11	9.69546e+10	1.75372e+11	1.45037e+11
1.853e+08	435939	654687	-6.39245e+10	-8.65856e+10	-1.12022e+11	9.92033e+10	1.76893e+11	1.43165e+11
1.854e+08	436296	643448	-6.67199e+10	-8.44555e+10	-1.10023e+11	1.01413e+11	1.78394e+11	1.41277e+11
1.855e+08	436355	632114	-6.94443e+10	-8.22356e+10	-1.07981e+11	1.03582e+11	1.79875e+11	1.39374e+11
1.856e+08	436111	620695	-7.20948e+10	-7.99281e+10	-1.05896e+11	1.0571e+11	1.81335e+11	1.37454e+11
1.857e+08	435560	609198	-7.46686e+10	-7.75356e+10	-1.03769e+11	1.07797e+11	1.82776e+11	1.35519e+11
1.858e+08	434697	597632	-7.71629e+10	-7.50605e+10	-1.01601e+11	1.0984e+11	1.84195e+11	1.33568e+11
1.859e+08	433520	586006	-7.9575e+10	-7.25056e+10	-9.93928e+10	1.1184e+11	1.85594e+11	1.31603e+11
1.86e+08	432024	574330	-8.19026e+10	-6.98735e+10	-9.71451e+10	1.13796e+11	1.86972e+11	1.29623e+11
1.861e+08	430206	562612	-8.4143e+10	-6.71672e+10	-9.48589e+10	1.15707e+11	1.88329e+11	1.27628e+11
1.862e+08	428062	550861	-8.62939e+10	-6.43893e+10	-9.25351e+10	1.17571e+11	1.89664e+11	1.25618e+11
1.863e+08	425591	539087	-8.8353e+10	-6.1543e+10	-9.01746e+10	1.1939e+11	1.90978e+11	1.23595e+11
1.864e+08	422790	527299	-9.03182e+10	-5.86313e+10	-8.77783e+10	1.21161e+11	1.92271e+11	1.21558e+11
1.865e+08	419657	515508	-9.21874e+10	-5.56572e+10	-8.53473e+10	1.22883e+11	1.93542e+11	1.19506e+11
1.866e+08	416189	503722	-9.39586e+10	-5.2624e+10	-8.28824e+10	1.24558e+11	1.94791e+11	1.17442e+11
1.867e+08	412385	491952	-9.563e+10	-4.95349e+10	-8.03847e+10	1.26182e+11	1.96018e+11	1.15364e+11
1.868e+08	408243	480208	-9.71997e+10	-4.63931e+10	-7.78552e+10	1.27757e+11	1.97223e+11	1.13273e+11
1.869e+08	403764	468499	-9.86662e+10	-4.3202e+10	-7.52947e+10	1.29281e+11	1.98406e+11	1.1117e+11
1.87e+08	398946	456836	-1.00028e+11	-3.99651e+10	-7.27045e+10	1.30754e+11	1.99567e+11	1.09053e+11
1.871e+08	393788	445228	-1.01283e+11	-3.66857e+10	-7.00854e+10	1.32175e+11	2.00705e+11	1.06925e+11
1.872e+08	388292	433687	-1.02431e+11	-3.33673e+10	-6.74385e+10	1.33544e+11	2.0182e+11	1.04784e+11
1.873e+08	382456	422221	-1.0347e+11	-3.00135e+10	-6.47649e+10	1.3486e+11	2.02912e+11	1.02632e+11
1.874e+08	376282	410842	-1.044e+11	-2.66279e+10	-6.20656e+10	1.36122e+11	2.03982e+11	1.00468e+11
1.875e+08	369770	399559	-1.05218e+11	-2.3214e+10	-5.93417e+10	1.3733e+11	2.05028e+11	9.82928e+10
1.876e+08	362921	388383	-1.05925e+11	-1.97754e+10	-5.65943e+10	1.38484e+11	2.06052e+11	9.61064e+10
1.877e+08	355738	377324	-1.06519e+11	-1.63159e+10	-5.38244e+10	1.39583e+11	2.07052e+11	9.39091e+10
1.878e+08	348222	366392	-1.07001e+11	-1.28391e+10	-5.10332e+10	1.40627e+11	2.08028e+11	9.17012e+10
1.879e+08	340375	355598	-1.07369e+11	-9.34863e+09	-4.82218e+10	1.41614e+11	2.08982e+11	8.9483e+10
1.88e+08	332200	344951	-1.07623e+11	-5.84828e+09	-4.53912e+10	1.42546e+11	2.09911e+11	8.72547e+10
1.881e+08	323699	334462	-1.07763e+11	-2.34173e+09	-4.25427e+10	1.43421e+11	2.10817e+11	8.50165e+10
1.882e+08	314875	324141	-1.07789e+11	1.16731e+09	-3.96772e+10	1.4424e+11	2.11699e+11	8.27687e+10
1.883e+08	305733	313997	-1.07701e+11	4.67511e+09	-3.67961e+10	1.45001e+11	2.12557e+11	8.05115e+10
1.884e+08	296275	304041	-1.07498e+11	8.17796e+09	-3.39004e+10	1.45704e+11	2.13391e+11	7.82453e+10
1.885e+08	286506	294283	-1.07182e+11	1.16721e+10	-3.09912e+10	1.4635e+11	2.14201e+11	7.59701e+10
1.886e+08	276430	284732	-1.06752e+11	1.5154e+10	-2.80697e+10	1.46938e+11	2.14987e+11	7.36865e+10
1.887e+08	266052	275397	-1.06209e+11	1.86197e+10	-2.51371e+10	1.47468e+11	2.15748e+11	7.13944e+10
1.888e+08	255376	266289	-1.05554e+11	2.20658e+10	-2.21945e+10	1.47939e+11	2.16486e+11	6.90943e+10
1.889e+08	244409	257417	-1.04787e+11	2.54885e+10	-1.92432e+10	1.48351e+11	2.17198e+11	6.67864e+10
1.89e+08	233155	248790	-1.03909e+11	2.88843e+10	-1.62842e+10	1.48705e+11	2.17886e+11	6.44709e+10
1.891e+08	221621	240417	-1.02921e+11	3.22494e+10	-1.33187e+10	1.49e+11	2.18549e+11	6.21481e+10
1.892e+08	209812	232307	-1.01824e+11	3.55805e+10	-1.0348e+10	1.49235e+11	2.19188e+11	5.98183e+10
1.893e+08	197736	224470	-1.0062e+11	3.88739e+10	-7.37315e+09	1.49412e+11	2.19802e+11	5.74818e+10
1.894e+08	185398	216912	-9.93091e+10	4.21262e+10	-4.39539e+09	1.49529e+11	2.20391e+11	5.51387e+10
1.895e+08	172807	209644	-9.78932e+10	4.5334e+10	-1.41588e+09	1.49587e+11	2.20954e+11	5.27893e+10
1.896e+08	159968	202673	-9.63739e+10	4.84938e+10	1.56418e+09	1.49585e+11	2.21493e+11	5.0434e+10
1.897e+08	146890	196008	-9.47526e+10	5.16024e+10	4.54363e+09	1.49524e+11	2.22007e+11	4.8073e+10
1.898e+08	133580	189655	-9.30312e+10	5.46565e+10	7.52127e+09	1.49404e+11	2.22496e+11	4.57066e+10
1.899e+08	120047	183624	-9.12115e+10	5.76528e+10	1.04959e+10	1.49225e+11	2.22959e+11	4.33349e+10
1.9e+08	106299	177920	-8.92955e+10	6.05881e+10	1.34664e+10	1.48987e+11	2.23398e+11	4.09584e+10
1.901e+08	92344	172553	-8.72851e+10	6.34595e+10	1.64316e+10	1.48689e+11	2.23811e+11	3.85772e+10
1.902e+08	78191.3	167527	-8.51825e+10	6.62639e+10	1.93902e+10	1.48332e+11	2.24198e+11	3.61917e+10
1.903e+08	63849.6	162851	-8.299e+10	6.89983e+10	2.23412e+10	1.47917e+11	2.2456e+11	3.3802e+10
1.904e+08	49328.4	158530	-8.07099e+10	7.16598e+10	2.52833e+10	1.47443e+11	2.24897e+11	3.14085e+10
1.905e+08	34636.9	154572	-7.83445e+10	7.42457e+10	2.82154e+10	1.46911e+11	2.25208e+11	2.90115e+10
1.906e+08	19784.9	150980	-7.58965e+10	7.67532e+10	3.11362e+10	1.4632e+11	2.25494e+11	2.66111e+10
1.907e+08	4782.1	147763	-7.33683e+10	7.91798e+10	3.40448e+10	1.45671e+11	2.25754e+11	2.42078e+10
1.908e+08	-10361.4	144924	-7.07628e+10	8.15227e+10	3.69398e+10	1.44965e+11	2.25988e+11	2.18017e+10
1.909e+08	-25635.3	142469	-6.80825e+10	8.37797e+10	3.98202e+10	1.44201e+11	2.26197e+11	1.93931e+10
1.91e+08	-41029.3	140402	-6.53305e+10	8.59482e+10	4.26848e+10	1.4338e+11	2.2638e+11	1.69823e+10
1.911e+08	-56533	138729	-6.25095e+10	8.80261e+10	4.55325e+10	1.42502e+11	2.26538e+11	1.45696e+10
1.912e+08	-72135.5	137453	-5.96226e+10	9.00111e+10	4.83621e+10	1.41567e+11	2.2667e+11	1.21552e+10
1.913e+08	-87826	136578	-5.66728e+10	9.19013e+10	5.11726e+10	1.40577e+11	2.26776e+11	9.73951e+09
1.914e+08	-103594	136109	-5.36632e+10	9.36945e+10	5.39627e+10	1.39531e+11	2.26856e+11	7.32267e+09
1.915e+08	-119427	136047	-5.05971e+10	9.53889e+10	5.67315e+10	1.38429e+11	2.26911e+11	4.905e+09
1.916e+08	-135315	136396	-4.74776e+10	9.69827e+10	5.94778e+10	1.37272e+11	2.26939e+11	2.48677e+09
1.917e+08	-151247	137159	-4.4308e+10	9.84743e+10	6.22005e+10	1.36061e+11	2.26943e+11	6.82588e+07
1.918e+08	-167211	138338	-4.10918e+10	9.9862e+10	6.48985e+10	1.34797e+11	2.2692e+11	-2.35026e+09
1.919e+08	-183195	139935	-3.78322e+10	1.01145e+11	6.75708e+10	1.33478e+11	2.26871e+11	-4.76851e+09
1.92e+08	-199188	141952	-3.45328e+10	1.0232e+11	7.02164e+10	1.32107e+11	2.26797e+11	-7.18622e+09
1.921e+08	-215178	144389	-3.11969e+10	1.03388e+11	7.28341e+10	1.30683e+11	2.26697e+11	-9.60311e+09
1.922e+08	-231154	147248	-2.78282e+10	1.04348e+11	7.54229e+10	1.29208e+11	2.26571e+11	-1.20189e+10
1.923e+08	-247103	150530	-2.44301e+10	1.05197e+11	7.79818e+10	1.27681e+11	2.2642e+11	-1.44334e+10
1.924e+08	-263014	154234	-2.10063e+10	1.05935e+11	8.05098e+10	1.26104e+11	2.26242e+11	-1.68461e+10
1.925e+08	-278876	158361	-1.75604e+10	1.06562e+11	8.30059e+10	1.24477e+11	2.26039e+11	-1.9257e+10
1.926e+08	-294675	162910	-1.4096e+10	1.07076e+11	8.54691e+10	1.228e+11	2.25811e+11	-2.16657e+10
1.927e+08	-310401	167880	-1.06167e+10	1.07477e+11	8.78984e+10	1.21075e+11	2.25556e+11	-2.40719e+10
1.928e+08	-326042	173271	-7.12621e+09	1.07766e+11	9.02929e+10	1.19302e+11	2.25276e+11	-2.64754e+10
1.929e+08	-341585	179081	-3.62823e+09	1.07941e+11	9.26516e+10	1.17482e+11	2.2497e+11	-2.88759e+10
1.93e+08	-357019	185308	-1.26421e+08	1.08002e+11	9.49736e+10	1.15614e+11	2.24639e+11	-3.12731e+10
1.931e+08	-372333	191949	3.37552e+09	1.07949e+11	9.7258e+10	1.13702e+11	2.24282e+11	-3.36667e+10
1.932e+08	-387513	199003	6.8739e+09	1.07782e+11	9.95038e+10	1.11744e+11	2.239e+11	-3.60565e+10
1.933e+08	-402550	206467	1.0365e+10	1.07502e+11	1.0171e+11	1.09741e+11	2.23492e+11	-3.84422e+10
1.934e+08	-417430	214336	1.38453e+10	1.07109e+11	1.03876e+11	1.07696e+11	2.23059e+11	-4.08236e+10
1.935e+08	-432143	222609	1.73109e+10	1.06602e+11	1.06001e+11	1.05607e+11	2.226e+11	-4.32002e+10
1.936e+08	-446677	231281	2.07583e+10	1.05984e+11	1.08084e+11	1.03477e+11	2.22116e+11	-4.5572e+10
1.937e+08	-461021	240347	2.41838e+10	1.05254e+11	1.10124e+11	1.01306e+11	2.21607e+11	-4.79386e+10
1.938e+08	-475163	249803	2.75838e+10	1.04413e+11	1.12121e+11	9.90947e+10	2.21072e+11	-5.02997e+10
1.939e+08	-489093	259645	3.09548e+10	1.03461e+11	1.14073e+11	9.68441e+10	2.20513e+11	-5.2655e+10
1.94e+08	-502799	269867	3.42931e+10	1.02401e+11	1.15979e+11	9.45551e+10	2.19928e+11	-5.50044e+10
1.941e+08	-516271	280463	3.75953e+10	1.01233e+11	1.1784e+11	9.22287e+10	2.19318e+11	-5.73475e+10
1.942e+08	-529498	291428	4.08579e+10	9.99581e+10	1.19654e+11	8.98657e+10	2.18683e+11	-5.96841e+10
1.943e+08	-542468	302756	4.40774e+10	9.85779e+10	1.21421e+11	8.74671e+10	2.18023e+11	-6.20139e+10
1.944e+08	-555173	314439	4.72504e+10	9.70937e+10	1.2314e+11	8.50339e+10	2.17339e+11	-6.43366e+10
1.945e+08	-567602	326472	5.03737e+10	9.55072e+10	1.2481e+11	8.2567e+10	2.16629e+11	-6.6652e+10
1.946e+08	-579744	338847	5.34438e+10	9.382e+10	1.2643e+11	8.00674e+10	2.15895e+11	-6.89597e+10
1.947e+08	-591590	351557	5.64575e+10	9.20339e+10	1.28001e+11	7.75361e+10	2.15136e+11	-7.12597e+10
1.948e+08	-603130	364594	5.94117e+10	9.01507e+10	1.29521e+11	7.49741e+10	2.14353e+11	-7.35514e+10
1.949e+08	-614355	377949	6.23033e+10	8.81725e+10	1.30989e+11	7.23824e+10	2.13545e+11	-7.58348e+10
1.95e+08	-625256	391616	6.51291e+10	8.61012e+10	1.32406e+11	6.97621e+10	2.12713e+11	-7.81096e+10
1.951e+08	-635823	405585	6.78863e+10	8.39391e+10	1.3377e+11	6.71141e+10	2.11857e+11	-8.03754e+10
1.952e+08	-646048	419848	7.05718e+10	8.16885e+10	1.35081e+11	6.44395e+10	2.10976e+11	-8.26321e+10
1.953e+08	-655923	434395	7.31829e+10	7.93516e+10	1.36339e+11	6.17394e+10	2.10072e+11	-8.48793e+10
1.954e+08	-665439	449217	7.57167e+10	7.69311e+10	1.37542e+11	5.90149e+10	2.09143e+11	-8.71169e+10
1.955e+08	-674588	464305	7.81706e+10	7.44293e+10	1.38691e+11	5.6267e+10	2.08191e+11	-8.93445e+10
1.956e+08	-683363	479649	8.0542e+10	7.1849e+10	1.39786e+11	5.34968e+10	2.07215e+11	-9.15619e+10
1.957e+08	-691756	495239	8.28284e+10	6.91928e+10	1.40825e+11	5.07055e+10	2.06215e+11	-9.37688e+10
1.958e+08	-699760	511064	8.50274e+10	6.64636e+10	1.41808e+11	4.7894e+10	2.05191e+11	-9.5965e+10
1.959e+08	-707368	527114	8.71365e+10	6.36642e+10	1.42735e+11	4.50637e+10	2.04144e+11	-9.81503e+10
1.96e+08	-714574	543379	8.91536e+10	6.07975e+10	1.43606e+11	4.22154e+10	2.03074e+11	-1.00324e+11
1.961e+08	-721371	559848	9.10766e+10	5.78667e+10	1.44419e+11	3.93505e+10	2.01981e+11	-1.02487e+11
1.962e+08	-727754	576509	9.29033e+10	5.48747e+10	1.45176e+11	3.647e+10	2.00864e+11	-1.04638e+11
1.963e+08	-733717	593351	9.46319e+10	5.18247e+10	1.45875e+11	3.35751e+10	1.99725e+11	-1.06777e+11
1.964e+08	-739255	610364	9.62604e+10	4.87199e+10	1.46516e+11	3.06669e+10	1.98563e+11	-1.08904e+11
1.965e+08	-744362	627534	9.77872e+10	4.55637e+10	1.471e+11	2.77465e+10	1.97378e+11	-1.11018e+11
1.966e+08	-749034	644852	9.92107e+10	4.23593e+10	1.47625e+11	2.48152e+10	1.9617e+11	-1.13119e+11
1.967e+08	-753267	662305	1.00529e+11	3.911e+10	1.48092e+11	2.1874e+10	1.94941e+11	-1.15208e+11
1.968e+08	-757056	679880	1.01741e+11	3.58195e+10	1.485e+11	1.89242e+10	1.93688e+11	-1.17284e+11
1.969e+08	-760399	697567	1.02846e+11	3.2491e+10	1.48849e+11	1.59669e+10	1.92414e+11	-1.19346e+11
1.97e+08	-763291	715352	1.03842e+11	2.91282e+10	1.4914e+11	1.30033e+10	1.91118e+11	-1.21394e+11
1.971e+08	-765731	733223	1.04728e+11	2.57346e+10	1.49371e+11	1.00345e+10	1.898e+11	-1.23429e+11
1.972e+08	-767715	751169	1.05503e+11	2.23137e+10	1.49544e+11	7.06182e+09	1.8846e+11	-1.25449e+11
1.973e+08	-769241	769176	1.06166e+11	1.88692e+10	1.49657e+11	4.08631e+09	1.87098e+11	-1.27455e+11
1.974e+08	-770307	787232	1.06717e+11	1.54047e+10	1.49711e+11	1.10917e+09	1.85715e+11	-1.29447e+11
1.975e+08	-770913	805324	1.07156e+11	1.1924e+10	1.49706e+11	-1.8684e+09	1.84311e+11	-1.31423e+11
1.976e+08	-771056	823441	1.0748e+11	8.43056e+09	1.49642e+11	-4.84523e+09	1.82886e+11	-1.33385e+11
1.977e+08	-770736	841568	1.07691e+11	4.92823e+09	1.49518e+11	-7.82014e+09	1.8144e+11	-1.35332e+11
1.978e+08	-769953	859694	1.07787e+11	1.42067e+09	1.49335e+11	-1.0792e+10	1.79973e+11	-1.37262e+11
1.979e+08	-768706	877806	1.0777e+11	-2.08839e+09	1.49094e+11	-1.37595e+10	1.78485e+11	-1.39178e+11
1.98e+08	-766996	895891	1.07638e+11	-5.59524e+09	1.48793e+11	-1.67216e+10	1.76977e+11	-1.41077e+11
1.981e+08	-764824	913937	1.07392e+11	-9.09615e+09	1.48433e+11	-1.96771e+10	1.75449e+11	-1.4296e+11
1.982e+08	-762190	931930	1.07032e+11	-1.25874e+10	1.48015e+11	-2.26248e+10	1.73901e+11	-1.44827e+11
1.983e+08	-759097	949859	1.06559e+11	-1.60653e+10	1.47538e+11	-2.55636e+10	1.72333e+11	-1.46677e+11
1.984e+08	-755546	967710	1.05973e+11	-1.95262e+10	1.47003e+11	-2.84923e+10	1.70745e+11	-1.4851e+11
1.985e+08	-751538	985471	1.05274e+11	-2.29664e+10	1.4641e+11	-3.14097e+10	1.69137e+11	-1.50326e+11
1.986e+08	-747078	1.00313e+06	1.04464e+11	-2.63822e+10	1.45759e+11	-3.43146e+10	1.6751e+11	-1.52126e+11
1.987e+08	-742167	1.02067e+06	1.03543e+11	-2.977e+10	1.4505e+11	-3.72061e+10	1.65864e+11	-1.53907e+11
1.988e+08	-736809	1.03809e+06	1.02512e+11	-3.31262e+10	1.44284e+11	-4.00828e+10	1.64199e+11	-1.55671e+11
1.989e+08	-731007	1.05537e+06	1.01372e+11	-3.64472e+10	1.43461e+11	-4.29436e+10	1.62515e+11	-1.57417e+11
1.99e+08	-724765	1.07249e+06	1.00124e+11	-3.97296e+10	1.42581e+11	-4.57875e+10	1.60813e+11	-1.59146e+11
1.991e+08	-718089	1.08945e+06	9.87701e+10	-4.29697e+10	1.41645e+11	-4.86133e+10	1.59092e+11	-1.60856e+11
1.992e+08	-710981	1.10624e+06	9.73113e+10	-4.61642e+10	1.40653e+11	-5.14199e+10	1.57353e+11	-1.62547e+11
1.993e+08	-703448	1.12284e+06	9.57492e+10	-4.93097e+10	1.39605e+11	-5.42061e+10	1.55595e+11	-1.6422e+11
1.994e+08	-695495	1.13924e+06	9.40853e+10	-5.24028e+10	1.38502e+11	-5.69709e+10	1.5382e+11	-1.65874e+11
1.995e+08	-687127	1.15543e+06	9.23214e+10	-5.54402e+10	1.37345e+11	-5.97132e+10	1.52028e+11	-1.67509e+11
1.996e+08	-678350	1.1714e+06	9.04594e+10	-5.84186e+10	1.36133e+11	-6.24319e+10	1.50217e+11	-1.69125e+11
1.997e+08	-669171	1.18714e+06	8.85012e+10	-6.1335e+10	1.34867e+11	-6.5126e+10	1.4839e+11	-1.70721e+11
1.998e+08	-659597	1.20264e+06	8.6449e+10	-6.41862e+10	1.33548e+11	-6.77943e+10	1.46546e+11	-1.72298e+11
1.999e+08	-649633	1.21788e+06	8.43048e+10	-6.69691e+10	1.32176e+11	-7.04358e+10	1.44684e+11	-1.73855e+11
2e+08	-639288	1.23286e+06	8.2071e+10	-6.96808e+10	1.30752e+11	-7.30495e+10	1.42807e+11	-1.75392e+11
2.001e+08	-628569	1.24756e+06	7.97499e+10	-7.23183e+10	1.29276e+11	-7.56344e+10	1.40912e+11	-1.76909e+11
2.002e+08	-617484	1.26198e+06	7.73439e+10	-7.4879e+10	1.2775e+11	-7.81893e+10	1.39002e+11	-1.78406e+11
2.003e+08	-606041	1.2761e+06	7.48557e+10	-7.736e+10	1.26172e+11	-8.07134e+10	1.37076e+11	-1.79882e+11
2.004e+08	-594248	1.28992e+06	7.22878e+10	-7.97586e+10	1.24545e+11	-8.32055e+10	1.35134e+11	-1.81337e+11
2.005e+08	-582115	1.30343e+06	6.9643e+10	-8.20724e+10	1.22869e+11	-8.56649e+10	1.33176e+11	-1.82772e+11
2.006e+08	-569649	1.31661e+06	6.69241e+10	-8.42988e+10	1.21144e+11	-8.80903e+10	1.31203e+11	-1.84186e+11
2.007e+08	-556861	1.32946e+06	6.41339e+10	-8.64355e+10	1.19372e+11	-9.0481e+10	1.29215e+11	-1.85579e+11
2.008e+08	-543759	1.34198e+06	6.12755e+10	-8.84802e+10	1.17552e+11	-9.28359e+10	1.27213e+11	-1.8695e+11
2.009e+08	-530353	1.35415e+06	5.83518e+10	-9.04307e+10	1.15686e+11	-9.51542e+10	1.25195e+11	-1.883e+11
2.01e+08	-516654	1.36596e+06	5.5366e+10	-9.22849e+10	1.13774e+11	-9.74349e+10	1.23164e+11	-1.89628e+11
2.011e+08	-502671	1.37741e+06	5.23213e+10	-9.40408e+10	1.11817e+11	-9.96771e+10	1.21118e+11	-1.90934e+11
2.012e+08	-488414	1.38848e+06	4.92208e+10	-9.56966e+10	1.09816e+11	-1.0188e+11	1.19058e+11	-1.92219e+11
2.013e+08	-473895	1.39919e+06	4.60679e+10	-9.72504e+10	1.07771e+11	-1.04043e+11	1.16985e+11	-1.93481e+11
2.014e+08	-459123	1.4095e+06	4.2866e+10	-9.87007e+10	1.05685e+11	-1.06164e+11	1.14898e+11	-1.94722e+11
2.015e+08	-444111	1.41943e+06	3.96183e+10	-1.00046e+11	1.03556e+11	-1.08244e+11	1.12798e+11	-1.95939e+11
2.016e+08	-428867	1.42896e+06	3.63285e+10	-1.01284e+11	1.01386e+11	-1.10281e+11	1.10685e+11	-1.97135e+11
2.017e+08	-413405	1.43809e+06	3.3e+10	-1.02415e+11	9.91767e+10	-1.12274e+11	1.08559e+11	-1.98308e+11
2.018e+08	-397736	1.44681e+06	2.96363e+10	-1.03437e+11	9.6928e+10	-1.14223e+11	1.06421e+11	-1.99458e+11
2.019e+08	-381870	1.45512e+06	2.6241e+10	-1.04348e+11	9.46409e+10	-1.16127e+11	1.0427e+11	-2.00585e+11
2.02e+08	-365820	1.46301e+06	2.28178e+10	-1.05148e+11	9.23166e+10	-1.17985e+11	1.02108e+11	-2.01689e+11
2.021e+08	-349597	1.47048e+06	1.93702e+10	-1.05836e+11	8.99557e+10	-1.19796e+11	9.99336e+10	-2.02769e+11
2.022e+08	-333213	1.47752e+06	1.59021e+10	-1.06411e+11	8.75594e+10	-1.2156e+11	9.7748e+10	-2.03827e+11
2.023e+08	-316681	1.48414e+06	1.24169e+10	-1.06873e+11	8.51284e+10	-1.23277e+11	9.55511e+10	-2.04861e+11
2.024e+08	-300011	1.49032e+06	8.91858e+09	-1.07221e+11	8.26639e+10	-1.24944e+11	9.33433e+10	-2.05871e+11
2.025e+08	-283217	1.49607e+06	5.41072e+09	-1.07455e+11	8.01668e+10	-1.26562e+11	9.11247e+10	-2.06858e+11
2.026e+08	-266310	1.50138e+06	1.89709e+09	-1.07574e+11	7.7638e+10	-1.2813e+11	8.88957e+10	-2.07821e+11
2.027e+08	-249304	1.50625e+06	-1.61856e+09	-1.07579e+11	7.50785e+10	-1.29648e+11	8.66564e+10	-2.08761e+11
2.028e+08	-232209	1.51068e+06	-5.13249e+09	-1.07469e+11	7.24894e+10	-1.31115e+11	8.44072e+10	-2.09676e+11
2.029e+08	-215038	1.51466e+06	-8.64094e+09	-1.07244e+11	6.98717e+10	-1.32529e+11	8.21483e+10	-2.10567e+11
2.03e+08	-197804	1.5182e+06	-1.21402e+10	-1.06905e+11	6.72264e+10	-1.33892e+11	7.98799e+10	-2.11434e+11
2.031e+08	-180520	1.5213e+06	-1.56265e+10	-1.06452e+11	6.45546e+10	-1.35201e+11	7.76023e+10	-2.12276e+11
2.032e+08	-163196	1.52394e+06	-1.90962e+10	-1.05886e+11	6.18573e+10	-1.36457e+11	7.53159e+10	-2.13095e+11
2.033e+08	-145847	1.52615e+06	-2.25455e+10	-1.05207e+11	5.91356e+10	-1.3766e+11	7.30207e+10	-2.13888e+11
2.034e+08	-128483	1.52791e+06	-2.59707e+10	-1.04416e+11	5.63905e+10	-1.38808e+11	7.07172e+10	-2.14657e+11
2.035e+08	-111118	1.52922e+06	-2.93684e+10	-1.03513e+11	5.36232e+10	-1.39901e+11	6.84055e+10	-2.15402e+11
2.036e+08	-93762.9	1.53009e+06	-3.27347e+10	-1.02501e+11	5.08347e+10	-1.40939e+11	6.6086e+10	-2.16121e+11
2.037e+08	-76430.7	1.53052e+06	-3.60661e+10	-1.01379e+11	4.80262e+10	-1.41921e+11	6.37589e+10	-2.16816e+11
2.038e+08	-59133.2	1.5305e+06	-3.93591e+10	-1.00149e+11	4.51987e+10	-1.42848e+11	6.14244e+10	-2.17486e+11
2.039e+08	-41882.6	1.53005e+06	-4.26102e+10	-9.88121e+10	4.23534e+10	-1.43718e+11	5.90829e+10	-2.18131e+11
2.04e+08	-24690.6	1.52916e+06	-4.58159e+10	-9.73702e+10	3.94913e+10	-1.44531e+11	5.67346e+10	-2.18751e+11
2.041e+08	-7569.09	1.52784e+06	-4.89728e+10	-9.58245e+10	3.66137e+10	-1.45287e+11	5.43797e+10	-2.19345e+11
2.042e+08	9470.14	1.52609e+06	-5.20776e+10	-9.41769e+10	3.37216e+10	-1.45986e+11	5.20186e+10	-2.19915e+11
2.043e+08	26415.5	1.52392e+06	-5.51269e+10	-9.24289e+10	3.08162e+10	-1.46627e+11	4.96515e+10	-2.20459e+11
2.044e+08	43255.7	1.52132e+06	-5.81174e+10	-9.05825e+10	2.78987e+10	-1.47211e+11	4.72787e+10	-2.20977e+11
2.045e+08	59979.2	1.5183e+06	-6.10461e+10	-8.86397e+10	2.49701e+10	-1.47736e+11	4.49005e+10	-2.21471e+11
2.046e+08	76574.9	1.51487e+06	-6.39098e+10	-8.66024e+10	2.20317e+10	-1.48203e+11	4.25171e+10	-2.21938e+11
2.047e+08	93031.8	1.51102e+06	-6.67055e+10	-8.4473e+10	1.90846e+10	-1.48612e+11	4.01288e+10	-2.22381e+11
2.048e+08	109339	1.50678e+06	-6.94302e+10	-8.22537e+10	1.613e+10	-1.48961e+11	3.77359e+10	-2.22797e+11
2.049e+08	125486	1.50213e+06	-7.2081e+10	-7.99468e+10	1.3169e+10	-1.49253e+11	3.53386e+10	-2.23188e+11
2.05e+08	141462	1.49709e+06	-7.46551e+10	-7.75549e+10	1.02028e+10	-1.49485e+11	3.29373e+10	-2.23554e+11
2.051e+08	157257	1.49167e+06	-7.71497e+10	-7.50804e+10	7.23253e+09	-1.49658e+11	3.05322e+10	-2.23893e+11
2.052e+08	172861	1.48586e+06	-7.95623e+10	-7.25261e+10	4.25945e+09	-1.49772e+11	2.81236e+10	-2.24207e+11
2.053e+08	188264	1.47968e+06	-8.18902e+10	-6.98946e+10	1.28469e+09	-1.49827e+11	2.57117e+10	-2.24495e+11
2.054e+08	203457	1.47313e+06	-8.4131e+10	-6.71888e+10	-1.69059e+09	-1.49823e+11	2.32969e+10	-2.24758e+11
2.055e+08	218429	1.46622e+06	-8.62824e+10	-6.44115e+10	-4.66519e+09	-1.4976e+11	2.08794e+10	-2.24994e+11
2.056e+08	233172	1.45896e+06	-8.8342e+10	-6.15657e+10	-7.63795e+09	-1.49638e+11	1.84595e+10	-2.25205e+11
2.057e+08	247677	1.45135e+06	-9.03077e+10	-5.86545e+10	-1.06077e+10	-1.49456e+11	1.60375e+10	-2.25389e+11
2.058e+08	261935	1.4434e+06	-9.21774e+10	-5.56809e+10	-1.35733e+10	-1.49216e+11	1.36136e+10	-2.25548e+11
2.059e+08	275937	1.43513e+06	-9.39492e+10	-5.26482e+10	-1.65335e+10	-1.48917e+11	1.11882e+10	-2.25681e+11
2.06e+08	289676	1.42653e+06	-9.56211e+10	-4.95595e+10	-1.94871e+10	-1.48559e+11	8.76145e+09	-2.25787e+11
2.061e+08	303144	1.41762e+06	-9.71914e+10	-4.64181e+10	-2.24331e+10	-1.48142e+11	6.33372e+09	-2.25868e+11
2.062e+08	316333	1.4084e+06	-9.86584e+10	-4.32275e+10	-2.53703e+10	-1.47667e+11	3.90526e+09	-2.25923e+11
2.063e+08	329236	1.39889e+06	-1.00021e+11	-3.99909e+10	-2.82974e+10	-1.47134e+11	1.47636e+09	-2.25952e+11
2.064e+08	341845	1.38909e+06	-1.01277e+11	-3.67119e+10	-3.12134e+10	-1.46542e+11	-9.52723e+08	-2.25955e+11
2.065e+08	354154	1.37901e+06	-1.02425e+11	-3.33938e+10	-3.4117e+10	-1.45893e+11	-3.38169e+09	-2.25931e+11
2.066e+08	366156	1.36867e+06	-1.03465e+11	-3.00404e+10	-3.70072e+10	-1.45186e+11	-5.81027e+09	-2.25882e+11
2.067e+08	377846	1.35807e+06	-1.04395e+11	-2.6655e+10	-3.98828e+10	-1.44422e+11	-8.23819e+09	-2.25807e+11
2.068e+08	389217	1.34722e+06	-1.05214e+11	-2.32413e+10	-4.27426e+10	-1.43601e+11	-1.06651e+10	-2.25706e+11
2.069e+08	400263	1.33613e+06	-1.05922e+11	-1.9803e+10	-4.55856e+10	-1.42723e+11	-1.30909e+10	-2.25579e+11
2.07e+08	410981	1.32481e+06	-1.06517e+11	-1.63437e+10	-4.84105e+10	-1.41789e+11	-1.55151e+10	-2.25426e+11
2.071e+08	421364	1.31327e+06	-1.06999e+11	-1.28671e+10	-5.12164e+10	-1.40799e+11	-1.79376e+10	-2.25247e+11
2.072e+08	431408	1.30152e+06	-1.07368e+11	-9.37676e+09	-5.4002e+10	-1.39753e+11	-2.03579e+10	-2.25042e+11
2.073e+08	441108	1.28958e+06	-1.07623e+11	-5.87652e+09	-5.67664e+10	-1.38653e+11	-2.2776e+10	-2.24811e+11
2.074e+08	450462	1.27745e+06	-1.07764e+11	-2.37004e+09	-5.95083e+10	-1.37497e+11	-2.51914e+10	-2.24554e+11
2.075e+08	459464	1.26514e+06	-1.07791e+11	1.13894e+09	-6.22268e+10	-1.36287e+11	-2.76039e+10	-2.24271e+11
2.076e+08	468112	1.25266e+06	-1.07703e+11	4.64672e+09	-6.49206e+10	-1.35024e+11	-3.00133e+10	-2.23963e+11
2.077e+08	476403	1.24003e+06	-1.07501e+11	8.14958e+09	-6.75889e+10	-1.33707e+11	-3.24192e+10	-2.23629e+11
2.078e+08	484334	1.22725e+06	-1.07186e+11	1.16438e+10	-7.02305e+10	-1.32337e+11	-3.48213e+10	-2.23269e+11
2.079e+08	491903	1.21434e+06	-1.06757e+11	1.51257e+10	-7.28443e+10	-1.30915e+11	-3.72195e+10	-2.22884e+11
2.08e+08	499107	1.2013e+06	-1.06215e+11	1.85916e+10	-7.54294e+10	-1.29442e+11	-3.96134e+10	-2.22472e+11
2.081e+08	505945	1.18815e+06	-1.0556e+11	2.20378e+10	-7.79848e+10	-1.27917e+11	-4.20027e+10	-2.22036e+11
2.082e+08	512416	1.1749e+06	-1.04794e+11	2.54607e+10	-8.05093e+10	-1.26342e+11	-4.43872e+10	-2.21573e+11
2.083e+08	518519	1.16155e+06	-1.03916e+11	2.88566e+10	-8.30021e+10	-1.24717e+11	-4.67666e+10	-2.21085e+11
2.084e+08	524252	1.14812e+06	-1.02929e+11	3.2222e+10	-8.5462e+10	-1.23042e+11	-4.91406e+10	-2.20572e+11
2.085e+08	529616	1.13463e+06	-1.01833e+11	3.55533e+10	-8.78883e+10	-1.2132e+11	-5.15089e+10	-2.20034e+11
2.086e+08	534610	1.12107e+06	-1.00629e+11	3.8847e+10	-9.02798e+10	-1.19549e+11	-5.38713e+10	-2.1947e+11
2.087e+08	539234	1.10746e+06	-9.93193e+10	4.20996e+10	-9.26358e+10	-1.17731e+11	-5.62276e+10	-2.18881e+11
2.088e+08	543490	1.09382e+06	-9.7904e+10	4.53077e+10	-9.49551e+10	-1.15866e+11	-5.85773e+10	-2.18266e+11
2.089e+08	547378	1.08014e+06	-9.63853e+10	4.8468e+10	-9.72369e+10	-1.13956e+11	-6.09203e+10	-2.17627e+11
2.09e+08	550899	1.06645e+06	-9.47647e+10	5.15769e+10	-9.94804e+10	-1.12001e+11	-6.32564e+10	-2.16962e+11
2.091e+08	554054	1.05275e+06	-9.30439e+10	5.46314e+10	-1.01685e+11	-1.10002e+11	-6.55851e+10	-2.16273e+11
2.092e+08	556846	1.03906e+06	-9.12249e+10	5.76281e+10	-1.03849e+11	-1.07959e+11	-6.79063e+10	-2.15559e+11
2.093e+08	559277	1.02537e+06	-8.93094e+10	6.0564e+10	-1.05972e+11	-1.05873e+11	-7.02197e+10	-2.14819e+11
2.094e+08	561348	1.01171e+06	-8.72996e+10	6.34359e+10	-1.08053e+11	-1.03746e+11	-7.2525e+10	-2.14056e+11
2.095e+08	563063	998086	-8.51975e+10	6.62407e+10	-1.10091e+11	-1.01578e+11	-7.4822e+10	-2.13267e+11
2.096e+08	564424	984501	-8.30055e+10	6.89757e+10	-1.12086e+11	-9.93693e+10	-7.71104e+10	-2.12454e+11
2.097e+08	565436	970970	-8.07259e+10	7.16377e+10	-1.14037e+11	-9.71217e+10	-7.93899e+10	-2.11617e+11
2.098e+08	566100	957500	-7.8361e+10	7.42242e+10	-1.15943e+11	-9.48357e+10	-8.16603e+10	-2.10755e+11
2.099e+08	566422	944102	-7.59134e+10	7.67323e+10	-1.17803e+11	-9.25122e+10	-8.39213e+10	-2.09869e+11
2.1e+08	566404	930785	-7.33857e+10	7.91594e+10	-1.19616e+11	-9.01522e+10	-8.61726e+10	-2.08959e+11
2.101e+08	566053	917558	-7.07805e+10	8.1503e+10	-1.21382e+11	-8.77566e+10	-8.84141e+10	-2.08025e+11
2.102e+08	565371	904429	-6.81006e+10	8.37606e+10	-1.231e+11	-8.53264e+10	-9.06453e+10	-2.07067e+11
2.103e+08	564364	891407	-6.53489e+10	8.59297e+10	-1.2477e+11	-8.28624e+10	-9.28662e+10	-2.06086e+11
2.104e+08	563037	878502	-6.25283e+10	8.80083e+10	-1.2639e+11	-8.03657e+10	-9.50764e+10	-2.0508e+11
2.105e+08	561395	865720	-5.96416e+10	8.9994e+10	-1.2796e+11	-7.78372e+10	-9.72756e+10	-2.04051e+11
2.106e+08	559443	853072	-5.66921e+10	9.18848e+10	-1.2948e+11	-7.5278e+10	-9.94637e+10	-2.02999e+11
2.107e+08	557188	840563	-5.36828e+10	9.36786e+10	-1.30949e+11	-7.2689e+10	-1.0164e+11	-2.01923e+11
2.108e+08	554636	828203	-5.06168e+10	9.53737e+10	-1.32366e+11	-7.00714e+10	-1.03805e+11	-2.00824e+11
2.109e+08	551792	815998	-4.74975e+10	9.69682e+10	-1.3373e+11	-6.7426e+10	-1.05958e+11	-1.99702e+11
2.11e+08	548663	803956	-4.43281e+10	9.84605e+10	-1.35042e+11	-6.4754e+10	-1.08099e+11	-1.98557e+11
2.111e+08	545255	792083	-4.1112e+10	9.98489e+10	-1.363e+11	-6.20564e+10	-1.10228e+11	-1.97389e+11
2.112e+08	541576	780388	-3.78525e+10	1.01132e+11	-1.37505e+11	-5.93343e+10	-1.12344e+11	-1.96198e+11
2.113e+08	537631	768875	-3.45531e+10	1.02309e+11	-1.38655e+11	-5.65887e+10	-1.14446e+11	-1.94985e+11
2.114e+08	533429	757553	-3.12173e+10	1.03377e+11	-1.3975e+11	-5.38208e+10	-1.16536e+11	-1.9375e+11
2.115e+08	528976	746425	-2.78486e+10	1.04337e+11	-1.4079e+11	-5.10316e+10	-1.18613e+11	-1.92492e+11
2.116e+08	524279	735500	-2.44505e+10	1.05187e+11	-1.41775e+11	-4.82222e+10	-1.20675e+11	-1.91212e+11
2.117e+08	519347	724781	-2.10267e+10	1.05926e+11	-1.42703e+11	-4.53938e+10	-1.22724e+11	-1.89911e+11
2.118e+08	514187	714274	-1.75807e+10	1.06553e+11	-1.43575e+11	-4.25474e+10	-1.24759e+11	-1.88587e+11
2.119e+08	508806	703985	-1.41162e+10	1.07068e+11	-1.44391e+11	-3.96842e+10	-1.26779e+11	-1.87242e+11
2.12e+08	503213	693918	-1.06368e+10	1.0747e+11	-1.45149e+11	-3.68053e+10	-1.28785e+11	-1.85875e+11
2.121e+08	497416	684078	-7.14616e+09	1.07759e+11	-1.4585e+11	-3.39119e+10	-1.30776e+11	-1.84487e+11
2.122e+08	491422	674468	-3.64802e+09	1.07935e+11	-1.46493e+11	-3.1005e+10	-1.32753e+11	-1.83078e+11
2.123e+08	485240	665093	-1.46035e+08	1.07996e+11	-1.47078e+11	-2.80859e+10	-1.34713e+11	-1.81648e+11
2.124e+08	478878	655957	3.35611e+09	1.07944e+11	-1.47605e+11	-2.51557e+10	-1.36659e+11	-1.80197e+11
2.125e+08	472344	647062	6.85471e+09	1.07778e+11	-1.48074e+11	-2.22156e+10	-1.38589e+11	-1.78725e+11
2.126e+08	465647	638412	1.03461e+10	1.07499e+11	-1.48484e+11	-1.92666e+10	-1.40502e+11	-1.77233e+11
2.127e+08	458796	630010	1.38266e+10	1.07106e+11	-1.48835e+11	-1.63101e+10	-1.424e+11	-1.7572e+11
2.128e+08	451798	621859	1.72925e+10	1.066e+11	-1.49128e+11	-1.3347e+10	-1.44281e+11	-1.74187e+11
2.129e+08	444662	613960	2.07402e+10	1.05982e+11	-1.49362e+11	-1.03788e+10	-1.46146e+11	-1.72634e+11
2.13e+08	437397	606316	2.4166e+10	1.05252e+11	-1.49536e+11	-7.40637e+09	-1.47994e+11	-1.71062e+11
2.131e+08	430011	598928	2.75663e+10	1.04412e+11	-1.49652e+11	-4.43104e+09	-1.49825e+11	-1.6947e+11
2.132e+08	422513	591798	3.09376e+10	1.03461e+11	-1.49708e+11	-1.45397e+09	-1.51639e+11	-1.67858e+11
2.133e+08	414912	584927	3.42763e+10	1.02401e+11	-1.49705e+11	1.52369e+09	-1.53436e+11	-1.66227e+11
2.134e+08	407215	578315	3.75789e+10	1.01234e+11	-1.49642e+11	4.50074e+09	-1.55215e+11	-1.64577e+11
2.135e+08	399432	571964	4.08418e+10	9.99592e+10	-1.49521e+11	7.476e+09	-1.56976e+11	-1.62909e+11
2.136e+08	391571	565874	4.40617e+10	9.85794e+10	-1.4934e+11	1.04483e+10	-1.58719e+11	-1.61221e+11
2.137e+08	383640	560045	4.72352e+10	9.70956e+10	-1.49101e+11	1.34165e+10	-1.60444e+11	-1.59515e+11
2.138e+08	375648	554476	5.03588e+10	9.55095e+10	-1.48802e+11	1.63794e+10	-1.6215e+11	-1.57791e+11
2.139e+08	367603	549167	5.34293e+10	9.38227e+10	-1.48445e+11	1.93358e+10	-1.63838e+11	-1.56049e+11
2.14e+08	359514	544118	5.64435e+10	9.20369e+10	-1.48028e+11	2.22845e+10	-1.65508e+11	-1.54288e+11
2.141e+08	351389	539327	5.93981e+10	9.0154e+10	-1.47553e+11	2.52244e+10	-1.67158e+11	-1.5251e+11
2.142e+08	343235	534793	6.22901e+10	8.81761e+10	-1.4702e+11	2.81544e+10	-1.68789e+11	-1.50715e+11
2.143e+08	335061	530514	6.51164e+10	8.61051e+10	-1.46429e+11	3.10732e+10	-1.70401e+11	-1.48902e+11
2.144e+08	326875	526489	6.7874e+10	8.39433e+10	-1.45779e+11	3.39797e+10	-1.71993e+11	-1.47073e+11
2.145e+08	318685	522716	7.05599e+10	8.16929e+10	-1.45072e+11	3.68727e+10	-1.73565e+11	-1.45226e+11
2.146e+08	310498	519193	7.31714e+10	7.93563e+10	-1.44308e+11	3.97512e+10	-1.75118e+11	-1.43363e+11
2.147e+08	302322	515916	7.57057e+10	7.6936e+10	-1.43486e+11	4.26139e+10	-1.7665e+11	-1.41484e+11
2.148e+08	294165	512883	7.81601e+10	7.44344e+10	-1.42608e+11	4.54597e+10	-1.78163e+11	-1.39588e+11
2.149e+08	286034	510092	8.05319e+10	7.18543e+10	-1.41673e+11	4.82876e+10	-1.79655e+11	-1.37676e+11
2.15e+08	277935	507538	8.28188e+10	6.91983e+10	-1.40682e+11	5.10964e+10	-1.81126e+11	-1.35748e+11
2.151e+08	269877	505219	8.50181e+10	6.64693e+10	-1.39635e+11	5.38849e+10	-1.82577e+11	-1.33805e+11
2.152e+08	261866	503131	8.71277e+10	6.367e+10	-1.38533e+11	5.66521e+10	-1.84006e+11	-1.31847e+11
2.153e+08	253908	501271	8.91453e+10	6.08035e+10	-1.37377e+11	5.93968e+10	-1.85415e+11	-1.29874e+11
2.154e+08	246011	499633	9.10687e+10	5.78727e+10	-1.36165e+11	6.21181e+10	-1.86803e+11	-1.27885e+11
2.155e+08	238180	498213	9.28958e+10	5.48808e+10	-1.349e+11	6.48147e+10	-1.88169e+11	-1.25882e+11
2.156e+08	230423	497009	9.46248e+10	5.1831e+10	-1.33582e+11	6.74857e+10	-1.89513e+11	-1.23865e+11
2.157e+08	222744	496014	9.62538e+10	4.87263e+10	-1.3221e+11	7.01299e+10	-1.90836e+11	-1.21833e+11
2.158e+08	215150	495223	9.7781e+10	4.55701e+10	-1.30787e+11	7.27464e+10	-1.92137e+11	-1.19788e+11
2.159e+08	207647	494633	9.92049e+10	4.23658e+10	-1.29311e+11	7.53341e+10	-1.93416e+11	-1.17729e+11
2.16e+08	200239	494238	1.00524e+11	3.91166e+10	-1.27784e+11	7.78919e+10	-1.94673e+11	-1.15656e+11
2.161e+08	192932	494032	1.01736e+11	3.58261e+10	-1.26207e+11	8.04189e+10	-1.95908e+11	-1.1357e+11
2.162e+08	185732	494011	1.02842e+11	3.24977e+10	-1.2458e+11	8.29141e+10	-1.9712e+11	-1.11471e+11
2.163e+08	178642	494168	1.03838e+11	2.91349e+10	-1.22903e+11	8.53764e+10	-1.9831e+11	-1.0936e+11
2.164e+08	171668	494498	1.04724e+11	2.57412e+10	-1.21178e+11	8.78048e+10	-1.99477e+11	-1.07236e+11
2.165e+08	164813	494995	1.055e+11	2.23204e+10	-1.19404e+11	9.01985e+10	-2.00622e+11	-1.05099e+11
2.166e+08	158082	495654	1.06163e+11	1.88759e+10	-1.17584e+11	9.25565e+10	-2.01743e+11	-1.02951e+11
2.167e+08	151479	496468	1.06715e+11	1.54114e+10	-1.15716e+11	9.48778e+10	-2.02841e+11	-1.00791e+11
2.168e+08	145008	497430	1.07153e+11	1.19306e+10	-1.13803e+11	9.71615e+10	-2.03917e+11	-9.86194e+10
2.169e+08	138671	498536	1.07478e+11	8.43714e+09	-1.11845e+11	9.94068e+10	-2.04969e+11	-9.64365e+10
2.17e+08	132473	499778	1.07689e+11	4.93477e+09	-1.09843e+11	1.01613e+11	-2.05997e+11	-9.42427e+10
2.171e+08	126415	501151	1.07786e+11	1.42717e+09	-1.07797e+11	1.03778e+11	-2.07002e+11	-9.2038e+10
2.172e+08	120501	502647	1.07769e+11	-2.08195e+09	-1.05708e+11	1.05903e+11	-2.07983e+11	-8.98228e+10
2.173e+08	114733	504261	1.07638e+11	-5.58885e+09	-1.03577e+11	1.07985e+11	-2.08941e+11	-8.75974e+10
2.174e+08	109114	505985	1.07392e+11	-9.08983e+09	-1.01406e+11	1.10025e+11	-2.09875e+11	-8.5362e+10
2.175e+08	103644	507813	1.07033e+11	-1.25812e+10	-9.91937e+10	1.12021e+11	-2.10784e+11	-8.31169e+10
2.176e+08	98327	509740	1.0656e+11	-1.60592e+10	-9.69426e+10	1.13973e+11	-2.1167e+11	-8.08622e+10
2.177e+08	93163.2	511757	1.05974e+11	-1.95201e+10	-9.4653e+10	1.15879e+11	-2.12532e+11	-7.85984e+10
2.178e+08	88154	513858	1.05275e+11	-2.29604e+10	-9.23259e+10	1.1774e+11	-2.13369e+11	-7.63255e+10
2.179e+08	83300.5	516037	1.04465e+11	-2.63763e+10	-8.99623e+10	1.19554e+11	-2.14182e+11	-7.4044e+10
2.18e+08	78603.4	518287	1.03544e+11	-2.97642e+10	-8.7563e+10	1.21321e+11	-2.14971e+11	-7.1754e+10
2.181e+08	74063.1	520602	1.02513e+11	-3.31205e+10	-8.5129e+10	1.23039e+11	-2.15735e+11	-6.94558e+10
2.182e+08	69680	522974	1.01374e+11	-3.64416e+10	-8.26612e+10	1.24709e+11	-2.16474e+11	-6.71497e+10
2.183e+08	65453.9	525398	1.00127e+11	-3.97241e+10	-8.01607e+10	1.26329e+11	-2.17189e+11	-6.4836e+10
2.184e+08	61384.6	527866	9.87729e+10	-4.29644e+10	-7.76284e+10	1.27899e+11	-2.17879e+11	-6.25149e+10
2.185e+08	57471.7	530373	9.73143e+10	-4.6159e+10	-7.50654e+10	1.29419e+11	-2.18544e+11	-6.01866e+10
2.186e+08	53714.4	532911	9.57524e+10	-4.93046e+10	-7.24726e+10	1.30887e+11	-2.19184e+11	-5.78515e+10
2.187e+08	50111.8	535475	9.40888e+10	-5.23978e+10	-6.9851e+10	1.32304e+11	-2.198e+11	-5.55098e+10
2.188e+08	46662.6	538058	9.23251e+10	-5.54353e+10	-6.72018e+10	1.33668e+11	-2.2039e+11	-5.31617e+10
2.189e+08	43365.6	540654	9.04633e+10	-5.8414e+10	-6.45259e+10	1.34979e+11	-2.20955e+11	-5.08076e+10
2.19e+08	40218.9	543257	8.85054e+10	-6.13305e+10	-6.18245e+10	1.36236e+11	-2.21495e+11	-4.84477e+10
2.191e+08	37220.8	545861	8.64534e+10	-6.41818e+10	-5.90986e+10	1.37439e+11	-2.2201e+11	-4.60823e+10
2.192e+08	34369.1	548459	8.43095e+10	-6.69649e+10	-5.63492e+10	1.38588e+11	-2.22499e+11	-4.37117e+10
2.193e+08	31661.7	551047	8.20758e+10	-6.96767e+10	-5.35775e+10	1.39682e+11	-2.22963e+11	-4.13361e+10
2.194e+08	29095.9	553618	7.97549e+10	-7.23145e+10	-5.07845e+10	1.40721e+11	-2.23402e+11	-3.89557e+10
2.195e+08	26669.1	556167	7.73492e+10	-7.48753e+10	-4.79714e+10	1.41704e+11	-2.23815e+11	-3.6571e+10
2.196e+08	24378.4	558689	7.48612e+10	-7.73564e+10	-4.51393e+10	1.42631e+11	-2.24203e+11	-3.4182e+10
2.197e+08	22220.7	561177	7.22935e+10	-7.97553e+10	-4.22893e+10	1.43501e+11	-2.24566e+11	-3.17892e+10
2.198e+08	20192.7	563628	6.96489e+10	-8.20693e+10	-3.94226e+10	1.44314e+11	-2.24902e+11	-2.93928e+10
2.199e+08	18290.9	566035	6.69301e+10	-8.42959e+10	-3.65402e+10	1.4507e+11	-2.25214e+11	-2.6993e+10
2.2e+08	16511.7	568395	6.41401e+10	-8.64328e+10	-3.36433e+10	1.45769e+11	-2.25499e+11	-2.45902e+10
2.201e+08	14851.2	570702	6.12819e+10	-8.84777e+10	-3.07331e+10	1.46409e+11	-2.25759e+11	-2.21845e+10
2.202e+08	13305.7	572952	5.83584e+10	-9.04284e+10	-2.78107e+10	1.46992e+11	-2.25993e+11	-1.97763e+10
2.203e+08	11870.7	575141	5.53727e+10	-9.22828e+10	-2.48772e+10	1.47516e+11	-2.26202e+11	-1.73659e+10
2.204e+08	10542.2	577264	5.23281e+10	-9.40389e+10	-2.19339e+10	1.47982e+11	-2.26385e+11	-1.49535e+10
2.205e+08	9315.7	579318	4.92278e+10	-9.56949e+10	-1.8982e+10	1.4839e+11	-2.26542e+11	-1.25394e+10
2.206e+08	8186.59	581299	4.6075e+10	-9.7249e+10	-1.60224e+10	1.48738e+11	-2.26673e+11	-1.01239e+10
2.207e+08	7150.23	583203	4.28732e+10	-9.86995e+10	-1.30566e+10	1.49027e+11	-2.26779e+11	-7.70726e+09
2.208e+08	6201.78	585026	3.96257e+10	-1.00045e+11	-1.00855e+10	1.49258e+11	-2.26859e+11	-5.28972e+09
2.209e+08	5336.35	586767	3.63359e+10	-1.01284e+11	-7.11048e+09	1.49429e+11	-2.26913e+11	-2.87157e+09
2.21e+08	4548.88	588421	3.30075e+10	-1.02415e+11	-4.13261e+09	1.49541e+11	-2.26941e+11	-4.53105e+08
2.211e+08	3834.27	589986	2.96439e+10	-1.03436e+11	-1.15311e+09	1.49593e+11	-2.26944e+11	1.96542e+09
2.212e+08	3187.29	591460	2.62487e+10	-1.04348e+11	1.82685e+09	1.49587e+11	-2.2692e+11	4.38372e+09
2.213e+08	2602.65	592840	2.28256e+10	-1.05148e+11	4.80609e+09	1.49521e+11	-2.26871e+11	6.80152e+09
2.214e+08	2074.97	594124	1.93781e+10	-1.05837e+11	7.78342e+09	1.49396e+11	-2.26797e+11	9.21855e+09
2.215e+08	1598.81	595310	1.591e+10	-1.06412e+11	1.07577e+10	1.49211e+11	-2.26696e+11	1.16345e+10
2.216e+08	1168.67	596397	1.24249e+10	-1.06874e+11	1.37276e+10	1.48967e+11	-2.2657e+11	1.40492e+10
2.217e+08	779.02	597383	8.92662e+09	-1.07223e+11	1.66922e+10	1.48665e+11	-2.26418e+11	1.64623e+10
2.218e+08	424.263	598267	5.4188e+09	-1.07457e+11	1.96501e+10	1.48303e+11	-2.2624e+11	1.88735e+10
2.219e+08	98.7818	599048	1.9052e+09	-1.07576e+11	2.26002e+10	1.47882e+11	-2.26037e+11	2.12825e+10
2.22e+08	-203.064	599725	-1.61043e+09	-1.07581e+11	2.55414e+10	1.47403e+11	-2.25808e+11	2.36892e+10
2.221e+08	-486.931	600298	-5.12435e+09	-1.07471e+11	2.84724e+10	1.46866e+11	-2.25553e+11	2.60931e+10
2.222e+08	-758.484	600766	-8.6328e+09	-1.07247e+11	3.13922e+10	1.4627e+11	-2.25273e+11	2.84941e+10
2.223e+08	-1023.38	601131	-1.21321e+10	-1.06908e+11	3.42995e+10	1.45616e+11	-2.24968e+11	3.08919e+10
2.224e+08	-1287.28	601390	-1.56184e+10	-1.06456e+11	3.71932e+10	1.44905e+11	-2.24636e+11	3.32862e+10
2.225e+08	-1555.81	601546	-1.90881e+10	-1.0589e+11	4.00722e+10	1.44136e+11	-2.2428e+11	3.56767e+10
2.226e+08	-1834.58	601599	-2.25374e+10	-1.05211e+11	4.29352e+10	1.4331e+11	-2.23898e+11	3.80631e+10
2.227e+08	-2129.15	601549	-2.59627e+10	-1.0442e+11	4.57813e+10	1.42427e+11	-2.2349e+11	4.04452e+10
2.228e+08	-2445.05	601398	-2.93604e+10	-1.03518e+11	4.86092e+10	1.41487e+11	-2.23058e+11	4.28228e+10
2.229e+08	-2787.75	601148	-3.27268e+10	-1.02505e+11	5.14178e+10	1.40492e+11	-2.226e+11	4.51955e+10
2.23e+08	-3162.67	600798	-3.60583e+10	-1.01384e+11	5.42061e+10	1.39441e+11	-2.22116e+11	4.75631e+10
2.231e+08	-3575.15	600353	-3.93514e+10	-1.00154e+11	5.69728e+10	1.38334e+11	-2.21608e+11	4.99253e+10
2.232e+08	-4030.45	599812	-4.26026e+10	-9.88177e+10	5.9717e+10	1.37173e+11	-2.21074e+11	5.22818e+10
2.233e+08	-4533.75	599179	-4.58084e+10	-9.73761e+10	6.24375e+10	1.35957e+11	-2.20516e+11	5.46324e+10
2.234e+08	-5090.15	598457	-4.89654e+10	-9.58307e+10	6.51333e+10	1.34688e+11	-2.19932e+11	5.69769e+10
2.235e+08	-5704.63	597647	-5.20703e+10	-9.41833e+10	6.78032e+10	1.33365e+11	-2.19324e+11	5.93149e+10
2.236e+08	-6382.07	596752	-5.51197e+10	-9.24356e+10	7.04462e+10	1.31989e+11	-2.18691e+11	6.16462e+10
2.237e+08	-7127.23	595776	-5.81104e+10	-9.05895e+10	7.30614e+10	1.30561e+11	-2.18033e+11	6.39705e+10
2.238e+08	-7944.77	594721	-6.10393e+10	-8.8647e+10	7.56475e+10	1.29081e+11	-2.1735e+11	6.62875e+10
2.239e+08	-8839.19	593592	-6.39032e+10	-8.661e+10	7.82037e+10	1.2755e+11	-2.16643e+11	6.85971e+10
2.24e+08	-9814.86	592391	-6.6699e+10	-8.44809e+10	8.07289e+10	1.25968e+11	-2.15911e+11	7.08989e+10
2.241e+08	-10876	591123	-6.94239e+10	-8.22618e+10	8.32221e+10	1.24337e+11	-2.15155e+11	7.31927e+10
2.242e+08	-12026.8	589791	-7.20749e+10	-7.99552e+10	8.56823e+10	1.22656e+11	-2.14375e+11	7.54782e+10
2.243e+08	-13271	588400	-7.46491e+10	-7.75635e+10	8.81086e+10	1.20927e+11	-2.1357e+11	7.77551e+10
2.244e+08	-14612.5	586954	-7.7144e+10	-7.50893e+10	9.04999e+10	1.19149e+11	-2.12741e+11	8.00233e+10
2.245e+08	-16054.9	585456	-7.95568e+10	-7.25352e+10	9.28554e+10	1.17325e+11	-2.11888e+11	8.22825e+10
2.246e+08	-17601.5	583913	-8.18849e+10	-6.9904e+10	9.51741e+10	1.15454e+11	-2.11011e+11	8.45323e+10
2.247e+08	-19255.7	582328	-8.4126e+10	-6.71983e+10	9.7455e+10	1.13537e+11	-2.10111e+11	8.67726e+10
2.248e+08	-21020.4	580706	-8.62776e+10	-6.44213e+10	9.96974e+10	1.11575e+11	-2.09186e+11	8.9003e+10
2.249e+08	-22898.6	579053	-8.83375e+10	-6.15757e+10	1.019e+11	1.09569e+11	-2.08238e+11	9.12235e+10
2.25e+08	-24892.9	577373	-9.03035e+10	-5.86647e+10	1.04063e+11	1.0752e+11	-2.07266e+11	9.34336e+10
2.251e+08	-27005.9	575672	-9.21735e+10	-5.56913e+10	1.06184e+11	1.05428e+11	-2.06271e+11	9.56331e+10
2.252e+08	-29239.6	573955	-9.39455e+10	-5.26588e+10	1.08263e+11	1.03294e+11	-2.05253e+11	9.78219e+10
2.253e+08	-31596.3	572227	-9.56177e+10	-4.95703e+10	1.10299e+11	1.01119e+11	-2.04212e+11	9.99996e+10
2.254e+08	-34077.8	570495	-9.71883e+10	-4.64291e+10	1.12292e+11	9.89046e+10	-2.03147e+11	1.02166e+11
2.255e+08	-36685.7	568763	-9.86557e+10	-4.32386e+10	1.1424e+11	9.66507e+10	-2.02059e+11	1.04321e+11
2.256e+08	-39421.4	567038	-1.00018e+11	-4.00022e+10	1.16143e+11	9.43584e+10	-2.00949e+11	1.06464e+11
2.257e+08	-42286.2	565324	-1.01275e+11	-3.67233e+10	1.18e+11	9.20288e+10	-1.99816e+11	1.08595e+11
2.258e+08	-45280.9	563629	-1.02424e+11	-3.34054e+10	1.1981e+11	8.96627e+10	-1.98661e+11	1.10714e+11
2.259e+08	-48406.5	561958	-1.03464e+11	-3.0052e+10	1.21572e+11	8.72611e+10	-1.97483e+11	1.1282e+11
2.26e+08	-51663.2	560316	-1.04394e+11	-2.66668e+10	1.23287e+11	8.4825e+10	-1.96282e+11	1.14914e+11
2.261e+08	-55051.6	558710	-1.05214e+11	-2.32532e+10	1.24952e+11	8.23552e+10	-1.9506e+11	1.16995e+11
2.262e+08	-58571.6	557146	-1.05922e+11	-1.9815e+10	1.26569e+11	7.98529e+10	-1.93816e+11	1.19062e+11
2.263e+08	-62223	555630	-1.06517e+11	-1.63557e+10	1.28135e+11	7.73189e+10	-1.92549e+11	1.21116e+11
2.264e+08	-66005.5	554168	-1.07e+11	-1.28792e+10	1.2965e+11	7.47543e+10	-1.91261e+11	1.23156e+11
2.265e+08	-69918.3	552765	-1.07369e+11	-9.38892e+09	1.31114e+11	7.216e+10	-1.89952e+11	1.25183e+11
2.266e+08	-73960.7	551429	-1.07624e+11	-5.88872e+09	1.32526e+11	6.95372e+10	-1.88621e+11	1.27195e+11
2.267e+08	-78131.6	550165	-1.07765e+11	-2.38228e+09	1.33885e+11	6.68869e+10	-1.87269e+11	1.29193e+11
2.268e+08	-82429.5	548978	-1.07792e+11	1.12669e+09	1.35192e+11	6.42101e+10	-1.85895e+11	1.31177e+11
2.269e+08	-86852.8	547876	-1.07705e+11	4.63447e+09	1.36445e+11	6.15079e+10	-1.84501e+11	1.33145e+11
2.27e+08	-91399.9	546864	-1.07504e+11	8.13733e+09	1.37644e+11	5.87813e+10	-1.83086e+11	1.35099e+11
2.271e+08	-96068.6	545947	-1.07189e+11	1.16316e+10	1.38788e+11	5.60314e+10	-1.8165e+11	1.37037e+11
2.272e+08	-100857	545132	-1.0676e+11	1.51135e+10	1.39878e+11	5.32594e+10	-1.80194e+11	1.3896e+11
2.273e+08	-105762	544425	-1.06218e+11	1.85794e+10	1.40912e+11	5.04662e+10	-1.78718e+11	1.40868e+11
2.274e+08	-110781	543831	-1.05564e+11	2.20257e+10	1.4189e+11	4.76531e+10	-1.77221e+11	1.42759e+11
2.275e+08	-115911	543356	-1.04798e+11	2.54486e+10	1.42812e+11	4.48211e+10	-1.75705e+11	1.44635e+11
2.276e+08	-121149	543005	-1.03921e+11	2.88447e+10	1.43678e+11	4.19714e+10	-1.74168e+11	1.46494e+11
2.277e+08	-126492	542784	-1.02935e+11	3.22101e+10	1.44487e+11	3.91051e+10	-1.72612e+11	1.48336e+11
2.278e+08	-131936	542698	-1.01839e+11	3.55416e+10	1.45238e+11	3.62233e+10	-1.71037e+11	1.50162e+11
2.279e+08	-137477	542753	-1.00635e+11	3.88354e+10	1.45932e+11	3.33272e+10	-1.69442e+11	1.51971e+11
2.28e+08	-143111	542953	-9.93256e+10	4.20882e+10	1.46569e+11	3.04178e+10	-1.67828e+11	1.53763e+11
2.281e+08	-148834	543304	-9.79108e+10	4.52964e+10	1.47147e+11	2.74965e+10	-1.66196e+11	1.55538e+11
2.282e+08	-154642	543810	-9.63924e+10	4.84568e+10	1.47667e+11	2.45642e+10	-1.64544e+11	1.57295e+11
2.283e+08	-160529	544477	-9.47722e+10	5.15659e+10	1.48129e+11	2.16222e+10	-1.62875e+11	1.59034e+11
2.284e+08	-166492	545308	-9.30518e+10	5.46206e+10	1.48532e+11	1.86717e+10	-1.61186e+11	1.60756e+11
2.285e+08	-172524	546308	-9.1233e+10	5.76175e+10	1.48876e+11	1.57138e+10	-1.5948e+11	1.62459e+11
2.286e+08	-178621	547483	-8.93179e+10	6.05536e+10	1.49162e+11	1.27497e+10	-1.57756e+11	1.64144e+11
2.287e+08	-184778	548834	-8.73084e+10	6.34257e+10	1.49388e+11	9.7805e+09	-1.56014e+11	1.65811e+11
2.288e+08	-190988	550367	-8.52067e+10	6.62308e+10	1.49555e+11	6.80746e+09	-1.54254e+11	1.67459e+11
2.289e+08	-197247	552086	-8.30151e+10	6.8966e+10	1.49664e+11	3.83173e+09	-1.52477e+11	1.69088e+11
2.29e+08	-203547	553993	-8.07357e+10	7.16283e+10	1.49712e+11	8.54478e+08	-1.50683e+11	1.70698e+11
2.291e+08	-209884	556093	-7.83712e+10	7.4215e+10	1.49702e+11	-2.12311e+09	-1.48872e+11	1.72289e+11
2.292e+08	-216251	558387	-7.59239e+10	7.67234e+10	1.49633e+11	-5.09986e+09	-1.47044e+11	1.73861e+11
2.293e+08	-222642	560881	-7.33964e+10	7.91508e+10	1.49504e+11	-8.07459e+09	-1.452e+11	1.75413e+11
2.294e+08	-229050	563575	-7.07916e+10	8.14947e+10	1.49316e+11	-1.10461e+10	-1.4334e+11	1.76945e+11
2.295e+08	-235468	566473	-6.8112e+10	8.37526e+10	1.49069e+11	-1.40133e+10	-1.41463e+11	1.78457e+11
2.296e+08	-241891	569578	-6.53605e+10	8.59221e+10	1.48763e+11	-1.69749e+10	-1.3957e+11	1.7995e+11
2.297e+08	-248310	572890	-6.25401e+10	8.8001e+10	1.48399e+11	-1.99298e+10	-1.37662e+11	1.81422e+11
2.298e+08	-254720	576412	-5.96537e+10	8.9987e+10	1.47975e+11	-2.28769e+10	-1.35738e+11	1.82874e+11
2.299e+08	-261113	580146	-5.67044e+10	9.18781e+10	1.47494e+11	-2.58148e+10	-1.33799e+11	1.84305e+11
2.3e+08	-267482	584093	-5.36953e+10	9.36724e+10	1.46953e+11	-2.87426e+10	-1.31845e+11	1.85715e+11
2.301e+08	-273820	588255	-5.06296e+10	9.53678e+10	1.46355e+11	-3.1659e+10	-1.29876e+11	1.87105e+11
2.302e+08	-280120	592632	-4.75105e+10	9.69627e+10	1.45699e+11	-3.45629e+10	-1.27893e+11	1.88473e+11
2.303e+08	-286374	597224	-4.43413e+10	9.84553e+10	1.44985e+11	-3.74532e+10	-1.25895e+11	1.89821e+11
2.304e+08	-292574	602033	-4.11253e+10	9.98442e+10	1.44214e+11	-4.03286e+10	-1.23883e+11	1.91147e+11
2.305e+08	-298714	607059	-3.7866e+10	1.01128e+11	1.43386e+11	-4.31881e+10	-1.21857e+11	1.92452e+11
2.306e+08	-304786	612301	-3.45668e+10	1.02305e+11	1.42502e+11	-4.60305e+10	-1.19817e+11	1.93735e+11
2.307e+08	-310782	617759	-3.12311e+10	1.03374e+11	1.41561e+11	-4.88547e+10	-1.17764e+11	1.94996e+11
2.308e+08	-316695	623434	-2.78625e+10	1.04334e+11	1.40563e+11	-5.16596e+10	-1.15698e+11	1.96235e+11
2.309e+08	-322518	629322	-2.44646e+10	1.05184e+11	1.39511e+11	-5.44441e+10	-1.13619e+11	1.97452e+11
2.31e+08	-328242	635425	-2.10408e+10	1.05924e+11	1.38403e+11	-5.72071e+10	-1.11527e+11	1.98648e+11
2.311e+08	-333860	641740	-1.75949e+10	1.06551e+11	1.37241e+11	-5.99474e+10	-1.09422e+11	1.9982e+11
2.312e+08	-339364	648266	-1.41305e+10	1.07067e+11	1.36024e+11	-6.26641e+10	-1.07305e+11	2.00971e+11
2.313e+08	-344748	655001	-1.06511e+10	1.07469e+11	1.34754e+11	-6.5356e+10	-1.05177e+11	2.02099e+11
2.314e+08	-350002	661943	-7.16054e+09	1.07759e+11	1.3343e+11	-6.80221e+10	-1.03036e+11	2.03204e+11
2.315e+08	-355121	669090	-3.66243e+09	1.07935e+11	1.32054e+11	-7.06613e+10	-1.00884e+11	2.04286e+11
2.316e+08	-360096	676438	-1.60456e+08	1.07997e+11	1.30625e+11	-7.32726e+10	-9.87201e+10	2.05346e+11
2.317e+08	-364920	683985	3.34169e+09	1.07945e+11	1.29145e+11	-7.58549e+10	-9.65455e+10	2.06382e+11
2.318e+08	-369586	691728	6.84031e+09	1.07779e+11	1.27614e+11	-7.84073e+10	-9.436e+10	2.07395e+11
2.319e+08	-374086	699663	1.03317e+10	1.075e+11	1.26032e+11	-8.09287e+10	-9.2164e+10	2.08385e+11
2.32e+08	-378414	707788	1.38122e+10	1.07108e+11	1.24401e+11	-8.34181e+10	-8.99576e+10	2.09352e+11
2.321e+08	-382561	716096	1.72782e+10	1.06603e+11	1.22721e+11	-8.58746e+10	-8.77411e+10	2.10295e+11
2.322e+08	-386521	724586	2.0726e+10	1.05985e+11	1.20992e+11	-8.82971e+10	-8.55147e+10	2.11214e+11
2.323e+08	-390288	733252	2.41519e+10	1.05256e+11	1.19215e+11	-9.06848e+10	-8.32788e+10	2.1211e+11
2.324e+08	-393854	742089	2.75523e+10	1.04416e+11	1.17391e+11	-9.30367e+10	-8.10335e+10	2.12982e+11
2.325e+08	-397213	751093	3.09237e+10	1.03465e+11	1.15521e+11	-9.53518e+10	-7.87791e+10	2.1383e+11
2.326e+08	-400357	760259	3.42626e+10	1.02406e+11	1.13605e+11	-9.76292e+10	-7.65159e+10	2.14654e+11
2.327e+08	-403282	769580	3.75653e+10	1.01239e+11	1.11644e+11	-9.98681e+10	-7.42441e+10	2.15454e+11
2.328e+08	-405979	779052	4.08284e+10	9.99646e+10	1.09639e+11	-1.02068e+11	-7.1964e+10	2.1623e+11
2.329e+08	-408444	788669	4.40484e+10	9.85852e+10	1.07591e+11	-1.04227e+11	-6.96758e+10	2.16982e+11
2.33e+08	-410670	798424	4.7222e+10	9.71019e+10	1.05501e+11	-1.06345e+11	-6.73798e+10	2.17709e+11
2.331e+08	-412652	808312	5.03459e+10	9.55161e+10	1.03368e+11	-1.08421e+11	-6.50762e+10	2.18412e+11
2.332e+08	-414384	818325	5.34166e+10	9.38297e+10	1.01195e+11	-1.10454e+11	-6.27654e+10	2.1909e+11
2.333e+08	-415860	828457	5.6431e+10	9.20443e+10	9.89822e+10	-1.12443e+11	-6.04475e+10	2.19744e+11
2.334e+08	-417075	838702	5.93859e+10	9.01618e+10	9.67301e+10	-1.14388e+11	-5.81228e+10	2.20373e+11
2.335e+08	-418025	849052	6.22781e+10	8.81842e+10	9.44397e+10	-1.16288e+11	-5.57916e+10	2.20977e+11
2.336e+08	-418703	859499	6.51046e+10	8.61136e+10	9.21121e+10	-1.18143e+11	-5.34541e+10	2.21557e+11
2.337e+08	-419107	870037	6.78625e+10	8.39521e+10	8.97481e+10	-1.1995e+11	-5.11107e+10	2.22112e+11
2.338e+08	-419230	880657	7.05487e+10	8.17021e+10	8.73487e+10	-1.2171e+11	-4.87615e+10	2.22642e+11
2.339e+08	-419070	891352	7.31605e+10	7.93658e+10	8.49148e+10	-1.23422e+11	-4.64069e+10	2.23147e+11
2.34e+08	-418621	902113	7.56951e+10	7.69458e+10	8.24474e+10	-1.25085e+11	-4.4047e+10	2.23627e+11
2.341e+08	-417882	912933	7.81498e+10	7.44446e+10	7.99475e+10	-1.26699e+11	-4.16822e+10	2.24082e+11
2.342e+08	-416846	923803	8.0522e+10	7.18647e+10	7.74159e+10	-1.28263e+11	-3.93128e+10	2.24511e+11
2.343e+08	-415513	934716	8.28091e+10	6.9209e+10	7.48538e+10	-1.29776e+11	-3.69389e+10	2.24916e+11
2.344e+08	-413878	945661	8.50089e+10	6.64802e+10	7.22622e+10	-1.31238e+11	-3.45609e+10	2.25295e+11
2.345e+08	-411939	956630	8.71188e+10	6.36812e+10	6.9642e+10	-1.32649e+11	-3.2179e+10	2.25649e+11
2.346e+08	-409694	967615	8.91367e+10	6.0815e+10	6.69944e+10	-1.34006e+11	-2.97935e+10	2.25978e+11
2.347e+08	-407139	978607	9.10605e+10	5.78845e+10	6.43203e+10	-1.35311e+11	-2.74047e+10	2.26282e+11
2.348e+08	-404275	989596	9.2888e+10	5.48928e+10	6.16208e+10	-1.36563e+11	-2.50128e+10	2.2656e+11
2.349e+08	-401097	1.00057e+06	9.46174e+10	5.18431e+10	5.8897e+10	-1.37761e+11	-2.26181e+10	2.26812e+11
2.35e+08	-397606	1.01153e+06	9.62467e+10	4.87386e+10	5.61499e+10	-1.38904e+11	-2.02209e+10	2.2704e+11
2.351e+08	-393801	1.02245e+06	9.77744e+10	4.55827e+10	5.33807e+10	-1.39992e+11	-1.78214e+10	2.27242e+11
2.352e+08	-389679	1.03334e+06	9.91986e+10	4.23785e+10	5.05904e+10	-1.41026e+11	-1.54198e+10	2.27418e+11
2.353e+08	-385242	1.04418e+06	1.00518e+11	3.91295e+10	4.77802e+10	-1.42003e+11	-1.30166e+10	2.27569e+11
2.354e+08	-380489	1.05496e+06	1.01731e+11	3.58391e+10	4.49511e+10	-1.42925e+11	-1.06119e+10	2.27694e+11
2.355e+08	-375419	1.06567e+06	1.02836e+11	3.25108e+10	4.21042e+10	-1.4379e+11	-8.20605e+09	2.27794e+11
2.356e+08	-370033	1.0763e+06	1.03833e+11	2.91481e+10	3.92408e+10	-1.44598e+11	-5.79925e+09	2.27868e+11
2.357e+08	-364332	1.08684e+06	1.0472e+11	2.57546e+10	3.63618e+10	-1.45349e+11	-3.3918e+09	2.27917e+11
2.358e+08	-358317	1.09729e+06	1.05496e+11	2.23338e+10	3.34685e+10	-1.46043e+11	-9.83965e+08	2.2794e+11
2.359e+08	-351989	1.10763e+06	1.0616e+11	1.88894e+10	3.0562e+10	-1.4668e+11	1.42398e+09	2.27938e+11
2.36e+08	-345350	1.11785e+06	1.06712e+11	1.5425e+10	2.76434e+10	-1.47258e+11	3.83176e+09	2.2791e+11
2.361e+08	-338402	1.12795e+06	1.07151e+11	1.19442e+10	2.4714e+10	-1.47778e+11	6.23911e+09	2.27857e+11
2.362e+08	-331146	1.13791e+06	1.07476e+11	8.45081e+09	2.17747e+10	-1.4824e+11	8.64576e+09	2.27778e+11
2.363e+08	-323585	1.14772e+06	1.07688e+11	4.94846e+09	1.88269e+10	-1.48644e+11	1.10514e+10	2.27673e+11
2.364e+08	-315723	1.15738e+06	1.07785e+11	1.44086e+09	1.58716e+10	-1.48988e+11	1.34559e+10	2.27543e+11
2.365e+08	-307562	1.16688e+06	1.07768e+11	-2.06826e+09	1.29101e+10	-1.49274e+11	1.58588e+10	2.27388e+11
2.366e+08	-299105	1.1762e+06	1.07637e+11	-5.57519e+09	9.94349e+09	-1.49502e+11	1.826e+10	2.27207e+11
2.367e+08	-290357	1.18534e+06	1.07392e+11	-9.07621e+09	6.97295e+09	-1.4967e+11	2.06591e+10	2.27e+11
2.368e+08	-281321	1.19428e+06	1.07033e+11	-1.25676e+10	3.99966e+09	-1.49779e+11	2.30559e+10	2.26768e+11
2.369e+08	-272002	1.20302e+06	1.0656e+11	-1.60457e+10	1.02479e+09	-1.49829e+11	2.54501e+10	2.26511e+11
2.37e+08	-262404	1.21156e+06	1.05975e+11	-1.95067e+10	-1.95048e+09	-1.49819e+11	2.78415e+10	2.26228e+11
2.371e+08	-252533	1.21987e+06	1.05277e+11	-2.29471e+10	-4.92499e+09	-1.49751e+11	3.02297e+10	2.2592e+11
2.372e+08	-242392	1.22795e+06	1.04467e+11	-2.63631e+10	-7.89755e+09	-1.49624e+11	3.26145e+10	2.25587e+11
2.373e+08	-231989	1.2358e+06	1.03547e+11	-2.97511e+10	-1.0867e+10	-1.49437e+11	3.49957e+10	2.25228e+11
2.374e+08	-221328	1.2434e+06	1.02516e+11	-3.31075e+10	-1.38322e+10	-1.49192e+11	3.7373e+10	2.24844e+11
2.375e+08	-210416	1.25074e+06	1.01377e+11	-3.64288e+10	-1.67918e+10	-1.48887e+11	3.97461e+10	2.24435e+11
2.376e+08	-199260	1.25782e+06	1.0013e+11	-3.97114e+10	-1.97449e+10	-1.48524e+11	4.21147e+10	2.24001e+11
2.377e+08	-187864	1.26464e+06	9.87767e+10	-4.29518e+10	-2.26902e+10	-1.48103e+11	4.44786e+10	2.23541e+11
2.378e+08	-176238	1.27117e+06	9.73185e+10	-4.61467e+10	-2.56265e+10	-1.47623e+11	4.68375e+10	2.23057e+11
2.379e+08	-164387	1.27741e+06	9.57569e+10	-4.92924e+10	-2.85527e+10	-1.47084e+11	4.91912e+10	2.22547e+11
2.38e+08	-152319	1.28336e+06	9.40936e+10	-5.23859e+10	-3.14677e+10	-1.46488e+11	5.15393e+10	2.22013e+11
2.381e+08	-140042	1.28901e+06	9.23303e+10	-5.54236e+10	-3.43702e+10	-1.45833e+11	5.38817e+10	2.21454e+11
2.382e+08	-127563	1.29435e+06	9.04689e+10	-5.84024e+10	-3.72592e+10	-1.45122e+11	5.6218e+10	2.20869e+11
2.383e+08	-114892	1.29937e+06	8.85113e+10	-6.13192e+10	-4.01334e+10	-1.44353e+11	5.85481e+10	2.2026e+11
2.384e+08	-102035	1.30407e+06	8.64596e+10	-6.41707e+10	-4.29918e+10	-1.43527e+11	6.08715e+10	2.19627e+11
2.385e+08	-89002.7	1.30845e+06	8.43159e+10	-6.6954e+10	-4.58333e+10	-1.42644e+11	6.31882e+10	2.18969e+11
2.386e+08	-75802.7	1.31248e+06	8.20826e+10	-6.96662e+10	-4.86567e+10	-1.41705e+11	6.54977e+10	2.18286e+11
2.387e+08	-62444.3	1.31618e+06	7.9762e+10	-7.23042e+10	-5.14608e+10	-1.4071e+11	6.77999e+10	2.17578e+11
2.388e+08	-48936.8	1.31953e+06	7.73565e+10	-7.48653e+10	-5.42447e+10	-1.3966e+11	7.00945e+10	2.16847e+11
2.389e+08	-35289.8	1.32252e+06	7.48687e+10	-7.73467e+10	-5.70071e+10	-1.38554e+11	7.23813e+10	2.16091e+11
2.39e+08	-21512.7	1.32516e+06	7.23013e+10	-7.97458e+10	-5.9747e+10	-1.37394e+11	7.46599e+10	2.1531e+11
2.391e+08	-7615.45	1.32743e+06	6.96569e+10	-8.20601e+10	-6.24634e+10	-1.36179e+11	7.69301e+10	2.14506e+11
2.392e+08	6391.95	1.32934e+06	6.69384e+10	-8.4287e+10	-6.51551e+10	-1.34911e+11	7.91917e+10	2.13678e+11
2.393e+08	20499.3	1.33088e+06	6.41486e+10	-8.64242e+10	-6.78211e+10	-1.3359e+11	8.14445e+10	2.12825e+11
2.394e+08	34696.4	1.33204e+06	6.12905e+10	-8.84694e+10	-7.04603e+10	-1.32215e+11	8.36881e+10	2.11949e+11
2.395e+08	48972.6	1.33282e+06	5.83672e+10	-9.04205e+10	-7.30717e+10	-1.30789e+11	8.59223e+10	2.11049e+11
2.396e+08	63317.4	1.33321e+06	5.53818e+10	-9.22752e+10	-7.56542e+10	-1.29311e+11	8.81468e+10	2.10125e+11
2.397e+08	77720	1.33323e+06	5.23373e+10	-9.40317e+10	-7.82069e+10	-1.27782e+11	9.03615e+10	2.09178e+11
2.398e+08	92169.5	1.33285e+06	4.92371e+10	-9.5688e+10	-8.07287e+10	-1.26202e+11	9.2566e+10	2.08207e+11
2.399e+08	106655	1.33208e+06	4.60845e+10	-9.72424e+10	-8.32187e+10	-1.24573e+11	9.47602e+10	2.07213e+11
2.4e+08	121165	1.33092e+06	4.28828e+10	-9.86932e+10	-8.56758e+10	-1.22894e+11	9.69437e+10	2.06195e+11
2.401e+08	135690	1.32936e+06	3.96354e+10	-1.00039e+11	-8.80991e+10	-1.21167e+11	9.91163e+10	2.05155e+11
2.402e+08	150216	1.3274e+06	3.63458e+10	-1.01278e+11	-9.04875e+10	-1.19392e+11	1.01278e+11	2.04091e+11
2.403e+08	164734	1.32505e+06	3.30175e+10	-1.02409e+11	-9.28403e+10	-1.1757e+11	1.03428e+11	2.03004e+11
2.404e+08	179231	1.3223e+06	2.9654e+10	-1.03431e+11	-9.51564e+10	-1.15702e+11	1.05567e+11	2.01895e+11
2.405e+08	193697	1.31914e+06	2.62588e+10	-1.04343e+11	-9.74349e+10	-1.13788e+11	1.07693e+11	2.00763e+11
2.406e+08	208120	1.31559e+06	2.28358e+10	-1.05144e+11	-9.9675e+10	-1.11829e+11	1.09808e+11	1.99609e+11
2.407e+08	222488	1.31164e+06	1.93883e+10	-1.05833e+11	-1.01876e+11	-1.09826e+11	1.1191e+11	1.98432e+11
2.408e+08	236790	1.30729e+06	1.59202e+10	-1.06409e+11	-1.04036e+11	-1.07779e+11	1.14e+11	1.97233e+11
2.409e+08	251014	1.30254e+06	1.24352e+10	-1.06871e+11	-1.06156e+11	-1.0569e+11	1.16077e+11	1.96011e+11
2.41e+08	265148	1.2974e+06	8.9369e+09	-1.0722e+11	-1.08233e+11	-1.03559e+11	1.18141e+11	1.94768e+11
2.411e+08	279182	1.29186e+06	5.42908e+09	-1.07454e+11	-1.10268e+11	-1.01387e+11	1.20191e+11	1.93503e+11
2.412e+08	293104	1.28592e+06	1.91547e+09	-1.07574e+11	-1.12259e+11	-9.91754e+10	1.22228e+11	1.92216e+11
2.413e+08	306902	1.2796e+06	-1.60019e+09	-1.07579e+11	-1.14206e+11	-9.69244e+10	1.24252e+11	1.90907e+11
2.414e+08	320565	1.27288e+06	-5.11413e+09	-1.0747e+11	-1.16108e+11	-9.46352e+10	1.26261e+11	1.89577e+11
2.415e+08	334082	1.26578e+06	-8.62263e+09	-1.07246e+11	-1.17963e+11	-9.23085e+10	1.28256e+11	1.88226e+11
2.416e+08	347440	1.2583e+06	-1.21219e+10	-1.06907e+11	-1.19773e+11	-8.99454e+10	1.30237e+11	1.86854e+11
2.417e+08	360630	1.25044e+06	-1.56083e+10	-1.06455e+11	-1.21535e+11	-8.75468e+10	1.32203e+11	1.8546e+11
2.418e+08	373640	1.2422e+06	-1.90781e+10	-1.05889e+11	-1.23249e+11	-8.51136e+10	1.34155e+11	1.84046e+11
2.419e+08	386458	1.2336e+06	-2.25275e+10	-1.05211e+11	-1.24914e+11	-8.26467e+10	1.36091e+11	1.82611e+11
2.42e+08	399075	1.22463e+06	-2.59529e+10	-1.0442e+11	-1.2653e+11	-8.01473e+10	1.38012e+11	1.81156e+11
2.421e+08	411479	1.21529e+06	-2.93507e+10	-1.03518e+11	-1.28096e+11	-7.76161e+10	1.39917e+11	1.7968e+11
2.422e+08	423659	1.20561e+06	-3.27172e+10	-1.02506e+11	-1.29611e+11	-7.50543e+10	1.41807e+11	1.78184e+11
2.423e+08	435606	1.19557e+06	-3.60488e+10	-1.01385e+11	-1.31075e+11	-7.24629e+10	1.43681e+11	1.76668e+11
2.424e+08	447308	1.18519e+06	-3.93421e+10	-1.00156e+11	-1.32488e+11	-6.98428e+10	1.45539e+11	1.75132e+11
2.425e+08	458756	1.17447e+06	-4.25934e+10	-9.88194e+10	-1.33848e+11	-6.71951e+10	1.4738e+11	1.73576e+11
2.426e+08	469939	1.16342e+06	-4.57993e+10	-9.73781e+10	-1.35155e+11	-6.45208e+10	1.49205e+11	1.72001e+11
2.427e+08	480848	1.15204e+06	-4.89565e+10	-9.5833e+10	-1.36409e+11	-6.18211e+10	1.51012e+11	1.70407e+11
2.428e+08	491473	1.14035e+06	-5.20615e+10	-9.41858e+10	-1.37608e+11	-5.90969e+10	1.52803e+11	1.68793e+11
2.429e+08	501804	1.12835e+06	-5.51111e+10	-9.24384e+10	-1.38754e+11	-5.63494e+10	1.54577e+11	1.67161e+11
2.43e+08	511833	1.11605e+06	-5.8102e+10	-9.05925e+10	-1.39844e+11	-5.35796e+10	1.56334e+11	1.65509e+11
2.431e+08	521550	1.10345e+06	-6.10311e+10	-8.86502e+10	-1.4088e+11	-5.07887e+10	1.58072e+11	1.63839e+11
2.432e+08	530947	1.09057e+06	-6.38951e+10	-8.66135e+10	-1.41859e+11	-4.79776e+10	1.59793e+11	1.62151e+11
2.433e+08	540015	1.07741e+06	-6.66912e+10	-8.44845e+10	-1.42783e+11	-4.51476e+10	1.61496e+11	1.60444e+11
2.434e+08	548745	1.06398e+06	-6.94162e+10	-8.22657e+10	-1.4365e+11	-4.22998e+10	1.63181e+11	1.58719e+11
2.435e+08	557130	1.0503e+06	-7.20674e+10	-7.99593e+10	-1.4446e+11	-3.94352e+10	1.64848e+11	1.56977e+11
2.436e+08	565162	1.03637e+06	-7.46419e+10	-7.75678e+10	-1.45214e+11	-3.65551e+10	1.66496e+11	1.55217e+11
2.437e+08	572833	1.02219e+06	-7.7137e+10	-7.50937e+10	-1.45909e+11	-3.36604e+10	1.68125e+11	1.53439e+11
2.438e+08	580136	1.00779e+06	-7.955e+10	-7.25398e+10	-1.46548e+11	-3.07525e+10	1.69735e+11	1.51644e+11
2.439e+08	587065	993165	-8.18784e+10	-6.99087e+10	-1.47128e+11	-2.78325e+10	1.71326e+11	1.49832e+11
2.44e+08	593611	978332	-8.41197e+10	-6.72033e+10	-1.4765e+11	-2.49014e+10	1.72898e+11	1.48003e+11
2.441e+08	599770	963300	-8.62715e+10	-6.44264e+10	-1.48113e+11	-2.19605e+10	1.74451e+11	1.46157e+11
2.442e+08	605535	948079	-8.83316e+10	-6.1581e+10	-1.48519e+11	-1.90108e+10	1.75983e+11	1.44295e+11
2.443e+08	610900	932681	-9.02979e+10	-5.86701e+10	-1.48865e+11	-1.60537e+10	1.77496e+11	1.42417e+11
2.444e+08	615860	917116	-9.21681e+10	-5.56968e+10	-1.49152e+11	-1.30902e+10	1.78989e+11	1.40522e+11
2.445e+08	620410	901396	-9.39404e+10	-5.26644e+10	-1.49381e+11	-1.01216e+10	1.80462e+11	1.38612e+11
2.446e+08	624544	885532	-9.56128e+10	-4.9576e+10	-1.4955e+11	-7.14894e+09	1.81915e+11	1.36686e+11
2.447e+08	628259	869536	-9.71837e+10	-4.64349e+10	-1.49661e+11	-4.17346e+09	1.83346e+11	1.34745e+11
2.448e+08	631550	853419	-9.86513e+10	-4.32445e+10	-1.49712e+11	-1.19633e+09	1.84758e+11	1.32789e+11
2.449e+08	634414	837192	-1.00014e+11	-4.00082e+10	-1.49704e+11	1.78128e+09	1.86148e+11	1.30817e+11
2.45e+08	636847	820869	-1.01271e+11	-3.67293e+10	-1.49636e+11	4.75817e+09	1.87518e+11	1.28831e+11
2.451e+08	638846	804461	-1.0242e+11	-3.34115e+10	-1.4951e+11	7.73319e+09	1.88866e+11	1.26831e+11
2.452e+08	640408	787979	-1.0346e+11	-3.00582e+10	-1.49324e+11	1.07052e+10	1.90193e+11	1.24816e+11
2.453e+08	641530	771437	-1.04391e+11	-2.6673e+10	-1.49079e+11	1.36729e+10	1.91499e+11	1.22787e+11
2.454e+08	642212	754846	-1.05211e+11	-2.32595e+10	-1.48775e+11	1.66352e+10	1.92783e+11	1.20744e+11
2.455e+08	642450	738219	-1.05919e+11	-1.98213e+10	-1.48413e+11	1.95909e+10	1.94045e+11	1.18688e+11
2.456e+08	642245	721568	-1.06515e+11	-1.63621e+10	-1.47991e+11	2.25389e+10	1.95286e+11	1.16618e+11
2.457e+08	641594	704906	-1.06998e+11	-1.28855e+10	-1.47512e+11	2.5478e+10	1.96504e+11	1.14535e+11
2.458e+08	640497	688245	-1.07367e+11	-9.39531e+09	-1.46973e+11	2.84069e+10	1.977e+11	1.12439e+11
2.459e+08	638955	671597	-1.07623e+11	-5.89511e+09	-1.46377e+11	3.13247e+10	1.98874e+11	1.1033e+11
2.46e+08	636966	654975	-1.07764e+11	-2.38867e+09	-1.45722e+11	3.423e+10	2.00025e+11	1.08209e+11
2.461e+08	634533	638391	-1.07791e+11	1.12031e+09	-1.4501e+11	3.71218e+10	2.01154e+11	1.06076e+11
2.462e+08	631654	621858	-1.07704e+11	4.62811e+09	-1.44241e+11	3.99989e+10	2.0226e+11	1.03931e+11
2.463e+08	628333	605389	-1.07503e+11	8.131e+09	-1.43414e+11	4.28602e+10	2.03344e+11	1.01774e+11
2.464e+08	624569	588995	-1.07188e+11	1.16253e+10	-1.42531e+11	4.57045e+10	2.04404e+11	9.96051e+10
2.465e+08	620366	572689	-1.0676e+11	1.51073e+10	-1.41591e+11	4.85307e+10	2.05441e+11	9.74254e+10
2.466e+08	615726	556484	-1.06219e+11	1.85732e+10	-1.40596e+11	5.13377e+10	2.06456e+11	9.52347e+10
2.467e+08	610650	540391	-1.05565e+11	2.20196e+10	-1.39544e+11	5.41243e+10	2.07446e+11	9.30332e+10
2.468e+08	605143	524423	-1.04799e+11	2.54426e+10	-1.38438e+11	5.68896e+10	2.08414e+11	9.08212e+10
2.469e+08	599208	508592	-1.03922e+11	2.88387e+10	-1.37276e+11	5.96323e+10	2.09357e+11	8.8599e+10
2.47e+08	592848	492910	-1.02936e+11	3.22042e+10	-1.3606e+11	6.23514e+10	2.10278e+11	8.63667e+10
2.471e+08	586067	477388	-1.01841e+11	3.55357e+10	-1.34791e+11	6.50458e+10	2.11174e+11	8.41247e+10
2.472e+08	578870	462038	-1.00637e+11	3.88297e+10	-1.33468e+11	6.77145e+10	2.12047e+11	8.18732e+10
2.473e+08	571262	446873	-9.93278e+10	4.20825e+10	-1.32092e+11	7.03564e+10	2.12895e+11	7.96124e+10
2.474e+08	563247	431903	-9.79133e+10	4.52909e+10	-1.30663e+11	7.29704e+10	2.1372e+11	7.73426e+10
2.475e+08	554832	417139	-9.63952e+10	4.84514e+10	-1.29183e+11	7.55554e+10	2.1452e+11	7.50641e+10
2.476e+08	546021	402594	-9.47752e+10	5.15607e+10	-1.27652e+11	7.81106e+10	2.15296e+11	7.27771e+10
2.477e+08	536822	388277	-9.3055e+10	5.46155e+10	-1.26071e+11	8.06349e+10	2.16048e+11	7.04818e+10
2.478e+08	527239	374200	-9.12366e+10	5.76126e+10	-1.24439e+11	8.31272e+10	2.16775e+11	6.81786e+10
2.479e+08	517281	360374	-8.93217e+10	6.05488e+10	-1.22758e+11	8.55865e+10	2.17478e+11	6.58677e+10
2.48e+08	506954	346808	-8.73125e+10	6.3421e+10	-1.21029e+11	8.8012e+10	2.18156e+11	6.35493e+10
2.481e+08	496265	333513	-8.52111e+10	6.62263e+10	-1.19251e+11	9.04026e+10	2.18809e+11	6.12238e+10
2.482e+08	485222	320498	-8.30197e+10	6.89617e+10	-1.17426e+11	9.27574e+10	2.19438e+11	5.88913e+10
2.483e+08	473833	307775	-8.07406e+10	7.16242e+10	-1.15555e+11	9.50755e+10	2.20042e+11	5.65521e+10
2.484e+08	462105	295351	-7.83763e+10	7.42111e+10	-1.13638e+11	9.73558e+10	2.20621e+11	5.42066e+10
2.485e+08	450049	283237	-7.59293e+10	7.67197e+10	-1.11676e+11	9.95977e+10	2.21175e+11	5.18549e+10
2.486e+08	437671	271442	-7.34021e+10	7.91473e+10	-1.0967e+11	1.018e+11	2.21704e+11	4.94973e+10
2.487e+08	424981	259974	-7.07975e+10	8.14914e+10	-1.0762e+11	1.03962e+11	2.22208e+11	4.71341e+10
2.488e+08	411989	248841	-6.81182e+10	8.37495e+10	-1.05528e+11	1.06083e+11	2.22686e+11	4.47656e+10
2.489e+08	398703	238053	-6.5367e+10	8.59193e+10	-1.03393e+11	1.08162e+11	2.2314e+11	4.2392e+10
2.49e+08	385134	227616	-6.25469e+10	8.79984e+10	-1.01218e+11	1.10198e+11	2.23568e+11	4.00136e+10
2.491e+08	371291	217540	-5.96607e+10	8.99847e+10	-9.9003e+10	1.1219e+11	2.23971e+11	3.76307e+10
2.492e+08	357184	207830	-5.67117e+10	9.18761e+10	-9.67485e+10	1.14138e+11	2.24348e+11	3.52435e+10
2.493e+08	342824	198495	-5.37029e+10	9.36706e+10	-9.44557e+10	1.1604e+11	2.247e+11	3.28523e+10
2.494e+08	328222	189540	-5.06374e+10	9.53664e+10	-9.21254e+10	1.17897e+11	2.25027e+11	3.04574e+10
2.495e+08	313387	180973	-4.75185e+10	9.69615e+10	-8.97586e+10	1.19707e+11	2.25328e+11	2.80591e+10
2.496e+08	298331	172800	-4.43496e+10	9.84545e+10	-8.73563e+10	1.21469e+11	2.25603e+11	2.56575e+10
2.497e+08	283065	165026	-4.11339e+10	9.98437e+10	-8.49193e+10	1.23184e+11	2.25853e+11	2.32531e+10
2.498e+08	267600	157657	-3.78748e+10	1.01128e+11	-8.24487e+10	1.24849e+11	2.26077e+11	2.0846e+10
2.499e+08	251948	150698	-3.45758e+10	1.02305e+11	-7.99454e+10	1.26465e+11	2.26276e+11	1.84366e+10
2.5e+08	236119	144154	-3.12404e+10	1.03374e+11	-7.74104e+10	1.28031e+11	2.26449e+11	1.6025e+10
2.501e+08	220126	138030	-2.7872e+10	1.04335e+11	-7.48447e+10	1.29546e+11	2.26596e+11	1.36117e+10
2.502e+08	203980	132329	-2.44743e+10	1.05186e+11	-7.22493e+10	1.3101e+11	2.26718e+11	1.11968e+10
2.503e+08	187694	127056	-2.10507e+10	1.05925e+11	-6.96253e+10	1.32422e+11	2.26814e+11	8.78059e+09
2.504e+08	171278	122214	-1.7605e+10	1.06553e+11	-6.69737e+10	1.33781e+11	2.26884e+11	6.36342e+09
2.505e+08	154746	117807	-1.41408e+10	1.07069e+11	-6.42956e+10	1.35087e+11	2.26928e+11	3.94553e+09
2.506e+08	138109	113836	-1.06616e+10	1.07472e+11	-6.1592e+10	1.3634e+11	2.26947e+11	1.52719e+09
2.507e+08	121379	110305	-7.17125e+09	1.07762e+11	-5.88639e+10	1.37539e+11	2.2694e+11	-8.91321e+08
2.508e+08	104569	107215	-3.67331e+09	1.07938e+11	-5.61125e+10	1.38683e+11	2.26907e+11	-3.30973e+09
2.509e+08	87691.7	104568	-1.71499e+08	1.08001e+11	-5.33389e+10	1.39772e+11	2.26848e+11	-5.72777e+09
2.51e+08	70758.3	102366	3.33049e+09	1.0795e+11	-5.05441e+10	1.40806e+11	2.26763e+11	-8.14515e+09
2.511e+08	53781.6	100610	6.82897e+09	1.07785e+11	-4.77293e+10	1.41784e+11	2.26653e+11	-1.05616e+10
2.512e+08	36773.9	99300	1.03203e+10	1.07506e+11	-4.48956e+10	1.42706e+11	2.26517e+11	-1.29769e+10
2.513e+08	19747.7	98436.6	1.38007e+10	1.07114e+11	-4.2044e+10	1.43571e+11	2.26355e+11	-1.53907e+10
2.514e+08	2715.27	98019.8	1.72665e+10	1.06609e+11	-3.91758e+10	1.44379e+11	2.26168e+11	-1.78027e+10
2.515e+08	-14311	98049	2.07142e+10	1.05992e+11	-3.62921e+10	1.4513e+11	2.25954e+11	-2.02127e+10
2.516e+08	-31318.8	98523.6	2.41401e+10	1.05263e+11	-3.3394e+10	1.45824e+11	2.25716e+11	-2.26204e+10
2.517e+08	-48295.9	99442.3	2.75405e+10	1.04424e+11	-3.04826e+10	1.4646e+11	2.25451e+11	-2.50256e+10
2.518e+08	-65230	100804	3.09118e+10	1.03474e+11	-2.75591e+10	1.47037e+11	2.25161e+11	-2.74279e+10
2.519e+08	-82109	102606	3.42506e+10	1.02415e+11	-2.46248e+10	1.47556e+11	2.24845e+11	-2.9827e+10
2.52e+08	-98920.7	104847	3.75533e+10	1.01249e+11	-2.16806e+10	1.48017e+11	2.24504e+11	-3.22228e+10
2.521e+08	-115653	107525	4.08165e+10	9.99751e+10	-1.87279e+10	1.48419e+11	2.24137e+11	-3.46149e+10
2.522e+08	-132294	110635	4.40365e+10	9.85962e+10	-1.57677e+10	1.48763e+11	2.23744e+11	-3.70031e+10
2.523e+08	-148833	114176	4.72102e+10	9.71135e+10	-1.28013e+10	1.49047e+11	2.23326e+11	-3.93871e+10
2.524e+08	-165256	118143	5.03341e+10	9.55283e+10	-9.82977e+09	1.49272e+11	2.22883e+11	-4.17665e+10
2.525e+08	-181554	122533	5.34049e+10	9.38425e+10	-6.85437e+09	1.49438e+11	2.22414e+11	-4.41413e+10
2.526e+08	-197713	127341	5.64195e+10	9.20576e+10	-3.87626e+09	1.49545e+11	2.2192e+11	-4.6511e+10
2.527e+08	-213724	132563	5.93745e+10	9.01757e+10	-8.96605e+08	1.49592e+11	2.21401e+11	-4.88754e+10
2.528e+08	-229574	138194	6.22669e+10	8.81987e+10	2.0834e+09	1.4958e+11	2.20856e+11	-5.12342e+10
2.529e+08	-245253	144229	6.50936e+10	8.61287e+10	5.06258e+09	1.49509e+11	2.20286e+11	-5.35872e+10
2.53e+08	-260749	150662	6.78517e+10	8.39678e+10	8.03976e+09	1.49379e+11	2.19692e+11	-5.59341e+10
2.531e+08	-276053	157488	7.05381e+10	8.17184e+10	1.10137e+10	1.49189e+11	2.19072e+11	-5.82746e+10
2.532e+08	-291154	164700	7.31502e+10	7.93827e+10	1.39834e+10	1.4894e+11	2.18427e+11	-6.06085e+10
2.533e+08	-306041	172293	7.5685e+10	7.69632e+10	1.69474e+10	1.48632e+11	2.17757e+11	-6.29355e+10
2.534e+08	-320705	180259	7.814e+10	7.44625e+10	1.99048e+10	1.48265e+11	2.17063e+11	-6.52553e+10
2.535e+08	-335135	188591	8.05125e+10	7.18833e+10	2.28543e+10	1.4784e+11	2.16344e+11	-6.75677e+10
2.536e+08	-349322	197282	8.28e+10	6.92281e+10	2.57947e+10	1.47355e+11	2.156e+11	-6.98723e+10
2.537e+08	-363257	206325	8.50001e+10	6.64999e+10	2.87248e+10	1.46813e+11	2.14831e+11	-7.2169e+10
2.538e+08	-376929	215713	8.71104e+10	6.37014e+10	3.16436e+10	1.46212e+11	2.14038e+11	-7.44575e+10
2.539e+08	-390332	225436	8.91288e+10	6.08357e+10	3.45499e+10	1.45553e+11	2.13221e+11	-7.67374e+10
2.54e+08	-403455	235486	9.1053e+10	5.79057e+10	3.74424e+10	1.44836e+11	2.12379e+11	-7.90087e+10
2.541e+08	-416290	245857	9.2881e+10	5.49145e+10	4.03201e+10	1.44062e+11	2.11513e+11	-8.12709e+10
2.542e+08	-428829	256537	9.46108e+10	5.18653e+10	4.31818e+10	1.43231e+11	2.10623e+11	-8.35238e+10
2.543e+08	-441064	267519	9.62407e+10	4.87613e+10	4.60264e+10	1.42343e+11	2.09709e+11	-8.57672e+10
2.544e+08	-452988	278794	9.77688e+10	4.56058e+10	4.88527e+10	1.41399e+11	2.08771e+11	-8.80008e+10
2.545e+08	-464594	290351	9.91936e+10	4.2402e+10	5.16597e+10	1.40399e+11	2.07809e+11	-9.02243e+10
2.546e+08	-475873	302182	1.00514e+11	3.91534e+10	5.44462e+10	1.39343e+11	2.06823e+11	-9.24376e+10
2.547e+08	-486821	314277	1.01727e+11	3.58634e+10	5.72111e+10	1.38231e+11	2.05814e+11	-9.46403e+10
2.548e+08	-497429	326626	1.02833e+11	3.25355e+10	5.99533e+10	1.37065e+11	2.04781e+11	-9.68322e+10
2.549e+08	-507692	339218	1.0383e+11	2.91732e+10	6.26718e+10	1.35845e+11	2.03725e+11	-9.90131e+10
2.55e+08	-517604	352044	1.04718e+11	2.578e+10	6.53654e+10	1.3457e+11	2.02646e+11	-1.01183e+11
2.551e+08	-527160	365094	1.05494e+11	2.23595e+10	6.80331e+10	1.33243e+11	2.01543e+11	-1.03341e+11
2.552e+08	-536354	378356	1.06159e+11	1.89153e+10	7.06738e+10	1.31862e+11	2.00418e+11	-1.05487e+11
2.553e+08	-545182	391820	1.06712e+11	1.54512e+10	7.32865e+10	1.3043e+11	1.99269e+11	-1.07621e+11
2.554e+08	-553639	405476	1.07151e+11	1.19706e+10	7.58702e+10	1.28945e+11	1.98098e+11	-1.09743e+11
2.555e+08	-561720	419311	1.07477e+11	8.47744e+09	7.84238e+10	1.27409e+11	1.96904e+11	-1.11852e+11
2.556e+08	-569422	433317	1.0769e+11	4.97525e+09	8.09463e+10	1.25823e+11	1.95688e+11	-1.13948e+11
2.557e+08	-576742	447481	1.07788e+11	1.4678e+09	8.34367e+10	1.24187e+11	1.94449e+11	-1.16032e+11
2.558e+08	-583676	461792	1.07772e+11	-2.04121e+09	8.5894e+10	1.22502e+11	1.93188e+11	-1.18102e+11
2.559e+08	-590221	476239	1.07641e+11	-5.54806e+09	8.83173e+10	1.20769e+11	1.91905e+11	-1.20159e+11
2.56e+08	-596374	490812	1.07397e+11	-9.04902e+09	9.07056e+10	1.18987e+11	1.906e+11	-1.22202e+11
2.561e+08	-602134	505497	1.07039e+11	-1.25404e+10	9.30579e+10	1.17158e+11	1.89273e+11	-1.24231e+11
2.562e+08	-607499	520286	1.06567e+11	-1.60185e+10	9.53734e+10	1.15283e+11	1.87925e+11	-1.26245e+11
2.563e+08	-612466	535165	1.05982e+11	-1.94795e+10	9.76511e+10	1.13362e+11	1.86555e+11	-1.28246e+11
2.564e+08	-617036	550124	1.05285e+11	-2.292e+10	9.989e+10	1.11396e+11	1.85163e+11	-1.30231e+11
2.565e+08	-621206	565151	1.04476e+11	-2.63361e+10	1.02089e+11	1.09387e+11	1.83751e+11	-1.32202e+11
2.566e+08	-624977	580235	1.03556e+11	-2.97242e+10	1.04248e+11	1.07333e+11	1.82317e+11	-1.34158e+11
2.567e+08	-628349	595364	1.02527e+11	-3.30808e+10	1.06366e+11	1.05237e+11	1.80863e+11	-1.36098e+11
2.568e+08	-631320	610528	1.01388e+11	-3.64023e+10	1.08441e+11	1.031e+11	1.79388e+11	-1.38023e+11
2.569e+08	-633893	625715	1.00142e+11	-3.96851e+10	1.10474e+11	1.00922e+11	1.77892e+11	-1.39932e+11
2.57e+08	-636068	640913	9.87892e+10	-4.29258e+10	1.12463e+11	9.87032e+10	1.76376e+11	-1.41824e+11
2.571e+08	-637845	656112	9.73317e+10	-4.61209e+10	1.14407e+11	9.64458e+10	1.7484e+11	-1.43701e+11
2.572e+08	-639227	671301	9.57709e+10	-4.9267e+10	1.16306e+11	9.41501e+10	1.73284e+11	-1.45561e+11
2.573e+08	-640215	686468	9.41082e+10	-5.23607e+10	1.18158e+11	9.18171e+10	1.71708e+11	-1.47405e+11
2.574e+08	-640812	701603	9.23456e+10	-5.53988e+10	1.19964e+11	8.94478e+10	1.70112e+11	-1.49231e+11
2.575e+08	-641019	716695	9.04848e+10	-5.83781e+10	1.21723e+11	8.7043e+10	1.68497e+11	-1.51041e+11
2.576e+08	-640841	731733	8.85279e+10	-6.12952e+10	1.23433e+11	8.46038e+10	1.66862e+11	-1.52833e+11
2.577e+08	-640279	746706	8.64768e+10	-6.41472e+10	1.25094e+11	8.2131e+10	1.65209e+11	-1.54608e+11
2.578e+08	-639337	761605	8.43337e+10	-6.6931e+10	1.26706e+11	7.96257e+10	1.63536e+11	-1.56365e+11
2.579e+08	-638019	776418	8.2101e+10	-6.96436e+10	1.28268e+11	7.70888e+10	1.61845e+11	-1.58104e+11
2.58e+08	-636328	791136	7.97809e+10	-7.22821e+10	1.29778e+11	7.45215e+10	1.60135e+11	-1.59825e+11
2.581e+08	-634270	805748	7.7376e+10	-7.48438e+10	1.31238e+11	7.19246e+10	1.58407e+11	-1.61527e+11
2.582e+08	-631849	820245	7.48887e+10	-7.73258e+10	1.32645e+11	6.92992e+10	1.5666e+11	-1.63211e+11
2.583e+08	-629069	834617	7.23218e+10	-7.97255e+10	1.34e+11	6.66464e+10	1.54896e+11	-1.64877e+11
2.584e+08	-625935	848855	6.96779e+10	-8.20404e+10	1.35302e+11	6.39672e+10	1.53114e+11	-1.66523e+11
2.585e+08	-622454	862949	6.69598e+10	-8.42679e+10	1.3655e+11	6.12627e+10	1.51314e+11	-1.68151e+11
2.586e+08	-618630	876890	6.41704e+10	-8.64058e+10	1.37744e+11	5.85339e+10	1.49497e+11	-1.69759e+11
2.587e+08	-614470	890670	6.13128e+10	-8.84516e+10	1.38884e+11	5.57819e+10	1.47663e+11	-1.71347e+11
2.588e+08	-609979	904278	5.83898e+10	-9.04033e+10	1.39969e+11	5.30079e+10	1.45812e+11	-1.72916e+11
2.589e+08	-605165	917708	5.54047e+10	-9.22587e+10	1.40998e+11	5.02128e+10	1.43944e+11	-1.74466e+11
2.59e+08	-600034	930951	5.23605e+10	-9.40159e+10	1.41971e+11	4.73979e+10	1.4206e+11	-1.75995e+11
2.591e+08	-594591	943999	4.92606e+10	-9.56729e+10	1.42888e+11	4.45642e+10	1.40159e+11	-1.77504e+11
2.592e+08	-588846	956843	4.61083e+10	-9.7228e+10	1.43749e+11	4.17129e+10	1.38242e+11	-1.78992e+11
2.593e+08	-582804	969478	4.29068e+10	-9.86796e+10	1.44553e+11	3.88451e+10	1.3631e+11	-1.8046e+11
2.594e+08	-576474	981894	3.96596e+10	-1.00026e+11	1.45299e+11	3.59618e+10	1.34362e+11	-1.81908e+11
2.595e+08	-569863	994086	3.63701e+10	-1.01266e+11	1.45988e+11	3.30644e+10	1.32398e+11	-1.83334e+11
2.596e+08	-562978	1.00605e+06	3.30419e+10	-1.02398e+11	1.46619e+11	3.01539e+10	1.30419e+11	-1.84739e+11
2.597e+08	-555829	1.01777e+06	2.96785e+10	-1.03421e+11	1.47193e+11	2.72314e+10	1.28425e+11	-1.86124e+11
2.598e+08	-548422	1.02925e+06	2.62835e+10	-1.04333e+11	1.47708e+11	2.42982e+10	1.26417e+11	-1.87486e+11
2.599e+08	-540767	1.04047e+06	2.28604e+10	-1.05135e+11	1.48164e+11	2.13553e+10	1.24394e+11	-1.88828e+11
2.6e+08	-532871	1.05145e+06	1.9413e+10	-1.05824e+11	1.48562e+11	1.8404e+10	1.22356e+11	-1.90147e+11
2.601e+08	-524744	1.06216e+06	1.59449e+10	-1.06401e+11	1.48901e+11	1.54454e+10	1.20305e+11	-1.91445e+11
2.602e+08	-516393	1.0726e+06	1.24598e+10	-1.06864e+11	1.49181e+11	1.24807e+10	1.1824e+11	-1.92721e+11
2.603e+08	-507829	1.08278e+06	8.96141e+09	-1.07213e+11	1.49402e+11	9.51107e+09	1.16161e+11	-1.93975e+11
2.604e+08	-499060	1.09268e+06	5.45348e+09	-1.07448e+11	1.49564e+11	6.53767e+09	1.14069e+11	-1.95206e+11
2.605e+08	-490094	1.10229e+06	1.93974e+09	-1.07569e+11	1.49667e+11	3.56168e+09	1.11963e+11	-1.96415e+11
2.606e+08	-480942	1.11163e+06	-1.57607e+09	-1.07575e+11	1.49711e+11	5.84285e+08	1.09845e+11	-1.97601e+11
2.607e+08	-471611	1.12068e+06	-5.0902e+09	-1.07466e+11	1.49695e+11	-2.39334e+09	1.07715e+11	-1.98765e+11
2.608e+08	-462113	1.12943e+06	-8.59891e+09	-1.07243e+11	1.4962e+11	-5.37002e+09	1.05572e+11	-1.99906e+11
2.609e+08	-452455	1.1379e+06	-1.20984e+10	-1.06905e+11	1.49486e+11	-8.34457e+09	1.03416e+11	-2.01024e+11
2.61e+08	-442647	1.14607e+06	-1.55851e+10	-1.06453e+11	1.49293e+11	-1.13158e+10	1.01249e+11	-2.02119e+11
2.611e+08	-432699	1.15394e+06	-1.90551e+10	-1.05888e+11	1.49041e+11	-1.42826e+10	9.90705e+10	-2.0319e+11
2.612e+08	-422620	1.16151e+06	-2.25049e+10	-1.05211e+11	1.4873e+11	-1.72437e+10	9.68804e+10	-2.04238e+11
2.613e+08	-412419	1.16877e+06	-2.59306e+10	-1.0442e+11	1.4836e+11	-2.0198e+10	9.46791e+10	-2.05263e+11
2.614e+08	-402107	1.17573e+06	-2.93287e+10	-1.03519e+11	1.47931e+11	-2.31444e+10	9.2467e+10	-2.06264e+11
2.615e+08	-391692	1.18239e+06	-3.26956e+10	-1.02508e+11	1.47444e+11	-2.60815e+10	9.02442e+10	-2.07242e+11
2.616e+08	-381183	1.18874e+06	-3.60276e+10	-1.01387e+11	1.46899e+11	-2.90084e+10	8.80111e+10	-2.08196e+11
2.617e+08	-370591	1.19479e+06	-3.93212e+10	-1.00158e+11	1.46296e+11	-3.19238e+10	8.57678e+10	-2.09125e+11
2.618e+08	-359925	1.20053e+06	-4.2573e+10	-9.88223e+10	1.45634e+11	-3.48265e+10	8.35147e+10	-2.10031e+11
2.619e+08	-349194	1.20596e+06	-4.57793e+10	-9.73814e+10	1.44915e+11	-3.77155e+10	8.1252e+10	-2.10912e+11
2.62e+08	-338407	1.21108e+06	-4.89369e+10	-9.58368e+10	1.44139e+11	-4.05896e+10	7.89799e+10	-2.1177e+11
2.621e+08	-327574	1.2159e+06	-5.20424e+10	-9.41901e+10	1.43306e+11	-4.34477e+10	7.66988e+10	-2.12603e+11
2.622e+08	-316703	1.22042e+06	-5.50925e+10	-9.24431e+10	1.42416e+11	-4.62885e+10	7.44088e+10	-2.13411e+11
2.623e+08	-305804	1.22463e+06	-5.80839e+10	-9.05976e+10	1.4147e+11	-4.91111e+10	7.21103e+10	-2.14195e+11
2.624e+08	-294886	1.22854e+06	-6.10134e+10	-8.86556e+10	1.40468e+11	-5.19142e+10	6.98035e+10	-2.14954e+11
2.625e+08	-283957	1.23215e+06	-6.38779e+10	-8.66193e+10	1.39411e+11	-5.46969e+10	6.74887e+10	-2.15689e+11
2.626e+08	-273028	1.23545e+06	-6.66745e+10	-8.44907e+10	1.38298e+11	-5.74579e+10	6.51661e+10	-2.16399e+11
2.627e+08	-262105	1.23847e+06	-6.94001e+10	-8.22721e+10	1.37131e+11	-6.01962e+10	6.2836e+10	-2.17084e+11
2.628e+08	-251198	1.24119e+06	-7.20518e+10	-7.9966e+10	1.35909e+11	-6.29107e+10	6.04987e+10	-2.17744e+11
2.629e+08	-240315	1.24362e+06	-7.46268e+10	-7.75748e+10	1.34634e+11	-6.56004e+10	5.81544e+10	-2.18379e+11
2.63e+08	-229465	1.24576e+06	-7.71224e+10	-7.5101e+10	1.33306e+11	-6.82641e+10	5.58035e+10	-2.18988e+11
2.631e+08	-218655	1.24761e+06	-7.95359e+10	-7.25473e+10	1.31925e+11	-7.09009e+10	5.34461e+10	-2.19573e+11
2.632e+08	-207894	1.24919e+06	-8.18648e+10	-6.99165e+10	1.30491e+11	-7.35096e+10	5.10826e+10	-2.20132e+11
2.633e+08	-197189	1.25048e+06	-8.41066e+10	-6.72112e+10	1.29007e+11	-7.60893e+10	4.87132e+10	-2.20666e+11
2.634e+08	-186548	1.25151e+06	-8.6259e+10	-6.44345e+10	1.27471e+11	-7.8639e+10	4.63382e+10	-2.21175e+11
2.635e+08	-175979	1.25226e+06	-8.83196e+10	-6.15892e+10	1.25885e+11	-8.11575e+10	4.39579e+10	-2.21658e+11
2.636e+08	-165488	1.25275e+06	-9.02864e+10	-5.86785e+10	1.24249e+11	-8.3644e+10	4.15725e+10	-2.22116e+11
2.637e+08	-155084	1.25298e+06	-9.21571e+10	-5.57053e+10	1.22564e+11	-8.60975e+10	3.91823e+10	-2.22548e+11
2.638e+08	-144772	1.25296e+06	-9.39299e+10	-5.2673e+10	1.20831e+11	-8.8517e+10	3.67876e+10	-2.22955e+11
2.639e+08	-134561	1.25268e+06	-9.56029e+10	-4.95846e+10	1.1905e+11	-9.09015e+10	3.43887e+10	-2.23336e+11
2.64e+08	-124455	1.25216e+06	-9.71743e+10	-4.64436e+10	1.17222e+11	-9.32501e+10	3.19858e+10	-2.23691e+11
2.641e+08	-114461	1.2514e+06	-9.86424e+10	-4.32533e+10	1.15347e+11	-9.55618e+10	2.95793e+10	-2.2402e+11
2.642e+08	-104586	1.25041e+06	-1.00006e+11	-4.0017e+10	1.13428e+11	-9.78358e+10	2.71693e+10	-2.24324e+11
2.643e+08	-94836	1.24919e+06	-1.01263e+11	-3.67381e+10	1.11463e+11	-1.00071e+11	2.47563e+10	-2.24602e+11
2.644e+08	-85215.6	1.24774e+06	-1.02412e+11	-3.34203e+10	1.09454e+11	-1.02267e+11	2.23403e+10	-2.24854e+11
2.645e+08	-75730.6	1.24608e+06	-1.03453e+11	-3.0067e+10	1.07402e+11	-1.04423e+11	1.99218e+10	-2.2508e+11
2.646e+08	-66386.2	1.24421e+06	-1.04384e+11	-2.66818e+10	1.05308e+11	-1.06537e+11	1.75011e+10	-2.2528e+11
2.647e+08	-57187.4	1.24214e+06	-1.05205e+11	-2.32682e+10	1.03172e+11	-1.08609e+11	1.50783e+10	-2.25455e+11
2.648e+08	-48139	1.23986e+06	-1.05913e+11	-1.983e+10	1.00995e+11	-1.10638e+11	1.26537e+10	-2.25603e+11
2.649e+08	-39245.2	1.2374e+06	-1.0651e+11	-1.63707e+10	9.87786e+10	-1.12624e+11	1.02277e+10	-2.25726e+11
2.65e+08	-30510.4	1.23475e+06	-1.06993e+11	-1.28941e+10	9.6523e+10	-1.14565e+11	7.80057e+09	-2.25822e+11
2.651e+08	-21938.6	1.23193e+06	-1.07363e+11	-9.40377e+09	9.42293e+10	-1.16461e+11	5.37251e+09	-2.25893e+11
2.652e+08	-13533.4	1.22893e+06	-1.07619e+11	-5.90348e+09	9.18984e+10	-1.18311e+11	2.94382e+09	-2.25937e+11
2.653e+08	-5298.39	1.22577e+06	-1.07761e+11	-2.39693e+09	8.95313e+10	-1.20114e+11	5.14803e+08	-2.25956e+11
2.654e+08	2763.32	1.22245e+06	-1.07788e+11	1.11216e+09	8.71288e+10	-1.2187e+11	-1.91428e+09	-2.25948e+11
2.655e+08	10648.7	1.21899e+06	-1.07702e+11	4.62007e+09	8.46919e+10	-1.23577e+11	-4.34314e+09	-2.25915e+11
2.656e+08	18355.1	1.21538e+06	-1.07501e+11	8.1231e+09	8.22215e+10	-1.25236e+11	-6.7715e+09	-2.25855e+11
2.657e+08	25880.1	1.21163e+06	-1.07187e+11	1.16175e+10	7.97187e+10	-1.26846e+11	-9.19908e+09	-2.2577e+11
2.658e+08	33221.3	1.20776e+06	-1.06759e+11	1.50996e+10	7.71844e+10	-1.28405e+11	-1.16256e+10	-2.25658e+11
2.659e+08	40377.1	1.20376e+06	-1.06217e+11	1.85658e+10	7.46197e+10	-1.29914e+11	-1.40508e+10	-2.25521e+11
2.66e+08	47345.5	1.19965e+06	-1.05564e+11	2.20122e+10	7.20255e+10	-1.31371e+11	-1.64744e+10	-2.25358e+11
2.661e+08	54125.3	1.19543e+06	-1.04799e+11	2.54354e+10	6.94029e+10	-1.32777e+11	-1.8896e+10	-2.25168e+11
2.662e+08	60715.2	1.19112e+06	-1.03922e+11	2.88316e+10	6.67529e+10	-1.3413e+11	-2.13155e+10	-2.24953e+11
2.663e+08	67114.3	1.18671e+06	-1.02936e+11	3.21974e+10	6.40765e+10	-1.3543e+11	-2.37326e+10	-2.24712e+11
2.664e+08	73322.1	1.18221e+06	-1.01841e+11	3.55291e+10	6.13749e+10	-1.36677e+11	-2.61469e+10	-2.24445e+11
2.665e+08	79338	1.17764e+06	-1.00638e+11	3.88232e+10	5.8649e+10	-1.37869e+11	-2.85582e+10	-2.24152e+11
2.666e+08	85161.9	1.17299e+06	-9.9329e+10	4.20762e+10	5.58999e+10	-1.39008e+11	-3.09662e+10	-2.23834e+11
2.667e+08	90793.8	1.16829e+06	-9.79147e+10	4.52848e+10	5.31289e+10	-1.40091e+11	-3.33707e+10	-2.23489e+11
2.668e+08	96234.2	1.16352e+06	-9.63968e+10	4.84454e+10	5.03368e+10	-1.41119e+11	-3.57713e+10	-2.23119e+11
2.669e+08	101484	1.1587e+06	-9.47771e+10	5.15549e+10	4.75249e+10	-1.42092e+11	-3.81678e+10	-2.22724e+11
2.67e+08	106543	1.15384e+06	-9.30573e+10	5.46099e+10	4.46942e+10	-1.43008e+11	-4.05599e+10	-2.22302e+11
2.671e+08	111413	1.14895e+06	-9.1239e+10	5.76072e+10	4.18459e+10	-1.43868e+11	-4.29473e+10	-2.21856e+11
2.672e+08	116095	1.14402e+06	-8.93244e+10	6.05436e+10	3.89811e+10	-1.44672e+11	-4.53298e+10	-2.21383e+11
2.673e+08	120591	1.13908e+06	-8.73155e+10	6.3416e+10	3.61008e+10	-1.45418e+11	-4.77071e+10	-2.20885e+11
2.674e+08	124902	1.13411e+06	-8.52143e+10	6.62215e+10	3.32064e+10	-1.46107e+11	-5.00789e+10	-2.20362e+11
2.675e+08	129030	1.12914e+06	-8.30231e+10	6.89571e+10	3.02988e+10	-1.46738e+11	-5.2445e+10	-2.19813e+11
2.676e+08	132978	1.12416e+06	-8.07442e+10	7.16198e+10	2.73793e+10	-1.47311e+11	-5.4805e+10	-2.19239e+11
2.677e+08	136748	1.11918e+06	-7.83801e+10	7.42069e+10	2.4449e+10	-1.47826e+11	-5.71587e+10	-2.1864e+11
2.678e+08	140342	1.11421e+06	-7.59333e+10	7.67157e+10	2.1509e+10	-1.48283e+11	-5.95058e+10	-2.18016e+11
2.679e+08	143763	1.10926e+06	-7.34063e+10	7.91436e+10	1.85606e+10	-1.48681e+11	-6.18461e+10	-2.17367e+11
2.68e+08	147014	1.10432e+06	-7.08019e+10	8.14879e+10	1.56048e+10	-1.4902e+11	-6.41793e+10	-2.16692e+11
2.681e+08	150099	1.09942e+06	-6.81227e+10	8.37462e+10	1.26428e+10	-1.49301e+11	-6.65051e+10	-2.15993e+11
2.682e+08	153020	1.09454e+06	-6.53717e+10	8.59162e+10	9.6759e+09	-1.49523e+11	-6.88232e+10	-2.15269e+11
2.683e+08	155782	1.0897e+06	-6.25517e+10	8.79955e+10	6.70515e+09	-1.49686e+11	-7.11334e+10	-2.1452e+11
2.684e+08	158387	1.0849e+06	-5.96658e+10	8.9982e+10	3.73176e+09	-1.4979e+11	-7.34355e+10	-2.13747e+11
2.685e+08	160841	1.08015e+06	-5.67169e+10	9.18737e+10	7.56894e+08	-1.49834e+11	-7.57291e+10	-2.12949e+11
2.686e+08	163145	1.07545e+06	-5.37082e+10	9.36684e+10	-2.21827e+09	-1.4982e+11	-7.8014e+10	-2.12126e+11
2.687e+08	165306	1.07081e+06	-5.06428e+10	9.53644e+10	-5.19256e+09	-1.49746e+11	-8.02899e+10	-2.11279e+11
2.688e+08	167327	1.06623e+06	-4.75241e+10	9.69598e+10	-8.1648e+09	-1.49613e+11	-8.25566e+10	-2.10408e+11
2.689e+08	169213	1.06171e+06	-4.43552e+10	9.8453e+10	-1.11338e+10	-1.49422e+11	-8.48138e+10	-2.09512e+11
2.69e+08	170968	1.05726e+06	-4.11396e+10	9.98424e+10	-1.40984e+10	-1.49171e+11	-8.70613e+10	-2.08593e+11
2.691e+08	172597	1.05289e+06	-3.78807e+10	1.01127e+11	-1.70575e+10	-1.48862e+11	-8.92987e+10	-2.07649e+11
2.692e+08	174104	1.04859e+06	-3.45818e+10	1.02304e+11	-2.00098e+10	-1.48493e+11	-9.15259e+10	-2.06682e+11
2.693e+08	175496	1.04437e+06	-3.12464e+10	1.03374e+11	-2.29543e+10	-1.48066e+11	-9.37426e+10	-2.05691e+11
2.694e+08	176776	1.04024e+06	-2.78782e+10	1.04335e+11	-2.58896e+10	-1.47581e+11	-9.59485e+10	-2.04676e+11
2.695e+08	177950	1.03619e+06	-2.44805e+10	1.05185e+11	-2.88148e+10	-1.47038e+11	-9.81433e+10	-2.03638e+11
2.696e+08	179023	1.03223e+06	-2.1057e+10	1.05925e+11	-3.17286e+10	-1.46436e+11	-1.00327e+11	-2.02576e+11
2.697e+08	180001	1.02837e+06	-1.76114e+10	1.06554e+11	-3.46299e+10	-1.45777e+11	-1.02499e+11	-2.01491e+11
2.698e+08	180888	1.02459e+06	-1.41472e+10	1.0707e+11	-3.75175e+10	-1.4506e+11	-1.04659e+11	-2.00383e+11
2.699e+08	181690	1.02092e+06	-1.06681e+10	1.07473e+11	-4.03903e+10	-1.44286e+11	-1.06808e+11	-1.99252e+11
2.7e+08	182414	1.01734e+06	-7.17773e+09	1.07763e+11	-4.32471e+10	-1.43455e+11	-1.08943e+11	-1.98098e+11
2.701e+08	183063	1.01387e+06	-3.67981e+09	1.0794e+11	-4.60869e+10	-1.42567e+11	-1.11067e+11	-1.96921e+11
2.702e+08	183644	1.0105e+06	-1.78021e+08	1.08002e+11	-4.89085e+10	-1.41623e+11	-1.13178e+11	-1.95721e+11
2.703e+08	184163	1.00723e+06	3.32396e+09	1.07951e+11	-5.17108e+10	-1.40623e+11	-1.15275e+11	-1.94499e+11
2.704e+08	184625	1.00406e+06	6.82244e+09	1.07787e+11	-5.44927e+10	-1.39568e+11	-1.1736e+11	-1.93255e+11
2.705e+08	185035	1.001e+06	1.03137e+10	1.07508e+11	-5.72531e+10	-1.38458e+11	-1.19431e+11	-1.91989e+11
2.706e+08	185400	998048	1.37941e+10	1.07117e+11	-5.99909e+10	-1.37293e+11	-1.21488e+11	-1.907e+11
2.707e+08	185725	995201	1.726e+10	1.06612e+11	-6.2705e+10	-1.36073e+11	-1.23531e+11	-1.8939e+11
2.708e+08	186015	992460	2.07077e+10	1.05995e+11	-6.53944e+10	-1.348e+11	-1.25561e+11	-1.88058e+11
2.709e+08	186277	989826	2.41336e+10	1.05267e+11	-6.8058e+10	-1.33474e+11	-1.27575e+11	-1.86704e+11
2.71e+08	186515	987299	2.75341e+10	1.04427e+11	-7.06947e+10	-1.32095e+11	-1.29575e+11	-1.85329e+11
2.711e+08	186736	984877	3.09055e+10	1.03478e+11	-7.33035e+10	-1.30664e+11	-1.31561e+11	-1.83932e+11
2.712e+08	186945	982560	3.42444e+10	1.02419e+11	-7.58833e+10	-1.29182e+11	-1.33531e+11	-1.82515e+11
2.713e+08	187148	980348	3.75471e+10	1.01253e+11	-7.84333e+10	-1.27648e+11	-1.35485e+11	-1.81076e+11
2.714e+08	187349	978239	4.08103e+10	9.99797e+10	-8.09522e+10	-1.26065e+11	-1.37425e+11	-1.79617e+11
2.715e+08	187555	976232	4.40305e+10	9.86011e+10	-8.34392e+10	-1.24431e+11	-1.39348e+11	-1.78137e+11
2.716e+08	187770	974325	4.72043e+10	9.71186e+10	-8.58933e+10	-1.22748e+11	-1.41256e+11	-1.76637e+11
2.717e+08	187999	972517	5.03283e+10	9.55337e+10	-8.83134e+10	-1.21017e+11	-1.43147e+11	-1.75116e+11
2.718e+08	188249	970805	5.33992e+10	9.38481e+10	-9.06987e+10	-1.19238e+11	-1.45022e+11	-1.73576e+11
2.719e+08	188524	969188	5.64139e+10	9.20635e+10	-9.30482e+10	-1.17412e+11	-1.4688e+11	-1.72015e+11
2.72e+08	188828	967662	5.9369e+10	9.01818e+10	-9.5361e+10	-1.15539e+11	-1.48721e+11	-1.70435e+11
2.721e+08	189168	966226	6.22616e+10	8.82051e+10	-9.76361e+10	-1.13621e+11	-1.50545e+11	-1.68835e+11
2.722e+08	189546	964877	6.50884e+10	8.61353e+10	-9.98726e+10	-1.11658e+11	-1.52353e+11	-1.67215e+11
2.723e+08	189969	963612	6.78466e+10	8.39746e+10	-1.0207e+11	-1.09651e+11	-1.54142e+11	-1.65577e+11
2.724e+08	190440	962427	7.05333e+10	8.17254e+10	-1.04227e+11	-1.07601e+11	-1.55914e+11	-1.6392e+11
2.725e+08	190964	961320	7.31455e+10	7.93899e+10	-1.06342e+11	-1.05508e+11	-1.57668e+11	-1.62243e+11
2.726e+08	191544	960286	7.56805e+10	7.69707e+10	-1.08416e+11	-1.03374e+11	-1.59404e+11	-1.60549e+11
2.727e+08	192186	959323	7.81357e+10	7.44702e+10	-1.10447e+11	-1.01199e+11	-1.61122e+11	-1.58835e+11
2.728e+08	192893	958427	8.05084e+10	7.18911e+10	-1.12434e+11	-9.89835e+10	-1.62821e+11	-1.57104e+11
2.729e+08	193668	957593	8.27961e+10	6.92362e+10	-1.14377e+11	-9.67291e+10	-1.64501e+11	-1.55355e+11
2.73e+08	194516	956817	8.49964e+10	6.65081e+10	-1.16275e+11	-9.44366e+10	-1.66163e+11	-1.53587e+11
2.731e+08	195439	956096	8.7107e+10	6.37099e+10	-1.18126e+11	-9.21068e+10	-1.67806e+11	-1.51803e+11
2.732e+08	196441	955424	8.91255e+10	6.08443e+10	-1.19931e+11	-8.97406e+10	-1.69429e+11	-1.5e+11
2.733e+08	197525	954798	9.105e+10	5.79145e+10	-1.21689e+11	-8.7339e+10	-1.71033e+11	-1.48181e+11
2.734e+08	198694	954212	9.28782e+10	5.49235e+10	-1.23399e+11	-8.49029e+10	-1.72617e+11	-1.46345e+11
2.735e+08	199950	953662	9.46083e+10	5.18744e+10	-1.2506e+11	-8.24332e+10	-1.74182e+11	-1.44491e+11
2.736e+08	201296	953144	9.62384e+10	4.87706e+10	-1.26671e+11	-7.9931e+10	-1.75727e+11	-1.42622e+11
2.737e+08	202734	952651	9.77668e+10	4.56152e+10	-1.28233e+11	-7.73972e+10	-1.77251e+11	-1.40736e+11
2.738e+08	204267	952180	9.91919e+10	4.24116e+10	-1.29744e+11	-7.48328e+10	-1.78756e+11	-1.38834e+11
2.739e+08	205896	951724	1.00512e+11	3.91631e+10	-1.31203e+11	-7.22389e+10	-1.80239e+11	-1.36916e+11
2.74e+08	207622	951279	1.01726e+11	3.58733e+10	-1.32611e+11	-6.96164e+10	-1.81703e+11	-1.34982e+11
2.741e+08	209448	950839	1.02832e+11	3.25455e+10	-1.33966e+11	-6.69664e+10	-1.83145e+11	-1.33033e+11
2.742e+08	211374	950399	1.0383e+11	2.91832e+10	-1.35269e+11	-6.429e+10	-1.84566e+11	-1.31068e+11
2.743e+08	213402	949954	1.04718e+11	2.57901e+10	-1.36518e+11	-6.15882e+10	-1.85967e+11	-1.29089e+11
2.744e+08	215532	949497	1.05494e+11	2.23697e+10	-1.37713e+11	-5.8862e+10	-1.87346e+11	-1.27095e+11
2.745e+08	217765	949024	1.0616e+11	1.89257e+10	-1.38853e+11	-5.61125e+10	-1.88703e+11	-1.25086e+11
2.746e+08	220101	948529	1.06713e+11	1.54616e+10	-1.39939e+11	-5.33409e+10	-1.90039e+11	-1.23063e+11
2.747e+08	222541	948006	1.07152e+11	1.19811e+10	-1.4097e+11	-5.05482e+10	-1.91353e+11	-1.21026e+11
2.748e+08	225084	947450	1.07479e+11	8.48795e+09	-1.41944e+11	-4.77356e+10	-1.92646e+11	-1.18975e+11
2.749e+08	227731	946854	1.07691e+11	4.9858e+09	-1.42863e+11	-4.4904e+10	-1.93916e+11	-1.16911e+11
2.75e+08	230479	946214	1.0779e+11	1.47837e+09	-1.43725e+11	-4.20547e+10	-1.95164e+11	-1.14833e+11
2.751e+08	233330	945524	1.07774e+11	-2.03062e+09	-1.4453e+11	-3.91888e+10	-1.9639e+11	-1.12742e+11
2.752e+08	236281	944778	1.07644e+11	-5.53746e+09	-1.45279e+11	-3.63074e+10	-1.97594e+11	-1.10638e+11
2.753e+08	239332	943970	1.074e+11	-9.03843e+09	-1.45969e+11	-3.34117e+10	-1.98774e+11	-1.08521e+11
2.754e+08	242480	943095	1.07042e+11	-1.25298e+10	-1.46603e+11	-3.05027e+10	-1.99932e+11	-1.06392e+11
2.755e+08	245725	942147	1.06571e+11	-1.60079e+10	-1.47178e+11	-2.75817e+10	-2.01068e+11	-1.04251e+11
2.756e+08	249065	941122	1.05986e+11	-1.9469e+10	-1.47695e+11	-2.46497e+10	-2.0218e+11	-1.02098e+11
2.757e+08	252497	940013	1.05289e+11	-2.29095e+10	-1.48153e+11	-2.17081e+10	-2.03269e+11	-9.99335e+10
2.758e+08	256019	938814	1.04481e+11	-2.63257e+10	-1.48553e+11	-1.87578e+10	-2.04335e+11	-9.77574e+10
2.759e+08	259628	937522	1.03561e+11	-2.97139e+10	-1.48894e+11	-1.58001e+10	-2.05378e+11	-9.55702e+10
2.76e+08	263322	936130	1.02532e+11	-3.30706e+10	-1.49177e+11	-1.28362e+10	-2.06397e+11	-9.3372e+10
2.761e+08	267098	934634	1.01394e+11	-3.63921e+10	-1.494e+11	-9.86721e+09	-2.07393e+11	-9.11631e+10
2.762e+08	270952	933028	1.00148e+11	-3.96751e+10	-1.49564e+11	-6.89431e+09	-2.08364e+11	-8.89439e+10
2.763e+08	274881	931308	9.87956e+10	-4.29159e+10	-1.49669e+11	-3.91868e+09	-2.09313e+11	-8.67145e+10
2.764e+08	278881	929468	9.73385e+10	-4.61111e+10	-1.49715e+11	-9.41499e+08	-2.10237e+11	-8.44752e+10
2.765e+08	282949	927504	9.57779e+10	-4.92574e+10	-1.49702e+11	2.03605e+09	-2.11137e+11	-8.22262e+10
2.766e+08	287080	925411	9.41157e+10	-5.23513e+10	-1.49629e+11	5.0128e+09	-2.12013e+11	-7.99679e+10
2.767e+08	291271	923186	9.23533e+10	-5.53895e+10	-1.49498e+11	7.98757e+09	-2.12865e+11	-7.77004e+10
2.768e+08	295516	920822	9.04929e+10	-5.8369e+10	-1.49307e+11	1.09592e+10	-2.13693e+11	-7.54241e+10
2.769e+08	299812	918318	8.85362e+10	-6.12863e+10	-1.49057e+11	1.39264e+10	-2.14496e+11	-7.31392e+10
2.77e+08	304153	915667	8.64855e+10	-6.41385e+10	-1.48748e+11	1.68882e+10	-2.15275e+11	-7.08459e+10
2.771e+08	308534	912868	8.43427e+10	-6.69225e+10	-1.4838e+11	1.98433e+10	-2.16029e+11	-6.85446e+10
2.772e+08	312951	909915	8.21103e+10	-6.96354e+10	-1.47954e+11	2.27905e+10	-2.16759e+11	-6.62354e+10
2.773e+08	317398	906806	7.97905e+10	-7.22741e+10	-1.47469e+11	2.57287e+10	-2.17464e+11	-6.39187e+10
2.774e+08	321869	903536	7.73859e+10	-7.4836e+10	-1.46926e+11	2.86568e+10	-2.18144e+11	-6.15947e+10
2.775e+08	326359	900104	7.48989e+10	-7.73183e+10	-1.46324e+11	3.15734e+10	-2.188e+11	-5.92637e+10
2.776e+08	330862	896506	7.23322e+10	-7.97183e+10	-1.45665e+11	3.44776e+10	-2.1943e+11	-5.69259e+10
2.777e+08	335373	892739	6.96886e+10	-8.20334e+10	-1.44948e+11	3.73682e+10	-2.20035e+11	-5.45817e+10
2.778e+08	339884	888801	6.69708e+10	-8.42612e+10	-1.44173e+11	4.0244e+10	-2.20616e+11	-5.22312e+10
2.779e+08	344391	884689	6.41816e+10	-8.63994e+10	-1.43342e+11	4.31038e+10	-2.21171e+11	-4.98748e+10
2.78e+08	348887	880401	6.13242e+10	-8.84456e+10	-1.42454e+11	4.59466e+10	-2.21701e+11	-4.75127e+10
2.781e+08	353364	875936	5.84015e+10	-9.03976e+10	-1.41509e+11	4.87711e+10	-2.22205e+11	-4.51451e+10
2.782e+08	357818	871292	5.54166e+10	-9.22533e+10	-1.40509e+11	5.15764e+10	-2.22685e+11	-4.27725e+10
2.783e+08	362241	866467	5.23726e+10	-9.40108e+10	-1.39452e+11	5.43613e+10	-2.23139e+11	-4.03949e+10
2.784e+08	366626	861461	4.92729e+10	-9.56682e+10	-1.38341e+11	5.71246e+10	-2.23568e+11	-3.80128e+10
2.785e+08	370968	856271	4.61208e+10	-9.72236e+10	-1.37175e+11	5.98654e+10	-2.23971e+11	-3.56263e+10
2.786e+08	375258	850898	4.29194e+10	-9.86755e+10	-1.35954e+11	6.25824e+10	-2.24348e+11	-3.32358e+10
2.787e+08	379490	845341	3.96724e+10	-1.00022e+11	-1.3468e+11	6.52746e+10	-2.24701e+11	-3.08415e+10
2.788e+08	383657	839599	3.63831e+10	-1.01263e+11	-1.33352e+11	6.7941e+10	-2.25027e+11	-2.84437e+10
2.789e+08	387753	833673	3.3055e+10	-1.02395e+11	-1.31972e+11	7.05805e+10	-2.25328e+11	-2.60427e+10
2.79e+08	391769	827564	2.96918e+10	-1.03418e+11	-1.30539e+11	7.31921e+10	-2.25604e+11	-2.36387e+10
2.791e+08	395700	821270	2.62968e+10	-1.04331e+11	-1.29054e+11	7.57746e+10	-2.25854e+11	-2.1232e+10
2.792e+08	399537	814795	2.28739e+10	-1.05133e+11	-1.27519e+11	7.83272e+10	-2.26078e+11	-1.88229e+10
2.793e+08	403274	808137	1.94266e+10	-1.05823e+11	-1.25933e+11	8.08487e+10	-2.26276e+11	-1.64117e+10
2.794e+08	406904	801299	1.59585e+10	-1.064e+11	-1.24297e+11	8.33382e+10	-2.26449e+11	-1.39985e+10
2.795e+08	410419	794282	1.24735e+10	-1.06863e+11	-1.22612e+11	8.57947e+10	-2.26595e+11	-1.15838e+10
2.796e+08	413813	787088	8.97518e+09	-1.07213e+11	-1.20878e+11	8.82173e+10	-2.26717e+11	-9.16782e+09
2.797e+08	417078	779719	5.46728e+09	-1.07449e+11	-1.19096e+11	9.06048e+10	-2.26812e+11	-6.75075e+09
2.798e+08	420207	772177	1.95357e+09	-1.0757e+11	-1.17268e+11	9.29565e+10	-2.26882e+11	-4.33293e+09
2.799e+08	423194	764465	-1.56224e+09	-1.07576e+11	-1.15392e+11	9.52714e+10	-2.26925e+11	-1.9146e+09
2.8e+08	426031	756586	-5.07637e+09	-1.07468e+11	-1.13471e+11	9.75485e+10	-2.26944e+11	5.03934e+08
2.801e+08	428711	748542	-8.58509e+09	-1.07245e+11	-1.11506e+11	9.9787e+10	-2.26936e+11	2.92242e+09
2.802e+08	431229	740338	-1.20847e+10	-1.06907e+11	-1.09495e+11	1.01986e+11	-2.26902e+11	5.34057e+09
2.803e+08	433576	731976	-1.55714e+10	-1.06456e+11	-1.07442e+11	1.04144e+11	-2.26843e+11	7.75811e+09
2.804e+08	435746	723461	-1.90415e+10	-1.05892e+11	-1.05346e+11	1.06262e+11	-2.26758e+11	1.01748e+10
2.805e+08	437733	714797	-2.24913e+10	-1.05214e+11	-1.03208e+11	1.08337e+11	-2.26647e+11	1.25903e+10
2.806e+08	439531	705987	-2.59171e+10	-1.04425e+11	-1.0103e+11	1.10369e+11	-2.26511e+11	1.50044e+10
2.807e+08	441133	697037	-2.93153e+10	-1.03524e+11	-9.88108e+10	1.12358e+11	-2.26349e+11	1.74167e+10
2.808e+08	442532	687951	-3.26823e+10	-1.02512e+11	-9.65529e+10	1.14302e+11	-2.26161e+11	1.98271e+10
2.809e+08	443723	678735	-3.60144e+10	-1.01392e+11	-9.42568e+10	1.162e+11	-2.25947e+11	2.22353e+10
2.81e+08	444699	669394	-3.93082e+10	-1.00164e+11	-9.19233e+10	1.18053e+11	-2.25708e+11	2.46409e+10
2.811e+08	445456	659933	-4.25601e+10	-9.88284e+10	-8.95534e+10	1.19859e+11	-2.25444e+11	2.70438e+10
2.812e+08	445987	650357	-4.57667e+10	-9.73879e+10	-8.7148e+10	1.21617e+11	-2.25153e+11	2.94435e+10
2.813e+08	446286	640674	-4.89244e+10	-9.58437e+10	-8.47081e+10	1.23327e+11	-2.24838e+11	3.184e+10
2.814e+08	446349	630889	-5.20301e+10	-9.41973e+10	-8.22346e+10	1.24989e+11	-2.24496e+11	3.42328e+10
2.815e+08	446171	621008	-5.50804e+10	-9.24507e+10	-7.97285e+10	1.266e+11	-2.2413e+11	3.66217e+10
2.816e+08	445745	611039	-5.8072e+10	-9.06056e+10	-7.71907e+10	1.28162e+11	-2.23737e+11	3.90065e+10
2.817e+08	445069	600987	-6.10018e+10	-8.8664e+10	-7.46224e+10	1.29673e+11	-2.2332e+11	4.13869e+10
2.818e+08	444137	590860	-6.38666e+10	-8.66279e+10	-7.20245e+10	1.31132e+11	-2.22877e+11	4.37626e+10
2.819e+08	442944	580665	-6.66634e+10	-8.44997e+10	-6.93981e+10	1.32539e+11	-2.22409e+11	4.61333e+10
2.82e+08	441487	570409	-6.93892e+10	-8.22815e+10	-6.67442e+10	1.33894e+11	-2.21916e+11	4.84988e+10
2.821e+08	439762	560100	-7.20412e+10	-7.99757e+10	-6.40638e+10	1.35196e+11	-2.21397e+11	5.08588e+10
2.822e+08	437765	549746	-7.46165e+10	-7.75848e+10	-6.1358e+10	1.36444e+11	-2.20854e+11	5.32131e+10
2.823e+08	435492	539354	-7.71124e+10	-7.51113e+10	-5.86278e+10	1.37638e+11	-2.20285e+11	5.55613e+10
2.824e+08	432941	528932	-7.95262e+10	-7.25579e+10	-5.58745e+10	1.38778e+11	-2.19692e+11	5.79032e+10
2.825e+08	430108	518488	-8.18554e+10	-6.99273e+10	-5.30989e+10	1.39862e+11	-2.19074e+11	6.02386e+10
2.826e+08	426991	508032	-8.40976e+10	-6.72224e+10	-5.03024e+10	1.40891e+11	-2.18431e+11	6.25671e+10
2.827e+08	423588	497570	-8.62503e+10	-6.44459e+10	-4.74859e+10	1.41864e+11	-2.17763e+11	6.48886e+10
2.828e+08	419895	487112	-8.83113e+10	-6.16009e+10	-4.46505e+10	1.42781e+11	-2.17071e+11	6.72028e+10
2.829e+08	415912	476666	-9.02784e+10	-5.86904e+10	-4.17975e+10	1.43642e+11	-2.16354e+11	6.95093e+10
2.83e+08	411637	466241	-9.21495e+10	-5.57175e+10	-3.89279e+10	1.44445e+11	-2.15612e+11	7.1808e+10
2.831e+08	407067	455845	-9.39227e+10	-5.26853e+10	-3.60428e+10	1.45191e+11	-2.14846e+11	7.40985e+10
2.832e+08	402202	445488	-9.5596e+10	-4.95972e+10	-3.31435e+10	1.4588e+11	-2.14056e+11	7.63807e+10
2.833e+08	397042	435178	-9.71678e+10	-4.64564e+10	-3.0231e+10	1.4651e+11	-2.13242e+11	7.86542e+10
2.834e+08	391585	424925	-9.86363e+10	-4.32662e+10	-2.73065e+10	1.47083e+11	-2.12403e+11	8.09189e+10
2.835e+08	385832	414738	-1e+11	-4.003e+10	-2.43712e+10	1.47597e+11	-2.11541e+11	8.31744e+10
2.836e+08	379782	404625	-1.01258e+11	-3.67514e+10	-2.14262e+10	1.48053e+11	-2.10655e+11	8.54205e+10
2.837e+08	373436	394596	-1.02408e+11	-3.34337e+10	-1.84728e+10	1.4845e+11	-2.09744e+11	8.76569e+10
2.838e+08	366794	384660	-1.03449e+11	-3.00805e+10	-1.5512e+10	1.48788e+11	-2.08811e+11	8.98834e+10
2.839e+08	359858	374827	-1.0438e+11	-2.66954e+10	-1.25451e+10	1.49067e+11	-2.07853e+11	9.20998e+10
2.84e+08	352627	365104	-1.05201e+11	-2.32819e+10	-9.57317e+09	1.49288e+11	-2.06872e+11	9.43058e+10
2.841e+08	345105	355503	-1.0591e+11	-1.98438e+10	-6.59747e+09	1.49448e+11	-2.05868e+11	9.65011e+10
2.842e+08	337293	346032	-1.06507e+11	-1.63846e+10	-3.61915e+09	1.4955e+11	-2.0484e+11	9.86856e+10
2.843e+08	329192	336699	-1.06991e+11	-1.2908e+10	-6.39399e+08	1.49592e+11	-2.0379e+11	1.00859e+11
2.844e+08	320806	327515	-1.07361e+11	-9.4177e+09	2.34061e+09	1.49575e+11	-2.02716e+11	1.03021e+11
2.845e+08	312136	318488	-1.07617e+11	-5.91743e+09	5.31969e+09	1.49499e+11	-2.01619e+11	1.05171e+11
2.846e+08	303186	309628	-1.0776e+11	-2.41089e+09	8.29666e+09	1.49364e+11	-2.005e+11	1.07309e+11
2.847e+08	293960	300943	-1.07788e+11	1.0982e+09	1.12703e+10	1.49169e+11	-1.99358e+11	1.09436e+11
2.848e+08	284460	292443	-1.07702e+11	4.60614e+09	1.42395e+10	1.48915e+11	-1.98193e+11	1.1155e+11
2.849e+08	274690	284136	-1.07501e+11	8.10919e+09	1.72031e+10	1.48602e+11	-1.97007e+11	1.13651e+11
2.85e+08	264656	276031	-1.07187e+11	1.16037e+10	2.01599e+10	1.4823e+11	-1.95798e+11	1.15739e+11
2.851e+08	254360	268136	-1.0676e+11	1.50858e+10	2.31086e+10	1.47799e+11	-1.94566e+11	1.17815e+11
2.852e+08	243808	260461	-1.06219e+11	1.8552e+10	2.60482e+10	1.4731e+11	-1.93313e+11	1.19877e+11
2.853e+08	233005	253014	-1.05566e+11	2.19986e+10	2.89775e+10	1.46762e+11	-1.92038e+11	1.21926e+11
2.854e+08	221956	245803	-1.04801e+11	2.54219e+10	3.18952e+10	1.46156e+11	-1.90742e+11	1.23961e+11
2.855e+08	210667	238836	-1.03925e+11	2.88182e+10	3.48003e+10	1.45492e+11	-1.89424e+11	1.25982e+11
2.856e+08	199143	232122	-1.02939e+11	3.21841e+10	3.76917e+10	1.44771e+11	-1.88084e+11	1.27988e+11
2.857e+08	187391	225667	-1.01844e+11	3.55159e+10	4.0568e+10	1.43992e+11	-1.86724e+11	1.2998e+11
2.858e+08	175417	219481	-1.00642e+11	3.88102e+10	4.34283e+10	1.43156e+11	-1.85342e+11	1.31958e+11
2.859e+08	163227	213571	-9.9333e+10	4.20634e+10	4.62714e+10	1.42263e+11	-1.83939e+11	1.33921e+11
2.86e+08	150828	207944	-9.79191e+10	4.52721e+10	4.90961e+10	1.41314e+11	-1.82516e+11	1.35869e+11
2.861e+08	138229	202606	-9.64017e+10	4.8433e+10	5.19014e+10	1.40309e+11	-1.81072e+11	1.37801e+11
2.862e+08	125435	197567	-9.47823e+10	5.15426e+10	5.46861e+10	1.39248e+11	-1.79608e+11	1.39718e+11
2.863e+08	112454	192831	-9.30628e+10	5.45978e+10	5.74491e+10	1.38132e+11	-1.78123e+11	1.41619e+11
2.864e+08	99294.9	188406	-9.12449e+10	5.75953e+10	6.01893e+10	1.36961e+11	-1.76619e+11	1.43504e+11
2.865e+08	85965	184298	-8.93306e+10	6.05319e+10	6.29057e+10	1.35736e+11	-1.75094e+11	1.45373e+11
2.866e+08	72472.7	180514	-8.73219e+10	6.34046e+10	6.55971e+10	1.34457e+11	-1.7355e+11	1.47226e+11
2.867e+08	58826.6	177058	-8.52211e+10	6.62104e+10	6.82626e+10	1.33125e+11	-1.71986e+11	1.49062e+11
2.868e+08	45035.3	173938	-8.30302e+10	6.89462e+10	7.09009e+10	1.3174e+11	-1.70403e+11	1.50881e+11
2.869e+08	31107.6	171158	-8.07516e+10	7.16092e+10	7.35112e+10	1.30303e+11	-1.68801e+11	1.52683e+11
2.87e+08	17052.8	168724	-7.83878e+10	7.41966e+10	7.60923e+10	1.28814e+11	-1.6718e+11	1.54468e+11
2.871e+08	2879.95	166640	-7.59412e+10	7.67057e+10	7.86432e+10	1.27274e+11	-1.65539e+11	1.56236e+11
2.872e+08	-11401.4	164911	-7.34145e+10	7.91338e+10	8.1163e+10	1.25683e+11	-1.63881e+11	1.57986e+11
2.873e+08	-25781.7	163542	-7.08103e+10	8.14784e+10	8.36506e+10	1.24043e+11	-1.62203e+11	1.59718e+11
2.874e+08	-40251.1	162537	-6.81314e+10	8.3737e+10	8.61051e+10	1.22354e+11	-1.60508e+11	1.61432e+11
2.875e+08	-54799.7	161900	-6.53806e+10	8.59073e+10	8.85254e+10	1.20616e+11	-1.58795e+11	1.63129e+11
2.876e+08	-69417.5	161633	-6.25608e+10	8.7987e+10	9.09107e+10	1.1883e+11	-1.57063e+11	1.64806e+11
2.877e+08	-84094.3	161742	-5.96751e+10	8.99738e+10	9.32599e+10	1.16997e+11	-1.55314e+11	1.66466e+11
2.878e+08	-98819.7	162227	-5.67264e+10	9.18657e+10	9.55721e+10	1.15118e+11	-1.53548e+11	1.68106e+11
2.879e+08	-113583	163093	-5.37179e+10	9.36608e+10	9.78465e+10	1.13193e+11	-1.51764e+11	1.69728e+11
2.88e+08	-128375	164341	-5.06527e+10	9.53571e+10	1.00082e+11	1.11224e+11	-1.49963e+11	1.7133e+11
2.881e+08	-143183	165974	-4.75341e+10	9.69528e+10	1.02278e+11	1.0921e+11	-1.48145e+11	1.72914e+11
2.882e+08	-157998	167993	-4.43654e+10	9.84464e+10	1.04433e+11	1.07153e+11	-1.46311e+11	1.74478e+11
2.883e+08	-172808	170400	-4.11499e+10	9.98361e+10	1.06547e+11	1.05054e+11	-1.4446e+11	1.76022e+11
2.884e+08	-187602	173195	-3.78911e+10	1.01121e+11	1.08619e+11	1.02913e+11	-1.42593e+11	1.77546e+11
2.885e+08	-202371	176381	-3.45923e+10	1.02299e+11	1.10648e+11	1.00731e+11	-1.4071e+11	1.79051e+11
2.886e+08	-217102	179956	-3.1257e+10	1.03369e+11	1.12633e+11	9.85091e+10	-1.38811e+11	1.80535e+11
2.887e+08	-231784	183922	-2.78888e+10	1.0433e+11	1.14573e+11	9.62483e+10	-1.36896e+11	1.81999e+11
2.888e+08	-246408	188278	-2.44913e+10	1.05181e+11	1.16468e+11	9.39494e+10	-1.34966e+11	1.83443e+11
2.889e+08	-260960	193024	-2.10679e+10	1.05921e+11	1.18317e+11	9.16132e+10	-1.33021e+11	1.84866e+11
2.89e+08	-275432	198158	-1.76223e+10	1.0655e+11	1.20119e+11	8.92408e+10	-1.31061e+11	1.86268e+11
2.891e+08	-289810	203680	-1.41581e+10	1.07066e+11	1.21873e+11	8.6833e+10	-1.29087e+11	1.87649e+11
2.892e+08	-304085	209588	-1.0679e+10	1.0747e+11	1.23579e+11	8.43908e+10	-1.27097e+11	1.89009e+11
2.893e+08	-318244	215880	-7.18866e+09	1.0776e+11	1.25236e+11	8.19152e+10	-1.25094e+11	1.90348e+11
2.894e+08	-332278	222555	-3.69075e+09	1.07937e+11	1.26844e+11	7.94072e+10	-1.23076e+11	1.91666e+11
2.895e+08	-346175	229609	-1.88946e+08	1.08e+11	1.28401e+11	7.68677e+10	-1.21045e+11	1.92962e+11
2.896e+08	-359924	237040	3.31306e+09	1.0795e+11	1.29907e+11	7.42977e+10	-1.19e+11	1.94236e+11
2.897e+08	-373515	244844	6.81157e+09	1.07785e+11	1.31362e+11	7.16983e+10	-1.16942e+11	1.95489e+11
2.898e+08	-386936	253019	1.03029e+10	1.07507e+11	1.32765e+11	6.90706e+10	-1.1487e+11	1.9672e+11
2.899e+08	-400176	261561	1.37834e+10	1.07116e+11	1.34115e+11	6.64154e+10	-1.12786e+11	1.97928e+11
2.9e+08	-413226	270464	1.72493e+10	1.06612e+11	1.35413e+11	6.3734e+10	-1.10689e+11	1.99114e+11
2.901e+08	-426074	279725	2.06971e+10	1.05995e+11	1.36656e+11	6.10273e+10	-1.08579e+11	2.00278e+11
2.902e+08	-438710	289340	2.41231e+10	1.05267e+11	1.37846e+11	5.82965e+10	-1.06457e+11	2.0142e+11
2.903e+08	-451124	299302	2.75236e+10	1.04428e+11	1.3898e+11	5.55426e+10	-1.04324e+11	2.02539e+11
2.904e+08	-463306	309608	3.08952e+10	1.03479e+11	1.4006e+11	5.27667e+10	-1.02178e+11	2.03635e+11
2.905e+08	-475245	320250	3.42341e+10	1.02421e+11	1.41085e+11	4.99699e+10	-1.00022e+11	2.04708e+11
2.906e+08	-486931	331223	3.7537e+10	1.01254e+11	1.42053e+11	4.71534e+10	-9.78536e+10	2.05758e+11
2.907e+08	-498356	342520	4.08004e+10	9.99815e+10	1.42966e+11	4.43181e+10	-9.56745e+10	2.06785e+11
2.908e+08	-509509	354136	4.40207e+10	9.86032e+10	1.43821e+11	4.14653e+10	-9.34848e+10	2.07789e+11
2.909e+08	-520381	366063	4.71946e+10	9.71209e+10	1.4462e+11	3.85961e+10	-9.12845e+10	2.0877e+11
2.91e+08	-530962	378293	5.03187e+10	9.55363e+10	1.45362e+11	3.57117e+10	-8.9074e+10	2.09727e+11
2.911e+08	-541244	390820	5.33899e+10	9.38509e+10	1.46046e+11	3.28131e+10	-8.68536e+10	2.10661e+11
2.912e+08	-551218	403636	5.64047e+10	9.20666e+10	1.46672e+11	2.99015e+10	-8.46233e+10	2.11571e+11
2.913e+08	-560875	416733	5.936e+10	9.01852e+10	1.4724e+11	2.6978e+10	-8.23836e+10	2.12457e+11
2.914e+08	-570207	430102	6.22527e+10	8.82086e+10	1.4775e+11	2.40439e+10	-8.01346e+10	2.1332e+11
2.915e+08	-579205	443735	6.50798e+10	8.61391e+10	1.48202e+11	2.11003e+10	-7.78767e+10	2.14158e+11
2.916e+08	-587863	457623	6.78382e+10	8.39787e+10	1.48594e+11	1.81484e+10	-7.561e+10	2.14973e+11
2.917e+08	-596171	471757	7.0525e+10	8.17296e+10	1.48928e+11	1.51892e+10	-7.33348e+10	2.15763e+11
2.918e+08	-604123	486128	7.31375e+10	7.93944e+10	1.49203e+11	1.22241e+10	-7.10514e+10	2.1653e+11
2.919e+08	-611711	500727	7.56727e+10	7.69753e+10	1.49419e+11	9.25407e+09	-6.876e+10	2.17272e+11
2.92e+08	-618930	515543	7.81281e+10	7.44751e+10	1.49576e+11	6.28042e+09	-6.6461e+10	2.17989e+11
2.921e+08	-625770	530566	8.0501e+10	7.18962e+10	1.49674e+11	3.30428e+09	-6.41544e+10	2.18682e+11
2.922e+08	-632228	545787	8.2789e+10	6.92414e+10	1.49713e+11	3.26839e+08	-6.18407e+10	2.19351e+11
2.923e+08	-638296	561196	8.49895e+10	6.65135e+10	1.49692e+11	-2.65073e+09	-5.952e+10	2.19995e+11
2.924e+08	-643969	576781	8.71003e+10	6.37154e+10	1.49612e+11	-5.62726e+09	-5.71927e+10	2.20614e+11
2.925e+08	-649241	592532	8.91191e+10	6.085e+10	1.49473e+11	-8.60155e+09	-5.48589e+10	2.21209e+11
2.926e+08	-654107	608438	9.10438e+10	5.79203e+10	1.49275e+11	-1.15724e+10	-5.2519e+10	2.21778e+11
2.927e+08	-658563	624487	9.28722e+10	5.49294e+10	1.49018e+11	-1.45388e+10	-5.01732e+10	2.22323e+11
2.928e+08	-662603	640670	9.46026e+10	5.18805e+10	1.48701e+11	-1.74993e+10	-4.78218e+10	2.22843e+11
2.929e+08	-666224	656974	9.6233e+10	4.87768e+10	1.48326e+11	-2.0453e+10	-4.5465e+10	2.23338e+11
2.93e+08	-669421	673388	9.77616e+10	4.56215e+10	1.47893e+11	-2.33985e+10	-4.31031e+10	2.23808e+11
2.931e+08	-672192	689900	9.9187e+10	4.2418e+10	1.47401e+11	-2.63348e+10	-4.07364e+10	2.24253e+11
2.932e+08	-674532	706499	1.00507e+11	3.91696e+10	1.4685e+11	-2.92607e+10	-3.83651e+10	2.24673e+11
2.933e+08	-676439	723173	1.01722e+11	3.58798e+10	1.46242e+11	-3.2175e+10	-3.59896e+10	2.25067e+11
2.934e+08	-677911	739909	1.02828e+11	3.25521e+10	1.45576e+11	-3.50766e+10	-3.36099e+10	2.25437e+11
2.935e+08	-678945	756696	1.03826e+11	2.91899e+10	1.44852e+11	-3.79644e+10	-3.12266e+10	2.25781e+11
2.936e+08	-679540	773522	1.04714e+11	2.57969e+10	1.44071e+11	-4.08371e+10	-2.88397e+10	2.26099e+11
2.937e+08	-679693	790374	1.05491e+11	2.23765e+10	1.43233e+11	-4.36937e+10	-2.64496e+10	2.26393e+11
2.938e+08	-679404	807240	1.06157e+11	1.89325e+10	1.42338e+11	-4.6533e+10	-2.40565e+10	2.26661e+11
2.939e+08	-678672	824108	1.0671e+11	1.54684e+10	1.41387e+11	-4.93539e+10	-2.16607e+10	2.26903e+11
2.94e+08	-677496	840967	1.0715e+11	1.1988e+10	1.4038e+11	-5.21553e+10	-1.92625e+10	2.27121e+11
2.941e+08	-675877	857802	1.07476e+11	8.4948e+09	1.39318e+11	-5.49361e+10	-1.68621e+10	2.27312e+11
2.942e+08	-673815	874602	1.07689e+11	4.99265e+09	1.38201e+11	-5.76952e+10	-1.44599e+10	2.27478e+11
2.943e+08	-671310	891355	1.07788e+11	1.48522e+09	1.37029e+11	-6.04315e+10	-1.2056e+10	2.27619e+11
2.944e+08	-668363	908049	1.07772e+11	-2.02379e+09	1.35803e+11	-6.31439e+10	-9.65076e+09	2.27734e+11
2.945e+08	-664977	924670	1.07643e+11	-5.53066e+09	1.34523e+11	-6.58313e+10	-7.24445e+09	2.27824e+11
2.946e+08	-661151	941207	1.07399e+11	-9.03166e+09	1.3319e+11	-6.84927e+10	-4.83733e+09	2.27888e+11
2.947e+08	-656889	957648	1.07041e+11	-1.25231e+10	1.31804e+11	-7.11271e+10	-2.42967e+09	2.27927e+11
2.948e+08	-652194	973980	1.0657e+11	-1.60012e+10	1.30367e+11	-7.37334e+10	-2.17306e+07	2.2794e+11
2.949e+08	-647066	990191	1.05986e+11	-1.94624e+10	1.28878e+11	-7.63105e+10	2.38621e+09	2.27927e+11
2.95e+08	-641511	1.00627e+06	1.05289e+11	-2.29029e+10	1.27338e+11	-7.88575e+10	4.79388e+09	2.27889e+11
2.951e+08	-635532	1.0222e+06	1.04481e+11	-2.63192e+10	1.25747e+11	-8.13733e+10	7.20101e+09	2.27826e+11
2.952e+08	-629131	1.03798e+06	1.03562e+11	-2.97075e+10	1.24107e+11	-8.3857e+10	9.60734e+09	2.27736e+11
2.953e+08	-622314	1.05359e+06	1.02532e+11	-3.30642e+10	1.22418e+11	-8.63075e+10	1.20126e+10	2.27622e+11
2.954e+08	-615085	1.06902e+06	1.01395e+11	-3.63859e+10	1.20681e+11	-8.8724e+10	1.44165e+10	2.27482e+11
2.955e+08	-607449	1.08425e+06	1.00149e+11	-3.9669e+10	1.18896e+11	-9.11054e+10	1.68188e+10	2.27316e+11
2.956e+08	-599412	1.09929e+06	9.87969e+10	-4.29099e+10	1.17064e+11	-9.34508e+10	1.92192e+10	2.27125e+11
2.957e+08	-590977	1.11411e+06	9.734e+10	-4.61052e+10	1.15185e+11	-9.57594e+10	2.16174e+10	2.26908e+11
2.958e+08	-582153	1.1287e+06	9.57797e+10	-4.92516e+10	1.13262e+11	-9.80301e+10	2.40133e+10	2.26666e+11
2.959e+08	-572944	1.14306e+06	9.41176e+10	-5.23456e+10	1.11293e+11	-1.00262e+11	2.64064e+10	2.26399e+11
2.96e+08	-563358	1.15717e+06	9.23555e+10	-5.5384e+10	1.09281e+11	-1.02454e+11	2.87966e+10	2.26106e+11
2.961e+08	-553401	1.17103e+06	9.04952e+10	-5.83636e+10	1.07225e+11	-1.04606e+11	3.11835e+10	2.25788e+11
2.962e+08	-543080	1.18461e+06	8.85388e+10	-6.12811e+10	1.05127e+11	-1.06717e+11	3.3567e+10	2.25444e+11
2.963e+08	-532403	1.19792e+06	8.64882e+10	-6.41334e+10	1.02988e+11	-1.08785e+11	3.59466e+10	2.25075e+11
2.964e+08	-521378	1.21094e+06	8.43457e+10	-6.69176e+10	1.00807e+11	-1.10811e+11	3.83223e+10	2.24681e+11
2.965e+08	-510012	1.22367e+06	8.21135e+10	-6.96306e+10	9.85876e+10	-1.12793e+11	4.06937e+10	2.24262e+11
2.966e+08	-498315	1.23608e+06	7.97939e+10	-7.22696e+10	9.63287e+10	-1.1473e+11	4.30604e+10	2.23818e+11
2.967e+08	-486293	1.24818e+06	7.73894e+10	-7.48316e+10	9.40318e+10	-1.16622e+11	4.54224e+10	2.23348e+11
2.968e+08	-473957	1.25996e+06	7.49027e+10	-7.73141e+10	9.16978e+10	-1.18468e+11	4.77793e+10	2.22854e+11
2.969e+08	-461316	1.2714e+06	7.23362e+10	-7.97143e+10	8.93276e+10	-1.20267e+11	5.01308e+10	2.22335e+11
2.97e+08	-448379	1.2825e+06	6.96927e+10	-8.20296e+10	8.69221e+10	-1.22018e+11	5.24767e+10	2.2179e+11
2.971e+08	-435155	1.29325e+06	6.69751e+10	-8.42577e+10	8.44823e+10	-1.23722e+11	5.48167e+10	2.21221e+11
2.972e+08	-421655	1.30364e+06	6.41861e+10	-8.6396e+10	8.20091e+10	-1.25377e+11	5.71506e+10	2.20627e+11
2.973e+08	-407888	1.31367e+06	6.13289e+10	-8.84424e+10	7.95036e+10	-1.26982e+11	5.94781e+10	2.20008e+11
2.974e+08	-393865	1.32332e+06	5.84063e+10	-9.03946e+10	7.69667e+10	-1.28537e+11	6.17988e+10	2.19365e+11
2.975e+08	-379597	1.33259e+06	5.54216e+10	-9.22506e+10	7.43994e+10	-1.30041e+11	6.41127e+10	2.18696e+11
2.976e+08	-365093	1.34148e+06	5.23778e+10	-9.40084e+10	7.18027e+10	-1.31494e+11	6.64194e+10	2.18004e+11
2.977e+08	-350366	1.34997e+06	4.92783e+10	-9.5666e+10	6.91777e+10	-1.32895e+11	6.87186e+10	2.17287e+11
2.978e+08	-335426	1.35807e+06	4.61263e+10	-9.72217e+10	6.65254e+10	-1.34243e+11	7.10101e+10	2.16545e+11
2.979e+08	-320284	1.36576e+06	4.29251e+10	-9.86739e+10	6.38469e+10	-1.35539e+11	7.32936e+10	2.1578e+11
2.98e+08	-304952	1.37303e+06	3.96782e+10	-1.00021e+11	6.11431e+10	-1.36781e+11	7.5569e+10	2.1499e+11
2.981e+08	-289441	1.3799e+06	3.63891e+10	-1.01261e+11	5.84152e+10	-1.37969e+11	7.78358e+10	2.14176e+11
2.982e+08	-273763	1.38634e+06	3.30611e+10	-1.02394e+11	5.56642e+10	-1.39103e+11	8.00939e+10	2.13338e+11
2.983e+08	-257931	1.39236e+06	2.9698e+10	-1.03418e+11	5.28913e+10	-1.40181e+11	8.23431e+10	2.12476e+11
2.984e+08	-241955	1.39796e+06	2.63032e+10	-1.04331e+11	5.00975e+10	-1.41205e+11	8.4583e+10	2.1159e+11
2.985e+08	-225848	1.40312e+06	2.28804e+10	-1.05133e+11	4.7284e+10	-1.42173e+11	8.68134e+10	2.1068e+11
2.986e+08	-209623	1.40784e+06	1.94332e+10	-1.05823e+11	4.44517e+10	-1.43084e+11	8.9034e+10	2.09747e+11
2.987e+08	-193291	1.41213e+06	1.59653e+10	-1.06401e+11	4.16019e+10	-1.43939e+11	9.12447e+10	2.0879e+11
2.988e+08	-176864	1.41598e+06	1.24804e+10	-1.06865e+11	3.87357e+10	-1.44738e+11	9.34452e+10	2.0781e+11
2.989e+08	-160356	1.41938e+06	8.98214e+09	-1.07215e+11	3.58543e+10	-1.45479e+11	9.56351e+10	2.06807e+11
2.99e+08	-143779	1.42234e+06	5.47435e+09	-1.0745e+11	3.29586e+10	-1.46163e+11	9.78143e+10	2.0578e+11
2.991e+08	-127144	1.42486e+06	1.96073e+09	-1.07572e+11	3.005e+10	-1.46789e+11	9.99826e+10	2.0473e+11
2.992e+08	-110466	1.42692e+06	-1.55499e+09	-1.07578e+11	2.71295e+10	-1.47357e+11	1.0214e+11	2.03658e+11
2.993e+08	-93755.4	1.42854e+06	-5.06904e+09	-1.0747e+11	2.41983e+10	-1.47867e+11	1.04285e+11	2.02562e+11
2.994e+08	-77025.7	1.42971e+06	-8.57769e+09	-1.07248e+11	2.12575e+10	-1.48318e+11	1.06419e+11	2.01444e+11
2.995e+08	-60289.4	1.43043e+06	-1.20772e+10	-1.06911e+11	1.83084e+10	-1.48712e+11	1.08541e+11	2.00303e+11
2.996e+08	-43559	1.43071e+06	-1.55638e+10	-1.0646e+11	1.5352e+10	-1.49046e+11	1.10651e+11	1.99139e+11
2.997e+08	-26847	1.43054e+06	-1.90339e+10	-1.05896e+11	1.23896e+10	-1.49322e+11	1.12748e+11	1.97953e+11
2.998e+08	-10165.9	1.42992e+06	-2.24837e+10	-1.05219e+11	9.42228e+09	-1.49538e+11	1.14833e+11	1.96745e+11
2.999e+08	6471.92	1.42886e+06	-2.59095e+10	-1.0443e+11	6.45125e+09	-1.49696e+11	1.16904e+11	1.95515e+11
3e+08	23054	1.42735e+06	-2.93077e+10	-1.03529e+11	3.47767e+09	-1.49795e+11	1.18963e+11	1.94263e+11
