10000	-126088	1663.7	1.0231e+07	3.84265e+08
20000	-252087	6650.2	2.04547e+07	3.8386e+08
30000	-377907	14955.7	3.06639e+07	3.83186e+08
40000	-503459	26574	4.08513e+07	3.82244e+08
50000	-628653	41496.3	5.10097e+07	3.81033e+08
60000	-753401	59711.2	6.11319e+07	3.79555e+08
70000	-877614	81205	7.12107e+07	3.77811e+08
80000	-1.0012e+06	105961	8.1239e+07	3.75802e+08
90000	-1.12408e+06	133962	9.12097e+07	3.7353e+08
100000	-1.24617e+06	165185	1.01116e+08	3.70997e+08
110000	-1.36737e+06	199607	1.1095e+08	3.68204e+08
120000	-1.4876e+06	237203	1.20706e+08	3.65153e+08
130000	-1.60678e+06	277944	1.30376e+08	3.61847e+08
140000	-1.72482e+06	321799	1.39954e+08	3.58289e+08
150000	-1.84164e+06	368736	1.49433e+08	3.5448e+08
160000	-1.95716e+06	418718	1.58807e+08	3.50425e+08
170000	-2.0713e+06	471710	1.68068e+08	3.46125e+08
180000	-2.18398e+06	527670	1.77211e+08	3.41584e+08
190000	-2.29512e+06	586558	1.86229e+08	3.36806e+08
200000	-2.40464e+06	648329	1.95116e+08	3.31794e+08
210000	-2.51247e+06	712938	2.03865e+08	3.26551e+08
220000	-2.61853e+06	780336	2.12471e+08	3.21083e+08
230000	-2.72275e+06	850473	2.20928e+08	3.15392e+08
240000	-2.82506e+06	923297	2.29229e+08	3.09482e+08
250000	-2.9254e+06	998756	2.3737e+08	3.0336e+08
260000	-3.02368e+06	1.07679e+06	2.45345e+08	2.97028e+08
270000	-3.11984e+06	1.15735e+06	2.53148e+08	2.90491e+08
280000	-3.21383e+06	1.24037e+06	2.60775e+08	2.83755e+08
290000	-3.30558e+06	1.32578e+06	2.68219e+08	2.76824e+08
300000	-3.39502e+06	1.41354e+06	2.75476e+08	2.69703e+08
310000	-3.48209e+06	1.50357e+06	2.82541e+08	2.62398e+08
320000	-3.56675e+06	1.59581e+06	2.8941e+08	2.54914e+08
330000	-3.64892e+06	1.69019e+06	2.96079e+08	2.47256e+08
340000	-3.72857e+06	1.78665e+06	3.02541e+08	2.39429e+08
350000	-3.80564e+06	1.8851e+06	3.08794e+08	2.3144e+08
360000	-3.88007e+06	1.98549e+06	3.14834e+08	2.23294e+08
370000	-3.95182e+06	2.08774e+06	3.20656e+08	2.14998e+08
380000	-4.02085e+06	2.19178e+06	3.26257e+08	2.06556e+08
390000	-4.08711e+06	2.29754e+06	3.31633e+08	1.97975e+08
400000	-4.15056e+06	2.40493e+06	3.36782e+08	1.89261e+08
410000	-4.21116e+06	2.51388e+06	3.41699e+08	1.80421e+08
420000	-4.26887e+06	2.62431e+06	3.46382e+08	1.7146e+08
430000	-4.32366e+06	2.73616e+06	3.50827e+08	1.62385e+08
440000	-4.3755e+06	2.84933e+06	3.55033e+08	1.53202e+08
450000	-4.42435e+06	2.96375e+06	3.58997e+08	1.43917e+08
460000	-4.47018e+06	3.07934e+06	3.62716e+08	1.34538e+08
470000	-4.51298e+06	3.19602e+06	3.66189e+08	1.25071e+08
480000	-4.55271e+06	3.31371e+06	3.69413e+08	1.15522e+08
490000	-4.58936e+06	3.43232e+06	3.72386e+08	1.05897e+08
500000	-4.6229e+06	3.55177e+06	3.75108e+08	9.62045e+07
510000	-4.65331e+06	3.67199e+06	3.77576e+08	8.64498e+07
520000	-4.68059e+06	3.79289e+06	3.79789e+08	7.664e+07
530000	-4.70472e+06	3.91438e+06	3.81747e+08	6.67818e+07
540000	-4.72568e+06	4.03639e+06	3.83448e+08	5.68817e+07
550000	-4.74347e+06	4.15884e+06	3.84892e+08	4.69467e+07
560000	-4.75809e+06	4.28163e+06	3.86078e+08	3.69833e+07
570000	-4.76952e+06	4.40468e+06	3.87005e+08	2.69984e+07
580000	-4.77777e+06	4.52792e+06	3.87675e+08	1.69985e+07
590000	-4.78284e+06	4.65126e+06	3.88086e+08	6.99042e+06
600000	-4.78472e+06	4.77462e+06	3.88238e+08	-3.0192e+06
610000	-4.78342e+06	4.89792e+06	3.88133e+08	-1.30237e+07
620000	-4.77895e+06	5.02107e+06	3.87771e+08	-2.30165e+07
630000	-4.77132e+06	5.144e+06	3.87151e+08	-3.29909e+07
640000	-4.76054e+06	5.26662e+06	3.86276e+08	-4.29405e+07
650000	-4.74662e+06	5.38885e+06	3.85147e+08	-5.28586e+07
660000	-4.72957e+06	5.51062e+06	3.83763e+08	-6.27389e+07
670000	-4.70941e+06	5.63184e+06	3.82128e+08	-7.25748e+07
680000	-4.68616e+06	5.75243e+06	3.80241e+08	-8.236e+07
690000	-4.65984e+06	5.87233e+06	3.78105e+08	-9.20882e+07
700000	-4.63047e+06	5.99144e+06	3.75722e+08	-1.01753e+08
710000	-4.59808e+06	6.10969e+06	3.73094e+08	-1.11348e+08
720000	-4.56269e+06	6.22702e+06	3.70222e+08	-1.20868e+08
730000	-4.52432e+06	6.34333e+06	3.6711e+08	-1.30306e+08
740000	-4.48302e+06	6.45857e+06	3.63758e+08	-1.39657e+08
750000	-4.43881e+06	6.57265e+06	3.60171e+08	-1.48913e+08
760000	-4.39173e+06	6.6855e+06	3.56351e+08	-1.5807e+08
770000	-4.3418e+06	6.79706e+06	3.52299e+08	-1.67122e+08
780000	-4.28907e+06	6.90725e+06	3.48021e+08	-1.76063e+08
790000	-4.23357e+06	7.016e+06	3.43518e+08	-1.84887e+08
800000	-4.17535e+06	7.12325e+06	3.38794e+08	-1.9359e+08
810000	-4.11445e+06	7.22893e+06	3.33851e+08	-2.02165e+08
820000	-4.0509e+06	7.33297e+06	3.28695e+08	-2.10607e+08
830000	-3.98475e+06	7.43531e+06	3.23328e+08	-2.18911e+08
840000	-3.91605e+06	7.53588e+06	3.17754e+08	-2.27071e+08
850000	-3.84485e+06	7.63463e+06	3.11977e+08	-2.35084e+08
860000	-3.7712e+06	7.7315e+06	3.06e+08	-2.42944e+08
870000	-3.69514e+06	7.82642e+06	2.99829e+08	-2.50646e+08
880000	-3.61673e+06	7.91933e+06	2.93466e+08	-2.58185e+08
890000	-3.53602e+06	8.01018e+06	2.86917e+08	-2.65557e+08
900000	-3.45306e+06	8.09892e+06	2.80186e+08	-2.72757e+08
910000	-3.36791e+06	8.18549e+06	2.73277e+08	-2.79781e+08
920000	-3.28063e+06	8.26984e+06	2.66194e+08	-2.86626e+08
930000	-3.19127e+06	8.35192e+06	2.58944e+08	-2.93285e+08
940000	-3.09989e+06	8.43167e+06	2.51529e+08	-2.99757e+08
950000	-3.00656e+06	8.50906e+06	2.43956e+08	-3.06036e+08
960000	-2.91132e+06	8.58403e+06	2.36229e+08	-3.12119e+08
970000	-2.81426e+06	8.65653e+06	2.28353e+08	-3.18002e+08
980000	-2.71542e+06	8.72654e+06	2.20333e+08	-3.23683e+08
990000	-2.61488e+06	8.794e+06	2.12174e+08	-3.29157e+08
1e+06	-2.51269e+06	8.85887e+06	2.03883e+08	-3.34421e+08
1.01e+06	-2.40892e+06	8.92113e+06	1.95463e+08	-3.39472e+08
1.02e+06	-2.30365e+06	8.98072e+06	1.86921e+08	-3.44307e+08
1.03e+06	-2.19692e+06	9.03761e+06	1.78261e+08	-3.48924e+08
1.04e+06	-2.08883e+06	9.09178e+06	1.6949e+08	-3.53319e+08
1.05e+06	-1.97942e+06	9.14318e+06	1.60613e+08	-3.5749e+08
1.06e+06	-1.86878e+06	9.19179e+06	1.51635e+08	-3.61434e+08
1.07e+06	-1.75697e+06	9.23759e+06	1.42563e+08	-3.6515e+08
1.08e+06	-1.64406e+06	9.28053e+06	1.33402e+08	-3.68635e+08
1.09e+06	-1.53013e+06	9.32061e+06	1.24157e+08	-3.71886e+08
1.1e+06	-1.41524e+06	9.35779e+06	1.14835e+08	-3.74903e+08
1.11e+06	-1.29947e+06	9.39205e+06	1.05441e+08	-3.77683e+08
1.12e+06	-1.18289e+06	9.42338e+06	9.59813e+07	-3.80225e+08
1.13e+06	-1.06557e+06	9.45174e+06	8.6462e+07	-3.82527e+08
1.14e+06	-947592	9.47714e+06	7.68889e+07	-3.84588e+08
1.15e+06	-829021	9.49955e+06	6.72679e+07	-3.86406e+08
1.16e+06	-709934	9.51897e+06	5.7605e+07	-3.87981e+08
1.17e+06	-590406	9.53537e+06	4.79063e+07	-3.89312e+08
1.18e+06	-470510	9.54875e+06	3.81778e+07	-3.90398e+08
1.19e+06	-350321	9.5591e+06	2.84255e+07	-3.91238e+08
1.2e+06	-229915	9.56642e+06	1.86556e+07	-3.91832e+08
1.21e+06	-109365	9.5707e+06	8.87404e+06	-3.92179e+08
1.22e+06	11252.1	9.57194e+06	-913013	-3.92279e+08
1.23e+06	131863	9.57013e+06	-1.06995e+07	-3.92133e+08
1.24e+06	252391	9.56529e+06	-2.04793e+07	-3.9174e+08
1.25e+06	372762	9.55741e+06	-3.02464e+07	-3.91101e+08
1.26e+06	492902	9.54649e+06	-3.99947e+07	-3.90215e+08
1.27e+06	612735	9.53255e+06	-4.97181e+07	-3.89084e+08
1.28e+06	732187	9.51559e+06	-5.94106e+07	-3.87708e+08
1.29e+06	851184	9.49562e+06	-6.90661e+07	-3.86087e+08
1.3e+06	969650	9.47266e+06	-7.86787e+07	-3.84224e+08
1.31e+06	1.08751e+06	9.44671e+06	-8.82422e+07	-3.82118e+08
1.32e+06	1.2047e+06	9.41779e+06	-9.77508e+07	-3.79772e+08
1.33e+06	1.32113e+06	9.38592e+06	-1.07199e+08	-3.77186e+08
1.34e+06	1.43675e+06	9.35111e+06	-1.16579e+08	-3.74362e+08
1.35e+06	1.55146e+06	9.3134e+06	-1.25888e+08	-3.71301e+08
1.36e+06	1.66521e+06	9.27279e+06	-1.35117e+08	-3.68006e+08
1.37e+06	1.77792e+06	9.22931e+06	-1.44262e+08	-3.64478e+08
1.38e+06	1.88951e+06	9.18299e+06	-1.53318e+08	-3.6072e+08
1.39e+06	1.99993e+06	9.13386e+06	-1.62277e+08	-3.56733e+08
1.4e+06	2.1091e+06	9.08194e+06	-1.71135e+08	-3.52521e+08
1.41e+06	2.21694e+06	9.02727e+06	-1.79886e+08	-3.48085e+08
1.42e+06	2.3234e+06	8.96987e+06	-1.88524e+08	-3.43427e+08
1.43e+06	2.4284e+06	8.90979e+06	-1.97044e+08	-3.38552e+08
1.44e+06	2.53188e+06	8.84705e+06	-2.0544e+08	-3.33461e+08
1.45e+06	2.63376e+06	8.78169e+06	-2.13707e+08	-3.28158e+08
1.46e+06	2.734e+06	8.71376e+06	-2.2184e+08	-3.22646e+08
1.47e+06	2.83251e+06	8.64329e+06	-2.29833e+08	-3.16928e+08
1.48e+06	2.92924e+06	8.57032e+06	-2.37682e+08	-3.11007e+08
1.49e+06	3.02412e+06	8.4949e+06	-2.45381e+08	-3.04887e+08
1.5e+06	3.1171e+06	8.41708e+06	-2.52925e+08	-2.98573e+08
1.51e+06	3.2081e+06	8.33689e+06	-2.6031e+08	-2.92066e+08
1.52e+06	3.29708e+06	8.25439e+06	-2.67529e+08	-2.85372e+08
1.53e+06	3.38397e+06	8.16963e+06	-2.7458e+08	-2.78494e+08
1.54e+06	3.46871e+06	8.08265e+06	-2.81456e+08	-2.71437e+08
1.55e+06	3.55126e+06	7.99352e+06	-2.88154e+08	-2.64205e+08
1.56e+06	3.63155e+06	7.90228e+06	-2.94669e+08	-2.56802e+08
1.57e+06	3.70953e+06	7.809e+06	-3.00996e+08	-2.49232e+08
1.58e+06	3.78514e+06	7.71372e+06	-3.07132e+08	-2.41501e+08
1.59e+06	3.85835e+06	7.6165e+06	-3.13071e+08	-2.33613e+08
1.6e+06	3.92909e+06	7.51741e+06	-3.18811e+08	-2.25573e+08
1.61e+06	3.99731e+06	7.41651e+06	-3.24347e+08	-2.17385e+08
1.62e+06	4.06298e+06	7.31385e+06	-3.29675e+08	-2.09055e+08
1.63e+06	4.12604e+06	7.2095e+06	-3.34792e+08	-2.00588e+08
1.64e+06	4.18645e+06	7.10353e+06	-3.39694e+08	-1.9199e+08
1.65e+06	4.24417e+06	6.996e+06	-3.44378e+08	-1.83265e+08
1.66e+06	4.29916e+06	6.88698e+06	-3.48839e+08	-1.74419e+08
1.67e+06	4.35137e+06	6.77654e+06	-3.53076e+08	-1.65457e+08
1.68e+06	4.40078e+06	6.66474e+06	-3.57085e+08	-1.56386e+08
1.69e+06	4.44733e+06	6.55165e+06	-3.60862e+08	-1.4721e+08
1.7e+06	4.49101e+06	6.43736e+06	-3.64406e+08	-1.37936e+08
1.71e+06	4.53176e+06	6.32192e+06	-3.67713e+08	-1.28569e+08
1.72e+06	4.56958e+06	6.20542e+06	-3.70782e+08	-1.19116e+08
1.73e+06	4.60442e+06	6.08792e+06	-3.73608e+08	-1.09582e+08
1.74e+06	4.63625e+06	5.9695e+06	-3.76191e+08	-9.99732e+07
1.75e+06	4.66506e+06	5.85024e+06	-3.78529e+08	-9.02964e+07
1.76e+06	4.69081e+06	5.73022e+06	-3.80619e+08	-8.05575e+07
1.77e+06	4.71349e+06	5.60951e+06	-3.82459e+08	-7.07627e+07
1.78e+06	4.73308e+06	5.48818e+06	-3.84048e+08	-6.09183e+07
1.79e+06	4.74955e+06	5.36633e+06	-3.85385e+08	-5.10309e+07
1.8e+06	4.7629e+06	5.24402e+06	-3.86468e+08	-4.11067e+07
1.81e+06	4.7731e+06	5.12134e+06	-3.87295e+08	-3.11523e+07
1.82e+06	4.78015e+06	4.99837e+06	-3.87867e+08	-2.11743e+07
1.83e+06	4.78403e+06	4.87519e+06	-3.88182e+08	-1.11791e+07
1.84e+06	4.78474e+06	4.75188e+06	-3.8824e+08	-1.17345e+06
1.85e+06	4.78227e+06	4.62852e+06	-3.8804e+08	8.83611e+06
1.86e+06	4.77662e+06	4.50519e+06	-3.87581e+08	1.88429e+07
1.87e+06	4.76778e+06	4.38198e+06	-3.86864e+08	2.88403e+07
1.88e+06	4.75576e+06	4.25897e+06	-3.85889e+08	3.88215e+07
1.89e+06	4.74056e+06	4.13624e+06	-3.84655e+08	4.87799e+07
1.9e+06	4.72219e+06	4.01388e+06	-3.83164e+08	5.87087e+07
1.91e+06	4.70064e+06	3.89196e+06	-3.81416e+08	6.86013e+07
1.92e+06	4.67593e+06	3.77057e+06	-3.79411e+08	7.84508e+07
1.93e+06	4.64808e+06	3.6498e+06	-3.77151e+08	8.82507e+07
1.94e+06	4.61708e+06	3.52972e+06	-3.74636e+08	9.79942e+07
1.95e+06	4.58297e+06	3.41041e+06	-3.71868e+08	1.07675e+08
1.96e+06	4.54576e+06	3.29197e+06	-3.68849e+08	1.17285e+08
1.97e+06	4.50546e+06	3.17446e+06	-3.65579e+08	1.2682e+08
1.98e+06	4.4621e+06	3.05798e+06	-3.62061e+08	1.36271e+08
1.99e+06	4.41571e+06	2.94261e+06	-3.58297e+08	1.45633e+08
2e+06	4.36631e+06	2.82841e+06	-3.54288e+08	1.54899e+08
2.01e+06	4.31393e+06	2.71548e+06	-3.50038e+08	1.64062e+08
2.02e+06	4.2586e+06	2.60389e+06	-3.45548e+08	1.73117e+08
2.03e+06	4.20036e+06	2.49373e+06	-3.40822e+08	1.82056e+08
2.04e+06	4.13923e+06	2.38506e+06	-3.35863e+08	1.90873e+08
2.05e+06	4.07526e+06	2.27797e+06	-3.30672e+08	1.99563e+08
2.06e+06	4.00849e+06	2.17253e+06	-3.25254e+08	2.08118e+08
2.07e+06	3.93896e+06	2.06881e+06	-3.19613e+08	2.16534e+08
2.08e+06	3.86672e+06	1.9669e+06	-3.1375e+08	2.24803e+08
2.09e+06	3.7918e+06	1.86686e+06	-3.07671e+08	2.3292e+08
2.1e+06	3.71426e+06	1.76877e+06	-3.01379e+08	2.4088e+08
2.11e+06	3.63414e+06	1.67269e+06	-2.94879e+08	2.48676e+08
2.12e+06	3.5515e+06	1.5787e+06	-2.88174e+08	2.56302e+08
2.13e+06	3.4664e+06	1.48687e+06	-2.81268e+08	2.63754e+08
2.14e+06	3.37889e+06	1.39725e+06	-2.74168e+08	2.71025e+08
2.15e+06	3.28902e+06	1.30992e+06	-2.66876e+08	2.78111e+08
2.16e+06	3.19686e+06	1.22494e+06	-2.59398e+08	2.85007e+08
2.17e+06	3.10247e+06	1.14237e+06	-2.51739e+08	2.91707e+08
2.18e+06	3.00592e+06	1.06227e+06	-2.43904e+08	2.98206e+08
2.19e+06	2.90725e+06	984707	-2.35898e+08	3.045e+08
2.2e+06	2.80656e+06	909730	-2.27728e+08	3.10583e+08
2.21e+06	2.70389e+06	837395	-2.19397e+08	3.16453e+08
2.22e+06	2.59932e+06	767758	-2.10913e+08	3.22103e+08
2.23e+06	2.49293e+06	700870	-2.0228e+08	3.27531e+08
2.24e+06	2.38479e+06	636779	-1.93505e+08	3.32731e+08
2.25e+06	2.27497e+06	575535	-1.84594e+08	3.377e+08
2.26e+06	2.16354e+06	517181	-1.75553e+08	3.42435e+08
2.27e+06	2.05059e+06	461763	-1.66388e+08	3.46932e+08
2.28e+06	1.9362e+06	409322	-1.57106e+08	3.51187e+08
2.29e+06	1.82043e+06	359896	-1.47712e+08	3.55198e+08
2.3e+06	1.70338e+06	313522	-1.38215e+08	3.5896e+08
2.31e+06	1.58513e+06	270236	-1.28619e+08	3.62473e+08
2.32e+06	1.46575e+06	230071	-1.18933e+08	3.65732e+08
2.33e+06	1.34533e+06	193055	-1.09162e+08	3.68735e+08
2.34e+06	1.22397e+06	159218	-9.93142e+07	3.71481e+08
2.35e+06	1.10173e+06	128584	-8.93959e+07	3.73966e+08
2.36e+06	978714	101178	-7.94142e+07	3.7619e+08
2.37e+06	855004	77018.4	-6.93761e+07	3.78151e+08
2.38e+06	730687	56124.8	-5.92889e+07	3.79846e+08
2.39e+06	605851	38512.8	-4.91595e+07	3.81275e+08
2.4e+06	480585	24195.8	-3.89953e+07	3.82437e+08
2.41e+06	354978	13184.4	-2.88034e+07	3.8333e+08
2.42e+06	229119	5487.12	-1.8591e+07	3.83955e+08
2.43e+06	103097	1109.74	-8.36541e+06	3.8431e+08
2.44e+06	-22998.4	55.5885	1.86612e+06	3.84395e+08
2.45e+06	-149077	2325.46	1.20963e+07	3.84211e+08
2.46e+06	-275050	7917.64	2.23179e+07	3.83758e+08
2.47e+06	-400828	16827.9	3.25237e+07	3.83035e+08
2.48e+06	-526321	29049.5	4.27063e+07	3.82043e+08
2.49e+06	-651440	44573.2	5.28587e+07	3.80783e+08
2.5e+06	-776097	63387.2	6.29735e+07	3.79257e+08
2.51e+06	-900203	85477.3	7.30436e+07	3.77464e+08
2.52e+06	-1.02367e+06	110827	8.30619e+07	3.75407e+08
2.53e+06	-1.14641e+06	139417	9.30213e+07	3.73088e+08
2.54e+06	-1.26834e+06	171225	1.02915e+08	3.70507e+08
2.55e+06	-1.38937e+06	206228	1.12735e+08	3.67666e+08
2.56e+06	-1.50942e+06	244400	1.22476e+08	3.64569e+08
2.57e+06	-1.62839e+06	285711	1.3213e+08	3.61217e+08
2.58e+06	-1.74622e+06	330130	1.41691e+08	3.57613e+08
2.59e+06	-1.86281e+06	377625	1.51151e+08	3.53759e+08
2.6e+06	-1.97809e+06	428159	1.60504e+08	3.49659e+08
2.61e+06	-2.09196e+06	481695	1.69745e+08	3.45315e+08
2.62e+06	-2.20437e+06	538193	1.78865e+08	3.4073e+08
2.63e+06	-2.31521e+06	597610	1.8786e+08	3.35909e+08
2.64e+06	-2.42443e+06	659902	1.96722e+08	3.30855e+08
2.65e+06	-2.53195e+06	725023	2.05445e+08	3.25571e+08
2.66e+06	-2.63768e+06	792924	2.14025e+08	3.20061e+08
2.67e+06	-2.74156e+06	863556	2.22453e+08	3.1433e+08
2.68e+06	-2.84351e+06	936865	2.30726e+08	3.08382e+08
2.69e+06	-2.94347e+06	1.0128e+06	2.38837e+08	3.0222e+08
2.7e+06	-3.04138e+06	1.0913e+06	2.46781e+08	2.95851e+08
2.71e+06	-3.13715e+06	1.17231e+06	2.54552e+08	2.89277e+08
2.72e+06	-3.23073e+06	1.25577e+06	2.62146e+08	2.82505e+08
2.73e+06	-3.32206e+06	1.34162e+06	2.69556e+08	2.75539e+08
2.74e+06	-3.41107e+06	1.42979e+06	2.76779e+08	2.68385e+08
2.75e+06	-3.49771e+06	1.52023e+06	2.83809e+08	2.61046e+08
2.76e+06	-3.58192e+06	1.61287e+06	2.90642e+08	2.5353e+08
2.77e+06	-3.66364e+06	1.70763e+06	2.97273e+08	2.45841e+08
2.78e+06	-3.74282e+06	1.80445e+06	3.03697e+08	2.37984e+08
2.79e+06	-3.81941e+06	1.90327e+06	3.09912e+08	2.29966e+08
2.8e+06	-3.89336e+06	2.00401e+06	3.15912e+08	2.21792e+08
2.81e+06	-3.96462e+06	2.10659e+06	3.21694e+08	2.13469e+08
2.82e+06	-4.03314e+06	2.21094e+06	3.27254e+08	2.05001e+08
2.83e+06	-4.09889e+06	2.317e+06	3.3259e+08	1.96395e+08
2.84e+06	-4.16182e+06	2.42468e+06	3.37696e+08	1.87658e+08
2.85e+06	-4.2219e+06	2.53391e+06	3.4257e+08	1.78795e+08
2.86e+06	-4.27908e+06	2.64461e+06	3.4721e+08	1.69813e+08
2.87e+06	-4.33334e+06	2.7567e+06	3.51613e+08	1.60718e+08
2.88e+06	-4.38463e+06	2.87011e+06	3.55775e+08	1.51516e+08
2.89e+06	-4.43293e+06	2.98475e+06	3.59694e+08	1.42214e+08
2.9e+06	-4.47822e+06	3.10054e+06	3.63368e+08	1.32818e+08
2.91e+06	-4.52045e+06	3.21741e+06	3.66796e+08	1.23335e+08
2.92e+06	-4.55963e+06	3.33527e+06	3.69974e+08	1.13772e+08
2.93e+06	-4.59571e+06	3.45404e+06	3.72902e+08	1.04134e+08
2.94e+06	-4.62868e+06	3.57364e+06	3.75577e+08	9.44299e+07
2.95e+06	-4.65852e+06	3.69399e+06	3.77999e+08	8.46646e+07
2.96e+06	-4.68523e+06	3.81501e+06	3.80165e+08	7.48455e+07
2.97e+06	-4.70878e+06	3.9366e+06	3.82076e+08	6.49791e+07
2.98e+06	-4.72916e+06	4.05869e+06	3.8373e+08	5.50722e+07
2.99e+06	-4.74638e+06	4.18121e+06	3.85127e+08	4.51315e+07
3e+06	-4.76041e+06	4.30405e+06	3.86266e+08	3.51637e+07
3.01e+06	-4.77126e+06	4.42715e+06	3.87147e+08	2.51755e+07
3.02e+06	-4.77893e+06	4.55041e+06	3.87769e+08	1.51737e+07
3.03e+06	-4.78342e+06	4.67376e+06	3.88133e+08	5.16481e+06
3.04e+06	-4.78472e+06	4.79712e+06	3.88238e+08	-4.84437e+06
3.05e+06	-4.78284e+06	4.92039e+06	3.88086e+08	-1.48472e+07
3.06e+06	-4.7778e+06	5.04351e+06	3.87677e+08	-2.48372e+07
3.07e+06	-4.76959e+06	5.16639e+06	3.87011e+08	-3.48075e+07
3.08e+06	-4.75824e+06	5.28894e+06	3.86089e+08	-4.47518e+07
3.09e+06	-4.74374e+06	5.4111e+06	3.84913e+08	-5.46636e+07
3.1e+06	-4.72612e+06	5.53277e+06	3.83484e+08	-6.45362e+07
3.11e+06	-4.7054e+06	5.65388e+06	3.81802e+08	-7.43634e+07
3.12e+06	-4.68159e+06	5.77435e+06	3.7987e+08	-8.41387e+07
3.13e+06	-4.65471e+06	5.89411e+06	3.77689e+08	-9.38558e+07
3.14e+06	-4.62479e+06	6.01307e+06	3.75261e+08	-1.03508e+08
3.15e+06	-4.59184e+06	6.13116e+06	3.72588e+08	-1.1309e+08
3.16e+06	-4.55591e+06	6.24831e+06	3.69672e+08	-1.22596e+08
3.17e+06	-4.51701e+06	6.36443e+06	3.66516e+08	-1.32018e+08
3.18e+06	-4.47518e+06	6.47946e+06	3.63122e+08	-1.41352e+08
3.19e+06	-4.43044e+06	6.59332e+06	3.59492e+08	-1.50591e+08
3.2e+06	-4.38283e+06	6.70595e+06	3.55629e+08	-1.59729e+08
3.21e+06	-4.33239e+06	6.81726e+06	3.51536e+08	-1.68761e+08
3.22e+06	-4.27915e+06	6.92719e+06	3.47216e+08	-1.77681e+08
3.23e+06	-4.22316e+06	7.03567e+06	3.42673e+08	-1.86484e+08
3.24e+06	-4.16444e+06	7.14264e+06	3.37908e+08	-1.95163e+08
3.25e+06	-4.10305e+06	7.24803e+06	3.32927e+08	-2.03714e+08
3.26e+06	-4.03903e+06	7.35176e+06	3.27732e+08	-2.12132e+08
3.27e+06	-3.97241e+06	7.45378e+06	3.22327e+08	-2.2041e+08
3.28e+06	-3.90325e+06	7.55403e+06	3.16715e+08	-2.28544e+08
3.29e+06	-3.8316e+06	7.65244e+06	3.10901e+08	-2.36529e+08
3.3e+06	-3.75751e+06	7.74896e+06	3.04889e+08	-2.4436e+08
3.31e+06	-3.68101e+06	7.84351e+06	2.98682e+08	-2.52033e+08
3.32e+06	-3.60218e+06	7.93605e+06	2.92285e+08	-2.59542e+08
3.33e+06	-3.52105e+06	8.02653e+06	2.85703e+08	-2.66883e+08
3.34e+06	-3.43769e+06	8.11487e+06	2.78939e+08	-2.74051e+08
3.35e+06	-3.35215e+06	8.20104e+06	2.71998e+08	-2.81043e+08
3.36e+06	-3.26448e+06	8.28498e+06	2.64884e+08	-2.87854e+08
3.37e+06	-3.17475e+06	8.36664e+06	2.57603e+08	-2.9448e+08
3.38e+06	-3.08301e+06	8.44596e+06	2.5016e+08	-3.00916e+08
3.39e+06	-2.98933e+06	8.52291e+06	2.42558e+08	-3.0716e+08
3.4e+06	-2.89376e+06	8.59743e+06	2.34803e+08	-3.13207e+08
3.41e+06	-2.79636e+06	8.66949e+06	2.26901e+08	-3.19054e+08
3.42e+06	-2.69721e+06	8.73903e+06	2.18855e+08	-3.24697e+08
3.43e+06	-2.59636e+06	8.80603e+06	2.10672e+08	-3.30132e+08
3.44e+06	-2.49388e+06	8.87042e+06	2.02357e+08	-3.35358e+08
3.45e+06	-2.38983e+06	8.93219e+06	1.93914e+08	-3.4037e+08
3.46e+06	-2.28429e+06	8.99129e+06	1.8535e+08	-3.45165e+08
3.47e+06	-2.17731e+06	9.04769e+06	1.7667e+08	-3.49742e+08
3.48e+06	-2.06897e+06	9.10136e+06	1.67879e+08	-3.54096e+08
3.49e+06	-1.95933e+06	9.15226e+06	1.58983e+08	-3.58226e+08
3.5e+06	-1.84847e+06	9.20036e+06	1.49988e+08	-3.62129e+08
3.51e+06	-1.73646e+06	9.24563e+06	1.40899e+08	-3.65803e+08
3.52e+06	-1.62336e+06	9.28806e+06	1.31722e+08	-3.69245e+08
3.53e+06	-1.50925e+06	9.32761e+06	1.22462e+08	-3.72454e+08
3.54e+06	-1.39419e+06	9.36425e+06	1.13127e+08	-3.75428e+08
3.55e+06	-1.27827e+06	9.39798e+06	1.0372e+08	-3.78165e+08
3.56e+06	-1.16155e+06	9.42877e+06	9.42495e+07	-3.80663e+08
3.57e+06	-1.0441e+06	9.4566e+06	8.47199e+07	-3.82921e+08
3.58e+06	-926010	9.48145e+06	7.51376e+07	-3.84938e+08
3.59e+06	-807339	9.50332e+06	6.55085e+07	-3.86712e+08
3.6e+06	-688166	9.52218e+06	5.58387e+07	-3.88242e+08
3.61e+06	-568565	9.53803e+06	4.61341e+07	-3.89528e+08
3.62e+06	-448610	9.55086e+06	3.64008e+07	-3.90569e+08
3.63e+06	-328376	9.56066e+06	2.66448e+07	-3.91365e+08
3.64e+06	-207938	9.56743e+06	1.68723e+07	-3.91913e+08
3.65e+06	-87370.2	9.57115e+06	7.08933e+06	-3.92216e+08
3.66e+06	33251.5	9.57183e+06	-2.69807e+06	-3.92271e+08
3.67e+06	153853	9.56948e+06	-1.24838e+07	-3.9208e+08
3.68e+06	274358	9.56408e+06	-2.22618e+07	-3.91642e+08
3.69e+06	394693	9.55564e+06	-3.20259e+07	-3.90957e+08
3.7e+06	514782	9.54418e+06	-4.17701e+07	-3.90027e+08
3.71e+06	634551	9.52969e+06	-5.14883e+07	-3.88851e+08
3.72e+06	753926	9.51218e+06	-6.11745e+07	-3.8743e+08
3.73e+06	872831	9.49166e+06	-7.08226e+07	-3.85766e+08
3.74e+06	991193	9.46815e+06	-8.04267e+07	-3.83858e+08
3.75e+06	1.10894e+06	9.44165e+06	-8.99807e+07	-3.81708e+08
3.76e+06	1.22599e+06	9.4122e+06	-9.94786e+07	-3.79318e+08
3.77e+06	1.34228e+06	9.37979e+06	-1.08915e+08	-3.76688e+08
3.78e+06	1.45774e+06	9.34445e+06	-1.18283e+08	-3.73821e+08
3.79e+06	1.57228e+06	9.3062e+06	-1.27577e+08	-3.70718e+08
3.8e+06	1.68584e+06	9.26507e+06	-1.36792e+08	-3.6738e+08
3.81e+06	1.79835e+06	9.22108e+06	-1.45921e+08	-3.6381e+08
3.82e+06	1.90974e+06	9.17424e+06	-1.54959e+08	-3.6001e+08
3.83e+06	2.01994e+06	9.1246e+06	-1.639e+08	-3.55982e+08
3.84e+06	2.12887e+06	9.07218e+06	-1.72739e+08	-3.51728e+08
3.85e+06	2.23646e+06	9.01701e+06	-1.8147e+08	-3.47252e+08
3.86e+06	2.34266e+06	8.95912e+06	-1.90086e+08	-3.42554e+08
3.87e+06	2.44739e+06	8.89854e+06	-1.98584e+08	-3.37639e+08
3.88e+06	2.55058e+06	8.83532e+06	-2.06957e+08	-3.3251e+08
3.89e+06	2.65217e+06	8.7695e+06	-2.15201e+08	-3.27168e+08
3.9e+06	2.75209e+06	8.7011e+06	-2.23308e+08	-3.21618e+08
3.91e+06	2.85029e+06	8.63017e+06	-2.31276e+08	-3.15863e+08
3.92e+06	2.94668e+06	8.55675e+06	-2.39098e+08	-3.09906e+08
3.93e+06	3.04122e+06	8.48089e+06	-2.46769e+08	-3.0375e+08
3.94e+06	3.13384e+06	8.40263e+06	-2.54284e+08	-2.974e+08
3.95e+06	3.22448e+06	8.32201e+06	-2.61639e+08	-2.90859e+08
3.96e+06	3.31308e+06	8.2391e+06	-2.68828e+08	-2.84131e+08
3.97e+06	3.39959e+06	8.15393e+06	-2.75847e+08	-2.7722e+08
3.98e+06	3.48393e+06	8.06656e+06	-2.82691e+08	-2.70131e+08
3.99e+06	3.56607e+06	7.97704e+06	-2.89356e+08	-2.62867e+08
4e+06	3.64594e+06	7.88542e+06	-2.95837e+08	-2.55433e+08
4.01e+06	3.7235e+06	7.79177e+06	-3.02129e+08	-2.47834e+08
4.02e+06	3.79868e+06	7.69613e+06	-3.0823e+08	-2.40074e+08
4.03e+06	3.87143e+06	7.59857e+06	-3.14133e+08	-2.32158e+08
4.04e+06	3.94172e+06	7.49914e+06	-3.19836e+08	-2.2409e+08
4.05e+06	4.00948e+06	7.39791e+06	-3.25334e+08	-2.15876e+08
4.06e+06	4.07468e+06	7.29494e+06	-3.30625e+08	-2.07521e+08
4.07e+06	4.13726e+06	7.1903e+06	-3.35702e+08	-1.9903e+08
4.08e+06	4.19718e+06	7.08404e+06	-3.40565e+08	-1.90408e+08
4.09e+06	4.25441e+06	6.97623e+06	-3.45208e+08	-1.8166e+08
4.1e+06	4.30889e+06	6.86694e+06	-3.49629e+08	-1.72793e+08
4.11e+06	4.36059e+06	6.75625e+06	-3.53824e+08	-1.63811e+08
4.12e+06	4.40948e+06	6.64421e+06	-3.57791e+08	-1.5472e+08
4.13e+06	4.45551e+06	6.5309e+06	-3.61526e+08	-1.45526e+08
4.14e+06	4.49866e+06	6.41639e+06	-3.65027e+08	-1.36234e+08
4.15e+06	4.53888e+06	6.30075e+06	-3.68291e+08	-1.26851e+08
4.16e+06	4.57615e+06	6.18406e+06	-3.71315e+08	-1.17383e+08
4.17e+06	4.61045e+06	6.06639e+06	-3.74098e+08	-1.07835e+08
4.18e+06	4.64173e+06	5.94781e+06	-3.76636e+08	-9.82133e+07
4.19e+06	4.66998e+06	5.82841e+06	-3.78929e+08	-8.85247e+07
4.2e+06	4.69518e+06	5.70825e+06	-3.80973e+08	-7.87751e+07
4.21e+06	4.7173e+06	5.58742e+06	-3.82768e+08	-6.89708e+07
4.22e+06	4.73632e+06	5.466e+06	-3.84311e+08	-5.91181e+07
4.23e+06	4.75222e+06	5.34405e+06	-3.85601e+08	-4.92235e+07
4.24e+06	4.76499e+06	5.22167e+06	-3.86638e+08	-3.92933e+07
4.25e+06	4.77462e+06	5.09893e+06	-3.87419e+08	-2.93341e+07
4.26e+06	4.78109e+06	4.97592e+06	-3.87944e+08	-1.93525e+07
4.27e+06	4.7844e+06	4.85271e+06	-3.88212e+08	-9.35491e+06
4.28e+06	4.78453e+06	4.72938e+06	-3.88223e+08	651974
4.29e+06	4.78148e+06	4.60602e+06	-3.87975e+08	1.06615e+07
4.3e+06	4.77524e+06	4.48271e+06	-3.8747e+08	2.06671e+07
4.31e+06	4.76583e+06	4.35953e+06	-3.86706e+08	3.0662e+07
4.32e+06	4.75323e+06	4.23657e+06	-3.85683e+08	4.06396e+07
4.33e+06	4.73745e+06	4.1139e+06	-3.84403e+08	5.05931e+07
4.34e+06	4.71849e+06	3.99161e+06	-3.82865e+08	6.05158e+07
4.35e+06	4.69637e+06	3.86978e+06	-3.81069e+08	7.0401e+07
4.36e+06	4.67109e+06	3.7485e+06	-3.79018e+08	8.0242e+07
4.37e+06	4.64266e+06	3.62784e+06	-3.76711e+08	9.00321e+07
4.38e+06	4.61109e+06	3.5079e+06	-3.7415e+08	9.97646e+07
4.39e+06	4.57641e+06	3.38874e+06	-3.71336e+08	1.09433e+08
4.4e+06	4.53864e+06	3.27047e+06	-3.68271e+08	1.1903e+08
4.41e+06	4.49778e+06	3.15314e+06	-3.64956e+08	1.2855e+08
4.42e+06	4.45387e+06	3.03686e+06	-3.61393e+08	1.37985e+08
4.43e+06	4.40692e+06	2.92169e+06	-3.57584e+08	1.4733e+08
4.44e+06	4.35698e+06	2.80772e+06	-3.53531e+08	1.56578e+08
4.45e+06	4.30406e+06	2.69503e+06	-3.49237e+08	1.65722e+08
4.46e+06	4.24819e+06	2.58369e+06	-3.44704e+08	1.74756e+08
4.47e+06	4.18942e+06	2.47379e+06	-3.39935e+08	1.83673e+08
4.48e+06	4.12778e+06	2.36541e+06	-3.34933e+08	1.92468e+08
4.49e+06	4.06329e+06	2.25861e+06	-3.29701e+08	2.01133e+08
4.5e+06	3.99602e+06	2.15348e+06	-3.24242e+08	2.09664e+08
4.51e+06	3.92599e+06	2.05009e+06	-3.1856e+08	2.18053e+08
4.52e+06	3.85325e+06	1.94851e+06	-3.12658e+08	2.26295e+08
4.53e+06	3.77785e+06	1.84882e+06	-3.0654e+08	2.34384e+08
4.54e+06	3.69983e+06	1.75109e+06	-3.00209e+08	2.42314e+08
4.55e+06	3.61926e+06	1.65539e+06	-2.93671e+08	2.50079e+08
4.56e+06	3.53617e+06	1.56179e+06	-2.86929e+08	2.57674e+08
4.57e+06	3.45062e+06	1.47035e+06	-2.79988e+08	2.65094e+08
4.58e+06	3.36267e+06	1.38115e+06	-2.72852e+08	2.72332e+08
4.59e+06	3.27239e+06	1.29424e+06	-2.65526e+08	2.79383e+08
4.6e+06	3.17981e+06	1.2097e+06	-2.58014e+08	2.86244e+08
4.61e+06	3.08502e+06	1.12758e+06	-2.50323e+08	2.92907e+08
4.62e+06	2.98808e+06	1.04794e+06	-2.42456e+08	2.99369e+08
4.63e+06	2.88904e+06	970838	-2.3442e+08	3.05625e+08
4.64e+06	2.78798e+06	896339	-2.2622e+08	3.1167e+08
4.65e+06	2.68496e+06	824493	-2.17861e+08	3.175e+08
4.66e+06	2.58006e+06	755353	-2.09349e+08	3.2311e+08
4.67e+06	2.47334e+06	688971	-2.0069e+08	3.28496e+08
4.68e+06	2.36489e+06	625396	-1.9189e+08	3.33655e+08
4.69e+06	2.25476e+06	564675	-1.82955e+08	3.38582e+08
4.7e+06	2.14306e+06	506854	-1.7389e+08	3.43273e+08
4.71e+06	2.02984e+06	451976	-1.64704e+08	3.47726e+08
4.72e+06	1.91518e+06	400081	-1.554e+08	3.51937e+08
4.73e+06	1.79918e+06	351209	-1.45988e+08	3.55902e+08
4.74e+06	1.6819e+06	305397	-1.36472e+08	3.5962e+08
4.75e+06	1.56344e+06	262678	-1.26859e+08	3.63086e+08
4.76e+06	1.44386e+06	223084	-1.17157e+08	3.66299e+08
4.77e+06	1.32327e+06	186646	-1.07372e+08	3.69255e+08
4.78e+06	1.20174e+06	153392	-9.75104e+07	3.71954e+08
4.79e+06	1.07935e+06	123345	-8.75799e+07	3.74392e+08
4.8e+06	956201	96528.8	-7.75874e+07	3.76568e+08
4.81e+06	832374	72963.8	-6.75399e+07	3.7848e+08
4.82e+06	707955	52667.7	-5.74444e+07	3.80126e+08
4.83e+06	583035	35655.7	-4.73082e+07	3.81507e+08
4.84e+06	457700	21940.8	-3.71384e+07	3.8262e+08
4.85e+06	332040	11533.3	-2.69422e+07	3.83464e+08
4.86e+06	206145	4441.13	-1.67268e+07	3.8404e+08
4.87e+06	80102.7	669.659	-6.49964e+06	3.84346e+08
4.88e+06	-45996.2	221.746	3.73219e+06	3.84382e+08
4.89e+06	-172062	3097.73	1.39614e+07	3.84149e+08
4.9e+06	-298006	9295.45	2.41806e+07	3.83646e+08
4.91e+06	-423739	18810.2	3.43827e+07	3.82874e+08
4.92e+06	-549170	31634.8	4.45604e+07	3.81833e+08
4.93e+06	-674212	47759.5	5.47064e+07	3.80525e+08
4.94e+06	-798775	67172.1	6.48136e+07	3.7895e+08
4.95e+06	-922771	89858	7.48748e+07	3.77109e+08
4.96e+06	-1.04611e+06	115800	8.48829e+07	3.75004e+08
4.97e+06	-1.16871e+06	144978	9.48308e+07	3.72636e+08
4.98e+06	-1.29048e+06	177371	1.04711e+08	3.70008e+08
4.99e+06	-1.41134e+06	212955	1.14518e+08	3.67121e+08
5e+06	-1.5312e+06	251701	1.24243e+08	3.63977e+08
5.01e+06	-1.64997e+06	293581	1.33881e+08	3.60578e+08
5.02e+06	-1.76758e+06	338564	1.43424e+08	3.56928e+08
5.03e+06	-1.88393e+06	386616	1.52865e+08	3.53029e+08
5.04e+06	-1.99896e+06	437701	1.62198e+08	3.48884e+08
5.05e+06	-2.11258e+06	491780	1.71417e+08	3.44496e+08
5.06e+06	-2.2247e+06	548813	1.80515e+08	3.39869e+08
5.07e+06	-2.33526e+06	608758	1.89486e+08	3.35005e+08
5.08e+06	-2.44417e+06	671569	1.98323e+08	3.29908e+08
5.09e+06	-2.55136e+06	737201	2.07021e+08	3.24583e+08
5.1e+06	-2.65676e+06	805604	2.15573e+08	3.19032e+08
5.11e+06	-2.7603e+06	876727	2.23974e+08	3.13261e+08
5.12e+06	-2.86189e+06	950519	2.32218e+08	3.07274e+08
5.13e+06	-2.96149e+06	1.02692e+06	2.40299e+08	3.01074e+08
5.14e+06	-3.059e+06	1.10589e+06	2.48212e+08	2.94667e+08
5.15e+06	-3.15438e+06	1.18735e+06	2.55951e+08	2.88057e+08
5.16e+06	-3.24756e+06	1.27125e+06	2.63511e+08	2.81249e+08
5.17e+06	-3.33847e+06	1.35753e+06	2.70888e+08	2.74249e+08
5.18e+06	-3.42705e+06	1.44612e+06	2.78076e+08	2.6706e+08
5.19e+06	-3.51325e+06	1.53696e+06	2.8507e+08	2.59689e+08
5.2e+06	-3.59701e+06	1.62999e+06	2.91866e+08	2.5214e+08
5.21e+06	-3.67827e+06	1.72514e+06	2.9846e+08	2.4442e+08
5.22e+06	-3.75698e+06	1.82233e+06	3.04847e+08	2.36534e+08
5.23e+06	-3.83309e+06	1.9215e+06	3.11022e+08	2.28487e+08
5.24e+06	-3.90656e+06	2.02258e+06	3.16983e+08	2.20285e+08
5.25e+06	-3.97732e+06	2.12549e+06	3.22725e+08	2.11935e+08
5.26e+06	-4.04534e+06	2.23016e+06	3.28244e+08	2.03442e+08
5.27e+06	-4.11058e+06	2.33652e+06	3.33538e+08	1.94812e+08
5.28e+06	-4.173e+06	2.44449e+06	3.38602e+08	1.86051e+08
5.29e+06	-4.23255e+06	2.55399e+06	3.43434e+08	1.77166e+08
5.3e+06	-4.2892e+06	2.66495e+06	3.48031e+08	1.68162e+08
5.31e+06	-4.34291e+06	2.77729e+06	3.5239e+08	1.59047e+08
5.32e+06	-4.39366e+06	2.89093e+06	3.56507e+08	1.49827e+08
5.33e+06	-4.44142e+06	3.00578e+06	3.60382e+08	1.40507e+08
5.34e+06	-4.48615e+06	3.12178e+06	3.64012e+08	1.31095e+08
5.35e+06	-4.52783e+06	3.23883e+06	3.67394e+08	1.21597e+08
5.36e+06	-4.56644e+06	3.35687e+06	3.70527e+08	1.12019e+08
5.37e+06	-4.60195e+06	3.4758e+06	3.73408e+08	1.02369e+08
5.38e+06	-4.63435e+06	3.59554e+06	3.76038e+08	9.26532e+07
5.39e+06	-4.66363e+06	3.71602e+06	3.78413e+08	8.28777e+07
5.4e+06	-4.68976e+06	3.83714e+06	3.80533e+08	7.30494e+07
5.41e+06	-4.71273e+06	3.95883e+06	3.82397e+08	6.31752e+07
5.42e+06	-4.73254e+06	4.08101e+06	3.84004e+08	5.32616e+07
5.43e+06	-4.74917e+06	4.20359e+06	3.85354e+08	4.33154e+07
5.44e+06	-4.76263e+06	4.32648e+06	3.86446e+08	3.33434e+07
5.45e+06	-4.7729e+06	4.44962e+06	3.87279e+08	2.33522e+07
5.46e+06	-4.77999e+06	4.5729e+06	3.87854e+08	1.33486e+07
5.47e+06	-4.78389e+06	4.69626e+06	3.88171e+08	3.33919e+06
5.48e+06	-4.78461e+06	4.81961e+06	3.8823e+08	-6.66934e+06
5.49e+06	-4.78216e+06	4.94286e+06	3.88031e+08	-1.66703e+07
5.5e+06	-4.77654e+06	5.06594e+06	3.87574e+08	-2.66572e+07
5.51e+06	-4.76776e+06	5.18877e+06	3.86862e+08	-3.66233e+07
5.52e+06	-4.75583e+06	5.31125e+06	3.85894e+08	-4.65621e+07
5.53e+06	-4.74076e+06	5.43333e+06	3.84671e+08	-5.64672e+07
5.54e+06	-4.72257e+06	5.5549e+06	3.83196e+08	-6.6332e+07
5.55e+06	-4.70128e+06	5.6759e+06	3.81468e+08	-7.61502e+07
5.56e+06	-4.67691e+06	5.79625e+06	3.79491e+08	-8.59154e+07
5.57e+06	-4.64948e+06	5.91587e+06	3.77265e+08	-9.56212e+07
5.58e+06	-4.619e+06	6.03468e+06	3.74792e+08	-1.05261e+08
5.59e+06	-4.58551e+06	6.1526e+06	3.72075e+08	-1.1483e+08
5.6e+06	-4.54904e+06	6.26956e+06	3.69115e+08	-1.24321e+08
5.61e+06	-4.5096e+06	6.38549e+06	3.65915e+08	-1.33727e+08
5.62e+06	-4.46723e+06	6.50032e+06	3.62477e+08	-1.43044e+08
5.63e+06	-4.42197e+06	6.61396e+06	3.58804e+08	-1.52265e+08
5.64e+06	-4.37384e+06	6.72635e+06	3.54899e+08	-1.61385e+08
5.65e+06	-4.32289e+06	6.83741e+06	3.50765e+08	-1.70397e+08
5.66e+06	-4.26915e+06	6.94709e+06	3.46404e+08	-1.79296e+08
5.67e+06	-4.21265e+06	7.0553e+06	3.4182e+08	-1.88076e+08
5.68e+06	-4.15344e+06	7.16198e+06	3.37016e+08	-1.96733e+08
5.69e+06	-4.09157e+06	7.26707e+06	3.31995e+08	-2.0526e+08
5.7e+06	-4.02707e+06	7.3705e+06	3.26762e+08	-2.13652e+08
5.71e+06	-3.95999e+06	7.4722e+06	3.21319e+08	-2.21904e+08
5.72e+06	-3.89037e+06	7.57212e+06	3.1567e+08	-2.30012e+08
5.73e+06	-3.81827e+06	7.67019e+06	3.09819e+08	-2.37969e+08
5.74e+06	-3.74373e+06	7.76635e+06	3.03771e+08	-2.45772e+08
5.75e+06	-3.66681e+06	7.86054e+06	2.9753e+08	-2.53415e+08
5.76e+06	-3.58755e+06	7.95271e+06	2.91099e+08	-2.60893e+08
5.77e+06	-3.50601e+06	8.0428e+06	2.84483e+08	-2.68203e+08
5.78e+06	-3.42225e+06	8.13075e+06	2.77686e+08	-2.7534e+08
5.79e+06	-3.33632e+06	8.21652e+06	2.70713e+08	-2.82299e+08
5.8e+06	-3.24827e+06	8.30004e+06	2.63569e+08	-2.89076e+08
5.81e+06	-3.15817e+06	8.38128e+06	2.56258e+08	-2.95668e+08
5.82e+06	-3.06607e+06	8.46017e+06	2.48785e+08	-3.0207e+08
5.83e+06	-2.97204e+06	8.53668e+06	2.41155e+08	-3.08278e+08
5.84e+06	-2.87613e+06	8.61076e+06	2.33373e+08	-3.14288e+08
5.85e+06	-2.77841e+06	8.68236e+06	2.25444e+08	-3.20098e+08
5.86e+06	-2.67894e+06	8.75144e+06	2.17373e+08	-3.25704e+08
5.87e+06	-2.57779e+06	8.81796e+06	2.09165e+08	-3.31101e+08
5.88e+06	-2.47502e+06	8.88189e+06	2.00826e+08	-3.36288e+08
5.89e+06	-2.37069e+06	8.94317e+06	1.92361e+08	-3.41261e+08
5.9e+06	-2.26488e+06	9.00178e+06	1.83775e+08	-3.46016e+08
5.91e+06	-2.15765e+06	9.05769e+06	1.75075e+08	-3.50552e+08
5.92e+06	-2.04907e+06	9.11085e+06	1.66264e+08	-3.54866e+08
5.93e+06	-1.93921e+06	9.16124e+06	1.5735e+08	-3.58955e+08
5.94e+06	-1.82813e+06	9.20883e+06	1.48337e+08	-3.62816e+08
5.95e+06	-1.71591e+06	9.25358e+06	1.39231e+08	-3.66448e+08
5.96e+06	-1.60262e+06	9.29549e+06	1.30039e+08	-3.69848e+08
5.97e+06	-1.48833e+06	9.33451e+06	1.20765e+08	-3.73014e+08
5.98e+06	-1.37311e+06	9.37062e+06	1.11416e+08	-3.75945e+08
5.99e+06	-1.25704e+06	9.40382e+06	1.01998e+08	-3.78638e+08
6e+06	-1.14018e+06	9.43407e+06	9.25157e+07	-3.81092e+08
6.01e+06	-1.02261e+06	9.46135e+06	8.29761e+07	-3.83307e+08
6.02e+06	-904407	9.48566e+06	7.33848e+07	-3.85279e+08
6.03e+06	-785640	9.50698e+06	6.37478e+07	-3.87009e+08
6.04e+06	-666383	9.5253e+06	5.40712e+07	-3.88495e+08
6.05e+06	-546712	9.5406e+06	4.43609e+07	-3.89737e+08
6.06e+06	-426700	9.55288e+06	3.4623e+07	-3.90733e+08
6.07e+06	-306424	9.56212e+06	2.48636e+07	-3.91483e+08
6.08e+06	-185956	9.56833e+06	1.50887e+07	-3.91987e+08
6.09e+06	-65373.3	9.5715e+06	5.30448e+06	-3.92244e+08
6.1e+06	55250.2	9.57163e+06	-4.48307e+06	-3.92255e+08
6.11e+06	175839	9.56872e+06	-1.42678e+07	-3.92018e+08
6.12e+06	296319	9.56277e+06	-2.40437e+07	-3.91535e+08
6.13e+06	416615	9.55378e+06	-3.38047e+07	-3.90806e+08
6.14e+06	536651	9.54176e+06	-4.35446e+07	-3.89831e+08
6.15e+06	656354	9.52672e+06	-5.32574e+07	-3.8861e+08
6.16e+06	775649	9.50866e+06	-6.29371e+07	-3.87145e+08
6.17e+06	894460	9.48759e+06	-7.25777e+07	-3.85436e+08
6.18e+06	1.01272e+06	9.46354e+06	-8.2173e+07	-3.83484e+08
6.19e+06	1.13034e+06	9.4365e+06	-9.17172e+07	-3.8129e+08
6.2e+06	1.24726e+06	9.4065e+06	-1.01204e+08	-3.78856e+08
6.21e+06	1.3634e+06	9.37356e+06	-1.10628e+08	-3.76183e+08
6.22e+06	1.4787e+06	9.33769e+06	-1.19983e+08	-3.73273e+08
6.23e+06	1.59307e+06	9.29892e+06	-1.29264e+08	-3.70126e+08
6.24e+06	1.70644e+06	9.25726e+06	-1.38463e+08	-3.66746e+08
6.25e+06	1.81876e+06	9.21275e+06	-1.47576e+08	-3.63134e+08
6.26e+06	1.92993e+06	9.1654e+06	-1.56597e+08	-3.59292e+08
6.27e+06	2.0399e+06	9.11525e+06	-1.6552e+08	-3.55223e+08
6.28e+06	2.14859e+06	9.06232e+06	-1.74339e+08	-3.50928e+08
6.29e+06	2.25594e+06	9.00665e+06	-1.8305e+08	-3.46411e+08
6.3e+06	2.36187e+06	8.94827e+06	-1.91645e+08	-3.41674e+08
6.31e+06	2.46632e+06	8.88721e+06	-2.00121e+08	-3.3672e+08
6.32e+06	2.56923e+06	8.82351e+06	-2.08471e+08	-3.31551e+08
6.33e+06	2.67052e+06	8.75721e+06	-2.16689e+08	-3.26172e+08
6.34e+06	2.77013e+06	8.68835e+06	-2.24772e+08	-3.20584e+08
6.35e+06	2.868e+06	8.61696e+06	-2.32713e+08	-3.14791e+08
6.36e+06	2.96406e+06	8.54309e+06	-2.40508e+08	-3.08798e+08
6.37e+06	3.05826e+06	8.46679e+06	-2.48151e+08	-3.02606e+08
6.38e+06	3.15052e+06	8.3881e+06	-2.55637e+08	-2.96221e+08
6.39e+06	3.24079e+06	8.30706e+06	-2.62962e+08	-2.89646e+08
6.4e+06	3.32902e+06	8.22373e+06	-2.70121e+08	-2.82884e+08
6.41e+06	3.41513e+06	8.13816e+06	-2.77108e+08	-2.75941e+08
6.42e+06	3.49908e+06	8.05039e+06	-2.8392e+08	-2.68819e+08
6.43e+06	3.58081e+06	7.96048e+06	-2.90552e+08	-2.61524e+08
6.44e+06	3.66026e+06	7.86849e+06	-2.96998e+08	-2.5406e+08
6.45e+06	3.73739e+06	7.77447e+06	-3.03256e+08	-2.46431e+08
6.46e+06	3.81213e+06	7.67848e+06	-3.09321e+08	-2.38642e+08
6.47e+06	3.88444e+06	7.58057e+06	-3.15188e+08	-2.30698e+08
6.48e+06	3.95427e+06	7.48081e+06	-3.20854e+08	-2.22603e+08
6.49e+06	4.02156e+06	7.37926e+06	-3.26315e+08	-2.14363e+08
6.5e+06	4.08629e+06	7.27598e+06	-3.31567e+08	-2.05983e+08
6.51e+06	4.14839e+06	7.17103e+06	-3.36605e+08	-1.97467e+08
6.52e+06	4.20782e+06	7.06449e+06	-3.41428e+08	-1.88822e+08
6.53e+06	4.26455e+06	6.95641e+06	-3.46031e+08	-1.80052e+08
6.54e+06	4.31853e+06	6.84686e+06	-3.50411e+08	-1.71163e+08
6.55e+06	4.36972e+06	6.73591e+06	-3.54565e+08	-1.62161e+08
6.56e+06	4.41809e+06	6.62364e+06	-3.5849e+08	-1.5305e+08
6.57e+06	4.4636e+06	6.5101e+06	-3.62182e+08	-1.43838e+08
6.58e+06	4.50621e+06	6.39538e+06	-3.6564e+08	-1.34529e+08
6.59e+06	4.5459e+06	6.27955e+06	-3.6886e+08	-1.2513e+08
6.6e+06	4.58263e+06	6.16267e+06	-3.71841e+08	-1.15647e+08
6.61e+06	4.61638e+06	6.04483e+06	-3.74579e+08	-1.06085e+08
6.62e+06	4.64711e+06	5.9261e+06	-3.77073e+08	-9.64511e+07
6.63e+06	4.67481e+06	5.80655e+06	-3.7932e+08	-8.6751e+07
6.64e+06	4.69944e+06	5.68626e+06	-3.81319e+08	-7.69909e+07
6.65e+06	4.721e+06	5.56532e+06	-3.83068e+08	-6.71773e+07
6.66e+06	4.73945e+06	5.44379e+06	-3.84565e+08	-5.73165e+07
6.67e+06	4.75478e+06	5.32176e+06	-3.85809e+08	-4.74149e+07
6.68e+06	4.76698e+06	5.19931e+06	-3.86799e+08	-3.7479e+07
6.69e+06	4.77604e+06	5.07652e+06	-3.87534e+08	-2.75152e+07
6.7e+06	4.78193e+06	4.95346e+06	-3.88012e+08	-1.75301e+07
6.71e+06	4.78466e+06	4.83022e+06	-3.88233e+08	-7.53038e+06
6.72e+06	4.78421e+06	4.70688e+06	-3.88197e+08	2.47749e+06
6.73e+06	4.78058e+06	4.58352e+06	-3.87902e+08	1.24868e+07
6.74e+06	4.77376e+06	4.46023e+06	-3.87349e+08	2.24909e+07
6.75e+06	4.76377e+06	4.33709e+06	-3.86538e+08	3.24832e+07
6.76e+06	4.75059e+06	4.21417e+06	-3.85469e+08	4.24569e+07
6.77e+06	4.73423e+06	4.09156e+06	-3.84141e+08	5.24052e+07
6.78e+06	4.71469e+06	3.96935e+06	-3.82556e+08	6.23216e+07
6.79e+06	4.69199e+06	3.84762e+06	-3.80714e+08	7.21993e+07
6.8e+06	4.66614e+06	3.72644e+06	-3.78616e+08	8.20315e+07
6.81e+06	4.63713e+06	3.60591e+06	-3.76263e+08	9.18116e+07
6.82e+06	4.605e+06	3.4861e+06	-3.73656e+08	1.01533e+08
6.83e+06	4.56975e+06	3.36711e+06	-3.70796e+08	1.11189e+08
6.84e+06	4.53141e+06	3.24899e+06	-3.67685e+08	1.20772e+08
6.85e+06	4.49e+06	3.13185e+06	-3.64324e+08	1.30277e+08
6.86e+06	4.44553e+06	3.01577e+06	-3.60716e+08	1.39697e+08
6.87e+06	4.39804e+06	2.90081e+06	-3.56863e+08	1.49024e+08
6.88e+06	4.34755e+06	2.78707e+06	-3.52766e+08	1.58254e+08
6.89e+06	4.29409e+06	2.67462e+06	-3.48428e+08	1.67378e+08
6.9e+06	4.23769e+06	2.56354e+06	-3.43852e+08	1.76391e+08
6.91e+06	4.17839e+06	2.45391e+06	-3.3904e+08	1.85286e+08
6.92e+06	4.11623e+06	2.34581e+06	-3.33996e+08	1.94058e+08
6.93e+06	4.05123e+06	2.23931e+06	-3.28722e+08	2.02699e+08
6.94e+06	3.98345e+06	2.13449e+06	-3.23222e+08	2.11205e+08
6.95e+06	3.91292e+06	2.03143e+06	-3.175e+08	2.19567e+08
6.96e+06	3.8397e+06	1.93019e+06	-3.11558e+08	2.27782e+08
6.97e+06	3.76381e+06	1.83085e+06	-3.05401e+08	2.35842e+08
6.98e+06	3.68533e+06	1.73349e+06	-2.99032e+08	2.43743e+08
6.99e+06	3.60429e+06	1.63816e+06	-2.92457e+08	2.51477e+08
7e+06	3.52075e+06	1.54495e+06	-2.85678e+08	2.59041e+08
7.01e+06	3.43476e+06	1.45392e+06	-2.78701e+08	2.66427e+08
7.02e+06	3.34638e+06	1.36513e+06	-2.7153e+08	2.73632e+08
7.03e+06	3.25567e+06	1.27865e+06	-2.64169e+08	2.80649e+08
7.04e+06	3.16269e+06	1.19454e+06	-2.56625e+08	2.87474e+08
7.05e+06	3.0675e+06	1.11286e+06	-2.48901e+08	2.94101e+08
7.06e+06	2.97017e+06	1.03368e+06	-2.41003e+08	3.00526e+08
7.07e+06	2.87076e+06	957056	-2.32937e+08	3.06743e+08
7.08e+06	2.76933e+06	883036	-2.24707e+08	3.12749e+08
7.09e+06	2.66596e+06	811680	-2.1632e+08	3.18539e+08
7.1e+06	2.56073e+06	743039	-2.07781e+08	3.24109e+08
7.11e+06	2.45369e+06	677166	-1.99095e+08	3.29454e+08
7.12e+06	2.34492e+06	614108	-1.9027e+08	3.3457e+08
7.13e+06	2.23451e+06	553913	-1.81311e+08	3.39455e+08
7.14e+06	2.12252e+06	496625	-1.72224e+08	3.44103e+08
7.15e+06	2.00903e+06	442288	-1.63015e+08	3.48512e+08
7.16e+06	1.89413e+06	390942	-1.53692e+08	3.52678e+08
7.17e+06	1.77788e+06	342625	-1.4426e+08	3.56599e+08
7.18e+06	1.66038e+06	297374	-1.34726e+08	3.60271e+08
7.19e+06	1.54171e+06	255223	-1.25096e+08	3.63691e+08
7.2e+06	1.42194e+06	216203	-1.15378e+08	3.66857e+08
7.21e+06	1.30117e+06	180343	-1.05579e+08	3.69767e+08
7.22e+06	1.17948e+06	147672	-9.57042e+07	3.72418e+08
7.23e+06	1.05695e+06	118213	-8.5762e+07	3.74808e+08
7.24e+06	933666	91988.2	-7.57589e+07	3.76936e+08
7.25e+06	809724	69018.1	-6.57021e+07	3.788e+08
7.26e+06	685208	49319.8	-5.55986e+07	3.80398e+08
7.27e+06	560205	32908.3	-4.54557e+07	3.8173e+08
7.28e+06	434804	19795.8	-3.52806e+07	3.82794e+08
7.29e+06	309095	9992.47	-2.50803e+07	3.83589e+08
7.3e+06	183166	3505.6	-1.48623e+07	3.84116e+08
7.31e+06	57106.7	340.128	-4.63371e+06	3.84372e+08
7.32e+06	-68992.9	498.469	5.59818e+06	3.8436e+08
7.33e+06	-195043	3980.5	1.58261e+07	3.84077e+08
7.34e+06	-320956	10783.6	2.60428e+07	3.83525e+08
7.35e+06	-446640	20902.6	3.62409e+07	3.82704e+08
7.36e+06	-572007	34329.8	4.64134e+07	3.81614e+08
7.37e+06	-696967	51055.2	5.65528e+07	3.80257e+08
7.38e+06	-821434	71065.9	6.66522e+07	3.78634e+08
7.39e+06	-945317	94347	7.67042e+07	3.76745e+08
7.4e+06	-1.06853e+06	120881	8.67019e+07	3.74592e+08
7.41e+06	-1.19098e+06	150647	9.6638e+07	3.72176e+08
7.42e+06	-1.3126e+06	183624	1.06506e+08	3.69501e+08
7.43e+06	-1.43328e+06	219786	1.16298e+08	3.66566e+08
7.44e+06	-1.55294e+06	259106	1.26008e+08	3.63376e+08
7.45e+06	-1.67151e+06	301555	1.35628e+08	3.59931e+08
7.46e+06	-1.78889e+06	347100	1.45153e+08	3.56236e+08
7.47e+06	-1.90501e+06	395708	1.54575e+08	3.52292e+08
7.48e+06	-2.01979e+06	447341	1.63888e+08	3.48102e+08
7.49e+06	-2.13314e+06	501962	1.73086e+08	3.4367e+08
7.5e+06	-2.24498e+06	559530	1.82161e+08	3.38999e+08
7.51e+06	-2.35525e+06	620001	1.91108e+08	3.34092e+08
7.52e+06	-2.46385e+06	683330	1.9992e+08	3.28954e+08
7.53e+06	-2.57072e+06	749471	2.08592e+08	3.23587e+08
7.54e+06	-2.67579e+06	818374	2.17117e+08	3.17996e+08
7.55e+06	-2.77897e+06	889988	2.25489e+08	3.12185e+08
7.56e+06	-2.88021e+06	964260	2.33704e+08	3.06159e+08
7.57e+06	-2.97943e+06	1.04114e+06	2.41755e+08	2.99921e+08
7.58e+06	-3.07656e+06	1.12056e+06	2.49636e+08	2.93476e+08
7.59e+06	-3.17154e+06	1.20247e+06	2.57343e+08	2.8683e+08
7.6e+06	-3.26431e+06	1.28681e+06	2.6487e+08	2.79987e+08
7.61e+06	-3.3548e+06	1.37351e+06	2.72213e+08	2.72951e+08
7.62e+06	-3.44295e+06	1.46252e+06	2.79366e+08	2.65729e+08
7.63e+06	-3.52871e+06	1.55377e+06	2.86324e+08	2.58325e+08
7.64e+06	-3.61202e+06	1.64719e+06	2.93084e+08	2.50745e+08
7.65e+06	-3.69282e+06	1.74271e+06	2.9964e+08	2.42994e+08
7.66e+06	-3.77106e+06	1.84027e+06	3.05989e+08	2.35078e+08
7.67e+06	-3.84669e+06	1.93979e+06	3.12126e+08	2.27003e+08
7.68e+06	-3.91966e+06	2.04121e+06	3.18047e+08	2.18773e+08
7.69e+06	-3.98993e+06	2.14445e+06	3.23748e+08	2.10396e+08
7.7e+06	-4.05745e+06	2.24944e+06	3.29227e+08	2.01878e+08
7.71e+06	-4.12218e+06	2.35609e+06	3.34479e+08	1.93223e+08
7.72e+06	-4.18407e+06	2.46435e+06	3.39501e+08	1.8444e+08
7.73e+06	-4.24309e+06	2.57412e+06	3.4429e+08	1.75532e+08
7.74e+06	-4.29921e+06	2.68534e+06	3.48844e+08	1.66508e+08
7.75e+06	-4.35239e+06	2.79792e+06	3.53159e+08	1.57373e+08
7.76e+06	-4.4026e+06	2.91178e+06	3.57232e+08	1.48134e+08
7.77e+06	-4.4498e+06	3.02685e+06	3.61063e+08	1.38797e+08
7.78e+06	-4.49398e+06	3.14305e+06	3.64647e+08	1.29369e+08
7.79e+06	-4.5351e+06	3.26029e+06	3.67984e+08	1.19856e+08
7.8e+06	-4.57314e+06	3.37849e+06	3.71071e+08	1.10265e+08
7.81e+06	-4.60809e+06	3.49758e+06	3.73907e+08	1.00602e+08
7.82e+06	-4.63993e+06	3.61746e+06	3.7649e+08	9.08746e+07
7.83e+06	-4.66863e+06	3.73806e+06	3.78819e+08	8.1089e+07
7.84e+06	-4.69418e+06	3.85929e+06	3.80892e+08	7.12518e+07
7.85e+06	-4.71658e+06	3.98108e+06	3.82709e+08	6.13699e+07
7.86e+06	-4.73581e+06	4.10334e+06	3.8427e+08	5.14499e+07
7.87e+06	-4.75186e+06	4.22598e+06	3.85573e+08	4.14985e+07
7.88e+06	-4.76474e+06	4.34893e+06	3.86617e+08	3.15225e+07
7.89e+06	-4.77443e+06	4.47209e+06	3.87403e+08	2.15285e+07
7.9e+06	-4.78094e+06	4.5954e+06	3.87931e+08	1.15233e+07
7.91e+06	-4.78426e+06	4.71876e+06	3.88201e+08	1.51359e+06
7.92e+06	-4.7844e+06	4.8421e+06	3.88213e+08	-8.49405e+06
7.93e+06	-4.78137e+06	4.96533e+06	3.87967e+08	-1.8493e+07
7.94e+06	-4.77517e+06	5.08836e+06	3.87464e+08	-2.84765e+07
7.95e+06	-4.76581e+06	5.21113e+06	3.86704e+08	-3.84381e+07
7.96e+06	-4.75331e+06	5.33355e+06	3.8569e+08	-4.83713e+07
7.97e+06	-4.73767e+06	5.45554e+06	3.84421e+08	-5.82695e+07
7.98e+06	-4.71892e+06	5.57702e+06	3.82899e+08	-6.81263e+07
7.99e+06	-4.69707e+06	5.6979e+06	3.81126e+08	-7.79353e+07
8e+06	-4.67214e+06	5.81812e+06	3.79103e+08	-8.76901e+07
8.01e+06	-4.64415e+06	5.9376e+06	3.76832e+08	-9.73844e+07
8.02e+06	-4.61312e+06	6.05625e+06	3.74314e+08	-1.07012e+08
8.03e+06	-4.57908e+06	6.17401e+06	3.71553e+08	-1.16567e+08
8.04e+06	-4.54206e+06	6.29079e+06	3.68549e+08	-1.26043e+08
8.05e+06	-4.50209e+06	6.40652e+06	3.65305e+08	-1.35433e+08
8.06e+06	-4.45919e+06	6.52113e+06	3.61825e+08	-1.44733e+08
8.07e+06	-4.41341e+06	6.63455e+06	3.58109e+08	-1.53936e+08
8.08e+06	-4.36476e+06	6.7467e+06	3.54162e+08	-1.63036e+08
8.09e+06	-4.3133e+06	6.85752e+06	3.49986e+08	-1.72028e+08
8.1e+06	-4.25905e+06	6.96693e+06	3.45585e+08	-1.80906e+08
8.11e+06	-4.20205e+06	7.07487e+06	3.4096e+08	-1.89664e+08
8.12e+06	-4.14236e+06	7.18127e+06	3.36116e+08	-1.98297e+08
8.13e+06	-4.08e+06	7.28606e+06	3.31057e+08	-2.068e+08
8.14e+06	-4.01503e+06	7.38918e+06	3.25784e+08	-2.15167e+08
8.15e+06	-3.94748e+06	7.49056e+06	3.20304e+08	-2.23394e+08
8.16e+06	-3.87741e+06	7.59014e+06	3.14618e+08	-2.31474e+08
8.17e+06	-3.80486e+06	7.68787e+06	3.08731e+08	-2.39404e+08
8.18e+06	-3.72988e+06	7.78368e+06	3.02647e+08	-2.47178e+08
8.19e+06	-3.65253e+06	7.8775e+06	2.96371e+08	-2.54791e+08
8.2e+06	-3.57285e+06	7.9693e+06	2.89906e+08	-2.62239e+08
8.21e+06	-3.4909e+06	8.059e+06	2.83256e+08	-2.69518e+08
8.22e+06	-3.40674e+06	8.14656e+06	2.76427e+08	-2.76622e+08
8.23e+06	-3.32041e+06	8.23192e+06	2.69423e+08	-2.83549e+08
8.24e+06	-3.23199e+06	8.31503e+06	2.62248e+08	-2.90292e+08
8.25e+06	-3.14152e+06	8.39584e+06	2.54907e+08	-2.9685e+08
8.26e+06	-3.04906e+06	8.47431e+06	2.47405e+08	-3.03216e+08
8.27e+06	-2.95468e+06	8.55038e+06	2.39747e+08	-3.09389e+08
8.28e+06	-2.85844e+06	8.624e+06	2.31938e+08	-3.15363e+08
8.29e+06	-2.7604e+06	8.69515e+06	2.23982e+08	-3.21136e+08
8.3e+06	-2.66062e+06	8.76377e+06	2.15886e+08	-3.26704e+08
8.31e+06	-2.55917e+06	8.82982e+06	2.07654e+08	-3.32063e+08
8.32e+06	-2.45611e+06	8.89326e+06	1.99292e+08	-3.37211e+08
8.33e+06	-2.3515e+06	8.95406e+06	1.90804e+08	-3.42144e+08
8.34e+06	-2.24543e+06	9.01218e+06	1.82197e+08	-3.4686e+08
8.35e+06	-2.13795e+06	9.06759e+06	1.73476e+08	-3.51356e+08
8.36e+06	-2.02913e+06	9.12025e+06	1.64646e+08	-3.55629e+08
8.37e+06	-1.91904e+06	9.17013e+06	1.55713e+08	-3.59676e+08
8.38e+06	-1.80775e+06	9.2172e+06	1.46683e+08	-3.63496e+08
8.39e+06	-1.69533e+06	9.26144e+06	1.37561e+08	-3.67085e+08
8.4e+06	-1.58185e+06	9.30282e+06	1.28353e+08	-3.70443e+08
8.41e+06	-1.46739e+06	9.34131e+06	1.19066e+08	-3.73566e+08
8.42e+06	-1.35201e+06	9.3769e+06	1.09703e+08	-3.76454e+08
8.43e+06	-1.23578e+06	9.40955e+06	1.00273e+08	-3.79103e+08
8.44e+06	-1.11879e+06	9.43926e+06	9.078e+07	-3.81514e+08
8.45e+06	-1.0011e+06	9.46601e+06	8.12305e+07	-3.83684e+08
8.46e+06	-882787	9.48978e+06	7.16305e+07	-3.85613e+08
8.47e+06	-763924	9.51055e+06	6.19858e+07	-3.87298e+08
8.48e+06	-644586	9.52831e+06	5.23026e+07	-3.8874e+08
8.49e+06	-524847	9.54306e+06	4.25868e+07	-3.89937e+08
8.5e+06	-404782	9.55479e+06	3.28445e+07	-3.90888e+08
8.51e+06	-284465	9.56348e+06	2.30819e+07	-3.91593e+08
8.52e+06	-163971	9.56914e+06	1.33048e+07	-3.92052e+08
8.53e+06	-43375.1	9.57175e+06	3.51951e+06	-3.92265e+08
8.54e+06	77247.8	9.57133e+06	-6.26798e+06	-3.9223e+08
8.55e+06	197823	9.56786e+06	-1.60516e+07	-3.91949e+08
8.56e+06	318274	9.56135e+06	-2.58252e+07	-3.91421e+08
8.57e+06	438528	9.55181e+06	-3.55828e+07	-3.90647e+08
8.58e+06	558510	9.53924e+06	-4.53182e+07	-3.89627e+08
8.59e+06	678143	9.52365e+06	-5.50254e+07	-3.88361e+08
8.6e+06	797355	9.50504e+06	-6.46984e+07	-3.86851e+08
8.61e+06	916071	9.48343e+06	-7.43312e+07	-3.85098e+08
8.62e+06	1.03422e+06	9.45883e+06	-8.39177e+07	-3.83102e+08
8.63e+06	1.15172e+06	9.43125e+06	-9.34519e+07	-3.80864e+08
8.64e+06	1.2685e+06	9.40072e+06	-1.02928e+08	-3.78386e+08
8.65e+06	1.3845e+06	9.36724e+06	-1.1234e+08	-3.7567e+08
8.66e+06	1.49963e+06	9.33084e+06	-1.21682e+08	-3.72716e+08
8.67e+06	1.61382e+06	9.29153e+06	-1.30948e+08	-3.69527e+08
8.68e+06	1.72701e+06	9.24935e+06	-1.40132e+08	-3.66105e+08
8.69e+06	1.83912e+06	9.20432e+06	-1.49228e+08	-3.62451e+08
8.7e+06	1.95008e+06	9.15646e+06	-1.58232e+08	-3.58567e+08
8.71e+06	2.05982e+06	9.1058e+06	-1.67136e+08	-3.54456e+08
8.72e+06	2.16827e+06	9.05237e+06	-1.75936e+08	-3.50121e+08
8.73e+06	2.27536e+06	8.9962e+06	-1.84626e+08	-3.45564e+08
8.74e+06	2.38103e+06	8.93733e+06	-1.932e+08	-3.40787e+08
8.75e+06	2.48521e+06	8.87579e+06	-2.01653e+08	-3.35793e+08
8.76e+06	2.58782e+06	8.81161e+06	-2.09979e+08	-3.30586e+08
8.77e+06	2.68881e+06	8.74484e+06	-2.18174e+08	-3.25168e+08
8.78e+06	2.78811e+06	8.67551e+06	-2.26231e+08	-3.19543e+08
8.79e+06	2.88566e+06	8.60367e+06	-2.34146e+08	-3.13713e+08
8.8e+06	2.98138e+06	8.52936e+06	-2.41913e+08	-3.07683e+08
8.81e+06	3.07523e+06	8.45262e+06	-2.49528e+08	-3.01456e+08
8.82e+06	3.16714e+06	8.37349e+06	-2.56985e+08	-2.95036e+08
8.83e+06	3.25704e+06	8.29203e+06	-2.6428e+08	-2.88427e+08
8.84e+06	3.34488e+06	8.20829e+06	-2.71408e+08	-2.81631e+08
8.85e+06	3.43061e+06	8.12231e+06	-2.78364e+08	-2.74655e+08
8.86e+06	3.51415e+06	8.03415e+06	-2.85143e+08	-2.67502e+08
8.87e+06	3.59547e+06	7.94386e+06	-2.91741e+08	-2.60175e+08
8.88e+06	3.6745e+06	7.85149e+06	-2.98154e+08	-2.5268e+08
8.89e+06	3.7512e+06	7.75711e+06	-3.04377e+08	-2.45022e+08
8.9e+06	3.8255e+06	7.66076e+06	-3.10406e+08	-2.37204e+08
8.91e+06	3.89736e+06	7.56251e+06	-3.16237e+08	-2.29232e+08
8.92e+06	3.96673e+06	7.46242e+06	-3.21866e+08	-2.21111e+08
8.93e+06	4.03356e+06	7.36055e+06	-3.27288e+08	-2.12845e+08
8.94e+06	4.09781e+06	7.25696e+06	-3.32501e+08	-2.04439e+08
8.95e+06	4.15943e+06	7.15172e+06	-3.37501e+08	-1.959e+08
8.96e+06	4.21837e+06	7.04489e+06	-3.42284e+08	-1.87231e+08
8.97e+06	4.2746e+06	6.93653e+06	-3.46847e+08	-1.78439e+08
8.98e+06	4.32807e+06	6.82673e+06	-3.51186e+08	-1.69529e+08
8.99e+06	4.37875e+06	6.71553e+06	-3.55298e+08	-1.60507e+08
9e+06	4.4266e+06	6.60302e+06	-3.5918e+08	-1.51378e+08
9.01e+06	4.47159e+06	6.48926e+06	-3.6283e+08	-1.42147e+08
9.02e+06	4.51367e+06	6.37434e+06	-3.66245e+08	-1.32822e+08
9.03e+06	4.55282e+06	6.25831e+06	-3.69422e+08	-1.23407e+08
9.04e+06	4.58901e+06	6.14125e+06	-3.72358e+08	-1.13909e+08
9.05e+06	4.62221e+06	6.02324e+06	-3.75052e+08	-1.04333e+08
9.06e+06	4.65239e+06	5.90435e+06	-3.77501e+08	-9.46868e+07
9.07e+06	4.67953e+06	5.78466e+06	-3.79703e+08	-8.49752e+07
9.08e+06	4.7036e+06	5.66425e+06	-3.81657e+08	-7.52049e+07
9.09e+06	4.72459e+06	5.5432e+06	-3.8336e+08	-6.53822e+07
9.1e+06	4.74248e+06	5.42157e+06	-3.84811e+08	-5.55135e+07
9.11e+06	4.75724e+06	5.29946e+06	-3.86009e+08	-4.56052e+07
9.12e+06	4.76887e+06	5.17694e+06	-3.86952e+08	-3.56637e+07
9.13e+06	4.77735e+06	5.05409e+06	-3.8764e+08	-2.56955e+07
9.14e+06	4.78266e+06	4.93099e+06	-3.88072e+08	-1.57073e+07
9.15e+06	4.78481e+06	4.80773e+06	-3.88246e+08	-5.70557e+06
9.16e+06	4.78378e+06	4.68438e+06	-3.88162e+08	4.30306e+06
9.17e+06	4.77957e+06	4.56103e+06	-3.87821e+08	1.43119e+07
9.18e+06	4.77218e+06	4.43776e+06	-3.87221e+08	2.43144e+07
9.19e+06	4.7616e+06	4.31465e+06	-3.86363e+08	3.43038e+07
9.2e+06	4.74784e+06	4.19178e+06	-3.85246e+08	4.42733e+07
9.21e+06	4.7309e+06	4.06924e+06	-3.83871e+08	5.42163e+07
9.22e+06	4.71079e+06	3.94711e+06	-3.8224e+08	6.41262e+07
9.23e+06	4.68751e+06	3.82547e+06	-3.80351e+08	7.3996e+07
9.24e+06	4.66108e+06	3.70441e+06	-3.78206e+08	8.38193e+07
9.25e+06	4.63151e+06	3.58401e+06	-3.75806e+08	9.35891e+07
9.26e+06	4.5988e+06	3.46434e+06	-3.73153e+08	1.03299e+08
9.27e+06	4.56299e+06	3.3455e+06	-3.70247e+08	1.12942e+08
9.28e+06	4.52409e+06	3.22756e+06	-3.6709e+08	1.22512e+08
9.29e+06	4.48211e+06	3.1106e+06	-3.63685e+08	1.32002e+08
9.3e+06	4.43709e+06	2.99471e+06	-3.60032e+08	1.41405e+08
9.31e+06	4.38905e+06	2.87997e+06	-3.56133e+08	1.50715e+08
9.32e+06	4.33802e+06	2.76646e+06	-3.51992e+08	1.59926e+08
9.33e+06	4.28402e+06	2.65426e+06	-3.47611e+08	1.6903e+08
9.34e+06	4.22709e+06	2.54344e+06	-3.42992e+08	1.78022e+08
9.35e+06	4.16727e+06	2.43408e+06	-3.38137e+08	1.86896e+08
9.36e+06	4.10458e+06	2.32626e+06	-3.33051e+08	1.95644e+08
9.37e+06	4.03908e+06	2.22007e+06	-3.27736e+08	2.04261e+08
9.38e+06	3.97079e+06	2.11556e+06	-3.22195e+08	2.12741e+08
9.39e+06	3.89977e+06	2.01282e+06	-3.16432e+08	2.21077e+08
9.4e+06	3.82605e+06	1.91193e+06	-3.10451e+08	2.29264e+08
9.41e+06	3.74969e+06	1.81295e+06	-3.04255e+08	2.37295e+08
9.42e+06	3.67074e+06	1.71595e+06	-2.97848e+08	2.45166e+08
9.43e+06	3.58924e+06	1.621e+06	-2.91235e+08	2.5287e+08
9.44e+06	3.50524e+06	1.52818e+06	-2.8442e+08	2.60401e+08
9.45e+06	3.41882e+06	1.43755e+06	-2.77407e+08	2.67755e+08
9.46e+06	3.33001e+06	1.34918e+06	-2.70201e+08	2.74926e+08
9.47e+06	3.23888e+06	1.26313e+06	-2.62807e+08	2.81908e+08
9.48e+06	3.14549e+06	1.17946e+06	-2.55229e+08	2.88697e+08
9.49e+06	3.04991e+06	1.09824e+06	-2.47474e+08	2.95288e+08
9.5e+06	2.95219e+06	1.01952e+06	-2.39545e+08	3.01675e+08
9.51e+06	2.85241e+06	943360	-2.31448e+08	3.07855e+08
9.52e+06	2.75062e+06	869822	-2.23189e+08	3.13821e+08
9.53e+06	2.64691e+06	798957	-2.14774e+08	3.19572e+08
9.54e+06	2.54134e+06	730818	-2.06207e+08	3.25101e+08
9.55e+06	2.43398e+06	665454	-1.97496e+08	3.30404e+08
9.56e+06	2.32491e+06	602915	-1.88646e+08	3.35479e+08
9.57e+06	2.2142e+06	543247	-1.79663e+08	3.4032e+08
9.58e+06	2.10193e+06	486494	-1.70553e+08	3.44925e+08
9.59e+06	1.98818e+06	432699	-1.61323e+08	3.4929e+08
9.6e+06	1.87302e+06	381903	-1.51979e+08	3.53412e+08
9.61e+06	1.75654e+06	334143	-1.42528e+08	3.57287e+08
9.62e+06	1.63882e+06	289454	-1.32976e+08	3.60913e+08
9.63e+06	1.51994e+06	247872	-1.2333e+08	3.64287e+08
9.64e+06	1.39999e+06	209426	-1.13597e+08	3.67407e+08
9.65e+06	1.27904e+06	174146	-1.03783e+08	3.7027e+08
9.66e+06	1.15719e+06	142059	-9.38958e+07	3.72873e+08
9.67e+06	1.03452e+06	113188	-8.39419e+07	3.75216e+08
9.68e+06	911109	87555.7	-7.39285e+07	3.77296e+08
9.69e+06	787055	65181.1	-6.38627e+07	3.79111e+08
9.7e+06	662443	46081.3	-5.37515e+07	3.80661e+08
9.71e+06	537361	30270.5	-4.36022e+07	3.81944e+08
9.72e+06	411898	17760.9	-3.34219e+07	3.82959e+08
9.73e+06	286142	8561.96	-2.32179e+07	3.83705e+08
9.74e+06	160182	2680.54	-1.29974e+07	3.84182e+08
9.75e+06	34109.3	121.159	-2.76767e+06	3.8439e+08
9.76e+06	-91988	885.75	7.46403e+06	3.84328e+08
9.77e+06	-218020	4973.74	1.76904e+07	3.83996e+08
9.78e+06	-343897	12382	2.79043e+07	3.83395e+08
9.79e+06	-469530	23105	3.80983e+07	3.82525e+08
9.8e+06	-594830	37134.6	4.82652e+07	3.81387e+08
9.81e+06	-719707	54460.2	5.83979e+07	3.79981e+08
9.82e+06	-844073	75068.6	6.84892e+07	3.78309e+08
9.83e+06	-967841	98944.2	7.85318e+07	3.76372e+08
9.84e+06	-1.09092e+06	126069	8.85188e+07	3.74171e+08
9.85e+06	-1.21323e+06	156423	9.8443e+07	3.71708e+08
9.86e+06	-1.33468e+06	189982	1.08297e+08	3.68985e+08
9.87e+06	-1.45518e+06	226722	1.18075e+08	3.66003e+08
9.88e+06	-1.57465e+06	266615	1.27769e+08	3.62766e+08
9.89e+06	-1.69301e+06	309631	1.37373e+08	3.59276e+08
9.9e+06	-1.81017e+06	355738	1.46879e+08	3.55535e+08
9.91e+06	-1.92605e+06	404900	1.56282e+08	3.51546e+08
9.92e+06	-2.04057e+06	457081	1.65575e+08	3.47312e+08
9.93e+06	-2.15365e+06	512243	1.7475e+08	3.42836e+08
9.94e+06	-2.26521e+06	570343	1.83802e+08	3.38122e+08
9.95e+06	-2.37518e+06	631339	1.92725e+08	3.33172e+08
9.96e+06	-2.48347e+06	695185	2.01512e+08	3.27992e+08
9.97e+06	-2.59002e+06	761833	2.10158e+08	3.22584e+08
9.98e+06	-2.69475e+06	831234	2.18655e+08	3.16953e+08
9.99e+06	-2.79758e+06	903337	2.26999e+08	3.11102e+08
1e+07	-2.89846e+06	978088	2.35184e+08	3.05037e+08
1.001e+07	-2.9973e+06	1.05543e+06	2.43205e+08	2.98761e+08
1.002e+07	-3.09404e+06	1.13531e+06	2.51055e+08	2.92279e+08
1.003e+07	-3.18863e+06	1.21767e+06	2.58729e+08	2.85597e+08
1.004e+07	-3.28099e+06	1.30245e+06	2.66223e+08	2.78718e+08
1.005e+07	-3.37105e+06	1.38958e+06	2.73532e+08	2.71648e+08
1.006e+07	-3.45878e+06	1.479e+06	2.8065e+08	2.64392e+08
1.007e+07	-3.54409e+06	1.57065e+06	2.87572e+08	2.56956e+08
1.008e+07	-3.62694e+06	1.66445e+06	2.94295e+08	2.49344e+08
1.009e+07	-3.70728e+06	1.76035e+06	3.00814e+08	2.41563e+08
1.01e+07	-3.78505e+06	1.85828e+06	3.07124e+08	2.33617e+08
1.011e+07	-3.8602e+06	1.95815e+06	3.13222e+08	2.25513e+08
1.012e+07	-3.93268e+06	2.05991e+06	3.19103e+08	2.17256e+08
1.013e+07	-4.00245e+06	2.16347e+06	3.24764e+08	2.08853e+08
1.014e+07	-4.06946e+06	2.26877e+06	3.30202e+08	2.00309e+08
1.015e+07	-4.13368e+06	2.37572e+06	3.35412e+08	1.91631e+08
1.016e+07	-4.19505e+06	2.48426e+06	3.40392e+08	1.82824e+08
1.017e+07	-4.25355e+06	2.5943e+06	3.45138e+08	1.73895e+08
1.018e+07	-4.30913e+06	2.70577e+06	3.49648e+08	1.6485e+08
1.019e+07	-4.36177e+06	2.81859e+06	3.5392e+08	1.55696e+08
1.02e+07	-4.41143e+06	2.93268e+06	3.57949e+08	1.46438e+08
1.021e+07	-4.45808e+06	3.04796e+06	3.61735e+08	1.37084e+08
1.022e+07	-4.5017e+06	3.16436e+06	3.65274e+08	1.2764e+08
1.023e+07	-4.54227e+06	3.28178e+06	3.68566e+08	1.18112e+08
1.024e+07	-4.57975e+06	3.40015e+06	3.71607e+08	1.08508e+08
1.025e+07	-4.61413e+06	3.51938e+06	3.74397e+08	9.88327e+07
1.026e+07	-4.6454e+06	3.6394e+06	3.76933e+08	8.90941e+07
1.027e+07	-4.67352e+06	3.76013e+06	3.79216e+08	7.92985e+07
1.028e+07	-4.6985e+06	3.88147e+06	3.81243e+08	6.94527e+07
1.029e+07	-4.72032e+06	4.00335e+06	3.83013e+08	5.95633e+07
1.03e+07	-4.73898e+06	4.12568e+06	3.84527e+08	4.96371e+07
1.031e+07	-4.75445e+06	4.24838e+06	3.85782e+08	3.96807e+07
1.032e+07	-4.76674e+06	4.37137e+06	3.8678e+08	2.97009e+07
1.033e+07	-4.77585e+06	4.49457e+06	3.87519e+08	1.97044e+07
1.034e+07	-4.78178e+06	4.6179e+06	3.88e+08	9.69793e+06
1.035e+07	-4.78452e+06	4.74126e+06	3.88222e+08	-311931
1.036e+07	-4.78409e+06	4.86458e+06	3.88187e+08	-1.03185e+07
1.037e+07	-4.78048e+06	4.98778e+06	3.87894e+08	-2.03151e+07
1.038e+07	-4.7737e+06	5.11078e+06	3.87344e+08	-3.02951e+07
1.039e+07	-4.76377e+06	5.23349e+06	3.86538e+08	-4.02521e+07
1.04e+07	-4.75069e+06	5.35583e+06	3.85477e+08	-5.01793e+07
1.041e+07	-4.73449e+06	5.47773e+06	3.84162e+08	-6.00705e+07
1.042e+07	-4.71517e+06	5.59911e+06	3.82595e+08	-6.9919e+07
1.043e+07	-4.69275e+06	5.71988e+06	3.80776e+08	-7.97186e+07
1.044e+07	-4.66726e+06	5.83997e+06	3.78707e+08	-8.94628e+07
1.045e+07	-4.63871e+06	5.9593e+06	3.76391e+08	-9.91455e+07
1.046e+07	-4.60714e+06	6.0778e+06	3.73829e+08	-1.0876e+08
1.047e+07	-4.57255e+06	6.19538e+06	3.71023e+08	-1.18301e+08
1.048e+07	-4.53499e+06	6.31197e+06	3.67975e+08	-1.27762e+08
1.049e+07	-4.49448e+06	6.42751e+06	3.64688e+08	-1.37136e+08
1.05e+07	-4.45106e+06	6.54191e+06	3.61165e+08	-1.46419e+08
1.051e+07	-4.40475e+06	6.6551e+06	3.57407e+08	-1.55604e+08
1.052e+07	-4.35558e+06	6.76702e+06	3.53418e+08	-1.64684e+08
1.053e+07	-4.30361e+06	6.87758e+06	3.492e+08	-1.73656e+08
1.054e+07	-4.24886e+06	6.98673e+06	3.44758e+08	-1.82512e+08
1.055e+07	-4.19137e+06	7.09439e+06	3.40093e+08	-1.91248e+08
1.056e+07	-4.13118e+06	7.2005e+06	3.3521e+08	-1.99858e+08
1.057e+07	-4.06834e+06	7.30499e+06	3.30111e+08	-2.08337e+08
1.058e+07	-4.0029e+06	7.4078e+06	3.248e+08	-2.16678e+08
1.059e+07	-3.93489e+06	7.50886e+06	3.19282e+08	-2.24878e+08
1.06e+07	-3.86436e+06	7.60811e+06	3.13559e+08	-2.32932e+08
1.061e+07	-3.79136e+06	7.70549e+06	3.07636e+08	-2.40833e+08
1.062e+07	-3.71595e+06	7.80094e+06	3.01517e+08	-2.48578e+08
1.063e+07	-3.63817e+06	7.8944e+06	2.95206e+08	-2.56162e+08
1.064e+07	-3.55807e+06	7.98582e+06	2.88707e+08	-2.63579e+08
1.065e+07	-3.47572e+06	8.07513e+06	2.82024e+08	-2.70827e+08
1.066e+07	-3.39115e+06	8.16229e+06	2.75163e+08	-2.77899e+08
1.067e+07	-3.30444e+06	8.24725e+06	2.68127e+08	-2.84792e+08
1.068e+07	-3.21564e+06	8.32994e+06	2.60921e+08	-2.91502e+08
1.069e+07	-3.1248e+06	8.41033e+06	2.53551e+08	-2.98025e+08
1.07e+07	-3.03199e+06	8.48836e+06	2.4602e+08	-3.04357e+08
1.071e+07	-2.93727e+06	8.56399e+06	2.38334e+08	-3.10493e+08
1.072e+07	-2.84069e+06	8.63717e+06	2.30497e+08	-3.16431e+08
1.073e+07	-2.74233e+06	8.70785e+06	2.22516e+08	-3.22167e+08
1.074e+07	-2.64224e+06	8.77601e+06	2.14395e+08	-3.27697e+08
1.075e+07	-2.54049e+06	8.84158e+06	2.06138e+08	-3.33018e+08
1.076e+07	-2.43714e+06	8.90455e+06	1.97753e+08	-3.38127e+08
1.077e+07	-2.33227e+06	8.96486e+06	1.89243e+08	-3.43021e+08
1.078e+07	-2.22593e+06	9.02249e+06	1.80615e+08	-3.47697e+08
1.079e+07	-2.1182e+06	9.0774e+06	1.71873e+08	-3.52152e+08
1.08e+07	-2.00914e+06	9.12955e+06	1.63024e+08	-3.56384e+08
1.081e+07	-1.89883e+06	9.17892e+06	1.54073e+08	-3.6039e+08
1.082e+07	-1.78733e+06	9.22548e+06	1.45026e+08	-3.64168e+08
1.083e+07	-1.67471e+06	9.2692e+06	1.35888e+08	-3.67715e+08
1.084e+07	-1.56105e+06	9.31005e+06	1.26665e+08	-3.7103e+08
1.085e+07	-1.44641e+06	9.34802e+06	1.17363e+08	-3.7411e+08
1.086e+07	-1.33087e+06	9.38307e+06	1.07988e+08	-3.76955e+08
1.087e+07	-1.2145e+06	9.41519e+06	9.85462e+07	-3.79561e+08
1.088e+07	-1.09738e+06	9.44436e+06	8.90425e+07	-3.81928e+08
1.089e+07	-979566	9.47057e+06	7.94833e+07	-3.84054e+08
1.09e+07	-861148	9.49379e+06	6.98746e+07	-3.85938e+08
1.091e+07	-742193	9.51401e+06	6.02225e+07	-3.87579e+08
1.092e+07	-622776	9.53123e+06	5.05329e+07	-3.88976e+08
1.093e+07	-502972	9.54543e+06	4.08118e+07	-3.90128e+08
1.094e+07	-382855	9.5566e+06	3.10654e+07	-3.91035e+08
1.095e+07	-262501	9.56474e+06	2.12996e+07	-3.91695e+08
1.096e+07	-141982	9.56984e+06	1.15206e+07	-3.92109e+08
1.097e+07	-21376	9.5719e+06	1.73448e+06	-3.92277e+08
1.098e+07	99243.7	9.57092e+06	-8.05276e+06	-3.92197e+08
1.099e+07	219802	9.5669e+06	-1.7835e+07	-3.91871e+08
1.1e+07	340223	9.55984e+06	-2.76061e+07	-3.91298e+08
1.101e+07	460433	9.54975e+06	-3.73601e+07	-3.90479e+08
1.102e+07	580356	9.53662e+06	-4.70909e+07	-3.89414e+08
1.103e+07	699919	9.52048e+06	-5.67923e+07	-3.88104e+08
1.104e+07	819046	9.50132e+06	-6.64584e+07	-3.8655e+08
1.105e+07	937663	9.47917e+06	-7.60832e+07	-3.84752e+08
1.106e+07	1.0557e+06	9.45402e+06	-8.56606e+07	-3.82712e+08
1.107e+07	1.17307e+06	9.4259e+06	-9.51846e+07	-3.8043e+08
1.108e+07	1.28972e+06	9.39483e+06	-1.04649e+08	-3.77909e+08
1.109e+07	1.40556e+06	9.36082e+06	-1.14049e+08	-3.75149e+08
1.11e+07	1.52052e+06	9.32388e+06	-1.23377e+08	-3.72152e+08
1.111e+07	1.63454e+06	9.28406e+06	-1.32629e+08	-3.6892e+08
1.112e+07	1.74754e+06	9.24135e+06	-1.41797e+08	-3.65455e+08
1.113e+07	1.85944e+06	9.1958e+06	-1.50878e+08	-3.61759e+08
1.114e+07	1.97019e+06	9.14743e+06	-1.59863e+08	-3.57834e+08
1.115e+07	2.0797e+06	9.09626e+06	-1.68749e+08	-3.53682e+08
1.116e+07	2.18791e+06	9.04233e+06	-1.7753e+08	-3.49306e+08
1.117e+07	2.29474e+06	8.98567e+06	-1.86199e+08	-3.44709e+08
1.118e+07	2.40015e+06	8.9263e+06	-1.94751e+08	-3.39892e+08
1.119e+07	2.50404e+06	8.86428e+06	-2.03181e+08	-3.34859e+08
1.12e+07	2.60637e+06	8.79963e+06	-2.11484e+08	-3.29613e+08
1.121e+07	2.70705e+06	8.73239e+06	-2.19654e+08	-3.24157e+08
1.122e+07	2.80604e+06	8.6626e+06	-2.27685e+08	-3.18495e+08
1.123e+07	2.90325e+06	8.5903e+06	-2.35574e+08	-3.12628e+08
1.124e+07	2.99864e+06	8.51554e+06	-2.43314e+08	-3.06562e+08
1.125e+07	3.09214e+06	8.43836e+06	-2.509e+08	-3.003e+08
1.126e+07	3.18368e+06	8.35881e+06	-2.58328e+08	-2.93845e+08
1.127e+07	3.27321e+06	8.27693e+06	-2.65593e+08	-2.87201e+08
1.128e+07	3.36068e+06	8.19278e+06	-2.7269e+08	-2.80373e+08
1.129e+07	3.44601e+06	8.1064e+06	-2.79613e+08	-2.73364e+08
1.13e+07	3.52915e+06	8.01784e+06	-2.8636e+08	-2.66178e+08
1.131e+07	3.61006e+06	7.92717e+06	-2.92925e+08	-2.58821e+08
1.132e+07	3.68867e+06	7.83443e+06	-2.99303e+08	-2.51296e+08
1.133e+07	3.76493e+06	7.73968e+06	-3.05491e+08	-2.43608e+08
1.134e+07	3.83879e+06	7.64298e+06	-3.11484e+08	-2.35762e+08
1.135e+07	3.9102e+06	7.5444e+06	-3.17279e+08	-2.27762e+08
1.136e+07	3.97911e+06	7.44398e+06	-3.2287e+08	-2.19614e+08
1.137e+07	4.04547e+06	7.34179e+06	-3.28255e+08	-2.11322e+08
1.138e+07	4.10924e+06	7.23789e+06	-3.33429e+08	-2.02892e+08
1.139e+07	4.17038e+06	7.13235e+06	-3.3839e+08	-1.94328e+08
1.14e+07	4.22883e+06	7.02524e+06	-3.43133e+08	-1.85637e+08
1.141e+07	4.28456e+06	6.91661e+06	-3.47655e+08	-1.76823e+08
1.142e+07	4.33753e+06	6.80655e+06	-3.51953e+08	-1.67892e+08
1.143e+07	4.38769e+06	6.69511e+06	-3.56023e+08	-1.5885e+08
1.144e+07	4.43502e+06	6.58237e+06	-3.59863e+08	-1.49702e+08
1.145e+07	4.47948e+06	6.46839e+06	-3.63471e+08	-1.40454e+08
1.146e+07	4.52103e+06	6.35325e+06	-3.66842e+08	-1.31111e+08
1.147e+07	4.55964e+06	6.23703e+06	-3.69975e+08	-1.21681e+08
1.148e+07	4.59529e+06	6.11979e+06	-3.72868e+08	-1.12168e+08
1.149e+07	4.62794e+06	6.00162e+06	-3.75517e+08	-1.02579e+08
1.15e+07	4.65757e+06	5.88258e+06	-3.77921e+08	-9.29203e+07
1.151e+07	4.68415e+06	5.76276e+06	-3.80078e+08	-8.31975e+07
1.152e+07	4.70766e+06	5.64222e+06	-3.81986e+08	-7.34172e+07
1.153e+07	4.72809e+06	5.52106e+06	-3.83643e+08	-6.35856e+07
1.154e+07	4.7454e+06	5.39934e+06	-3.85048e+08	-5.37092e+07
1.155e+07	4.7596e+06	5.27714e+06	-3.862e+08	-4.37943e+07
1.156e+07	4.77065e+06	5.15456e+06	-3.87097e+08	-3.38475e+07
1.157e+07	4.77855e+06	5.03166e+06	-3.87738e+08	-2.38752e+07
1.158e+07	4.78329e+06	4.90852e+06	-3.88123e+08	-1.3884e+07
1.159e+07	4.78486e+06	4.78524e+06	-3.8825e+08	-3.88054e+06
1.16e+07	4.78325e+06	4.66188e+06	-3.88119e+08	6.12863e+06
1.161e+07	4.77846e+06	4.53854e+06	-3.87731e+08	1.61368e+07
1.162e+07	4.77049e+06	4.41529e+06	-3.87084e+08	2.61374e+07
1.163e+07	4.75933e+06	4.29222e+06	-3.86178e+08	3.61237e+07
1.164e+07	4.74499e+06	4.16941e+06	-3.85015e+08	4.60889e+07
1.165e+07	4.72747e+06	4.04694e+06	-3.83593e+08	5.60264e+07
1.166e+07	4.70678e+06	3.92489e+06	-3.81914e+08	6.59294e+07
1.167e+07	4.68293e+06	3.80335e+06	-3.79979e+08	7.57913e+07
1.168e+07	4.65592e+06	3.6824e+06	-3.77787e+08	8.56052e+07
1.169e+07	4.62577e+06	3.56212e+06	-3.75341e+08	9.53647e+07
1.17e+07	4.5925e+06	3.4426e+06	-3.72642e+08	1.05063e+08
1.171e+07	4.55613e+06	3.32392e+06	-3.6969e+08	1.14693e+08
1.172e+07	4.51666e+06	3.20615e+06	-3.66488e+08	1.24249e+08
1.173e+07	4.47413e+06	3.08938e+06	-3.63037e+08	1.33723e+08
1.174e+07	4.42856e+06	2.9737e+06	-3.59339e+08	1.4311e+08
1.175e+07	4.37997e+06	2.85918e+06	-3.55396e+08	1.52403e+08
1.176e+07	4.32839e+06	2.7459e+06	-3.51211e+08	1.61594e+08
1.177e+07	4.27386e+06	2.63394e+06	-3.46786e+08	1.70679e+08
1.178e+07	4.2164e+06	2.52338e+06	-3.42124e+08	1.7965e+08
1.179e+07	4.15605e+06	2.4143e+06	-3.37227e+08	1.88501e+08
1.18e+07	4.09284e+06	2.30677e+06	-3.32099e+08	1.97225e+08
1.181e+07	4.02683e+06	2.20088e+06	-3.26742e+08	2.05818e+08
1.182e+07	3.95804e+06	2.09669e+06	-3.21161e+08	2.14272e+08
1.183e+07	3.88652e+06	1.99428e+06	-3.15358e+08	2.22581e+08
1.184e+07	3.81232e+06	1.89373e+06	-3.09337e+08	2.3074e+08
1.185e+07	3.73549e+06	1.7951e+06	-3.03102e+08	2.38743e+08
1.186e+07	3.65606e+06	1.69848e+06	-2.96658e+08	2.46583e+08
1.187e+07	3.5741e+06	1.60392e+06	-2.90007e+08	2.54256e+08
1.188e+07	3.48966e+06	1.51149e+06	-2.83156e+08	2.61756e+08
1.189e+07	3.4028e+06	1.42127e+06	-2.76107e+08	2.69077e+08
1.19e+07	3.31356e+06	1.33331e+06	-2.68867e+08	2.76213e+08
1.191e+07	3.22202e+06	1.24769e+06	-2.61439e+08	2.83161e+08
1.192e+07	3.12822e+06	1.16446e+06	-2.53828e+08	2.89914e+08
1.193e+07	3.03224e+06	1.08369e+06	-2.4604e+08	2.96468e+08
1.194e+07	2.93414e+06	1.00543e+06	-2.3808e+08	3.02818e+08
1.195e+07	2.83399e+06	929752	-2.29954e+08	3.08959e+08
1.196e+07	2.73185e+06	856697	-2.21666e+08	3.14886e+08
1.197e+07	2.62779e+06	786325	-2.13222e+08	3.20597e+08
1.198e+07	2.52189e+06	718688	-2.04629e+08	3.26085e+08
1.199e+07	2.41421e+06	653836	-1.95892e+08	3.31347e+08
1.2e+07	2.30484e+06	591817	-1.87017e+08	3.36379e+08
1.201e+07	2.19384e+06	532677	-1.78011e+08	3.41178e+08
1.202e+07	2.08129e+06	476461	-1.68879e+08	3.45739e+08
1.203e+07	1.96728e+06	423211	-1.59628e+08	3.5006e+08
1.204e+07	1.85188e+06	372965	-1.50264e+08	3.54137e+08
1.205e+07	1.73516e+06	325762	-1.40794e+08	3.57967e+08
1.206e+07	1.61723e+06	281638	-1.31224e+08	3.61548e+08
1.207e+07	1.49814e+06	240625	-1.21561e+08	3.64875e+08
1.208e+07	1.378e+06	202755	-1.11813e+08	3.67948e+08
1.209e+07	1.25688e+06	168056	-1.01985e+08	3.70764e+08
1.21e+07	1.13487e+06	136553	-9.20852e+07	3.7332e+08
1.211e+07	1.01206e+06	108271	-8.212e+07	3.75615e+08
1.212e+07	888530	83231.7	-7.20965e+07	3.77646e+08
1.213e+07	764368	61453.1	-6.20218e+07	3.79414e+08
1.214e+07	639664	42952.1	-5.19031e+07	3.80915e+08
1.215e+07	514505	27742.6	-4.17476e+07	3.82149e+08
1.216e+07	388982	15836.2	-3.15625e+07	3.83115e+08
1.217e+07	263182	7241.8	-2.13549e+07	3.83812e+08
1.218e+07	137195	1965.99	-1.11322e+07	3.8424e+08
1.219e+07	11111.1	12.7577	-901571	3.84399e+08
1.22e+07	-114981	1383.58	9.3297e+06	3.84288e+08
1.221e+07	-240991	6077.42	1.95544e+07	3.83907e+08
1.222e+07	-366831	14090.7	2.97651e+07	3.83257e+08
1.223e+07	-492409	25417.5	3.99547e+07	3.82338e+08
1.224e+07	-617638	40049	5.0116e+07	3.8115e+08
1.225e+07	-742429	57974.3	6.02417e+07	3.79696e+08
1.226e+07	-866693	79179.8	7.03246e+07	3.77975e+08
1.227e+07	-990342	103650	8.03576e+07	3.7599e+08
1.228e+07	-1.11329e+06	131365	9.03336e+07	3.73741e+08
1.229e+07	-1.23545e+06	162305	1.00246e+08	3.7123e+08
1.23e+07	-1.35673e+06	196447	1.10087e+08	3.6846e+08
1.231e+07	-1.47705e+06	233764	1.1985e+08	3.65432e+08
1.232e+07	-1.59632e+06	274229	1.29528e+08	3.62149e+08
1.233e+07	-1.71447e+06	317811	1.39114e+08	3.58612e+08
1.234e+07	-1.8314e+06	364477	1.48602e+08	3.54826e+08
1.235e+07	-1.94704e+06	414193	1.57985e+08	3.50792e+08
1.236e+07	-2.0613e+06	466921	1.67257e+08	3.46513e+08
1.237e+07	-2.17411e+06	522621	1.7641e+08	3.41994e+08
1.238e+07	-2.28539e+06	581253	1.85439e+08	3.37236e+08
1.239e+07	-2.39506e+06	642772	1.94338e+08	3.32245e+08
1.24e+07	-2.50304e+06	707132	2.031e+08	3.27022e+08
1.241e+07	-2.60926e+06	774286	2.11719e+08	3.21573e+08
1.242e+07	-2.71364e+06	844184	2.20189e+08	3.15902e+08
1.243e+07	-2.81613e+06	916774	2.28504e+08	3.10012e+08
1.244e+07	-2.91664e+06	992003	2.3666e+08	3.03908e+08
1.245e+07	-3.0151e+06	1.06981e+06	2.44649e+08	2.97594e+08
1.246e+07	-3.11146e+06	1.15015e+06	2.52468e+08	2.91075e+08
1.247e+07	-3.20564e+06	1.23295e+06	2.6011e+08	2.84357e+08
1.248e+07	-3.29758e+06	1.31816e+06	2.6757e+08	2.77443e+08
1.249e+07	-3.38723e+06	1.40572e+06	2.74844e+08	2.70338e+08
1.25e+07	-3.47452e+06	1.49555e+06	2.81927e+08	2.63049e+08
1.251e+07	-3.55939e+06	1.5876e+06	2.88813e+08	2.5558e+08
1.252e+07	-3.64178e+06	1.68179e+06	2.95499e+08	2.47937e+08
1.253e+07	-3.72166e+06	1.77806e+06	3.0198e+08	2.40125e+08
1.254e+07	-3.79895e+06	1.87635e+06	3.08252e+08	2.32151e+08
1.255e+07	-3.87362e+06	1.97657e+06	3.1431e+08	2.24018e+08
1.256e+07	-3.94561e+06	2.07866e+06	3.20152e+08	2.15735e+08
1.257e+07	-4.01488e+06	2.18255e+06	3.25773e+08	2.07305e+08
1.258e+07	-4.08138e+06	2.28815e+06	3.31169e+08	1.98736e+08
1.259e+07	-4.14508e+06	2.3954e+06	3.36337e+08	1.90034e+08
1.26e+07	-4.20593e+06	2.50422e+06	3.41275e+08	1.81205e+08
1.261e+07	-4.2639e+06	2.61453e+06	3.45979e+08	1.72254e+08
1.262e+07	-4.31895e+06	2.72625e+06	3.50445e+08	1.63189e+08
1.263e+07	-4.37105e+06	2.83931e+06	3.54673e+08	1.54015e+08
1.264e+07	-4.42016e+06	2.95362e+06	3.58658e+08	1.44739e+08
1.265e+07	-4.46627e+06	3.06911e+06	3.62399e+08	1.35368e+08
1.266e+07	-4.50933e+06	3.1857e+06	3.65893e+08	1.25908e+08
1.267e+07	-4.54933e+06	3.3033e+06	3.69139e+08	1.16366e+08
1.268e+07	-4.58625e+06	3.42183e+06	3.72135e+08	1.06748e+08
1.269e+07	-4.62007e+06	3.54122e+06	3.74878e+08	9.70611e+07
1.27e+07	-4.65076e+06	3.66137e+06	3.77369e+08	8.73116e+07
1.271e+07	-4.67831e+06	3.78221e+06	3.79605e+08	7.75064e+07
1.272e+07	-4.70272e+06	3.90366e+06	3.81585e+08	6.76522e+07
1.273e+07	-4.72396e+06	4.02562e+06	3.83308e+08	5.77555e+07
1.274e+07	-4.74203e+06	4.14803e+06	3.84775e+08	4.78233e+07
1.275e+07	-4.75693e+06	4.27079e+06	3.85983e+08	3.78622e+07
1.276e+07	-4.76864e+06	4.39383e+06	3.86934e+08	2.78789e+07
1.277e+07	-4.77717e+06	4.51706e+06	3.87626e+08	1.788e+07
1.278e+07	-4.78252e+06	4.64039e+06	3.8806e+08	7.87241e+06
1.279e+07	-4.78468e+06	4.76376e+06	3.88235e+08	-2.13735e+06
1.28e+07	-4.78366e+06	4.88706e+06	3.88153e+08	-1.21426e+07
1.281e+07	-4.77948e+06	5.01023e+06	3.87813e+08	-2.21366e+07
1.282e+07	-4.77212e+06	5.13318e+06	3.87216e+08	-3.2113e+07
1.283e+07	-4.76162e+06	5.25583e+06	3.86364e+08	-4.2065e+07
1.284e+07	-4.74797e+06	5.3781e+06	3.85256e+08	-5.19861e+07
1.285e+07	-4.73119e+06	5.49991e+06	3.83895e+08	-6.187e+07
1.286e+07	-4.71131e+06	5.62118e+06	3.82282e+08	-7.17101e+07
1.287e+07	-4.68833e+06	5.74184e+06	3.80417e+08	-8.15e+07
1.288e+07	-4.66228e+06	5.86179e+06	3.78303e+08	-9.12335e+07
1.289e+07	-4.63318e+06	5.98098e+06	3.75942e+08	-1.00904e+08
1.29e+07	-4.60105e+06	6.09931e+06	3.73335e+08	-1.10506e+08
1.291e+07	-4.56592e+06	6.21672e+06	3.70485e+08	-1.20033e+08
1.292e+07	-4.52782e+06	6.33313e+06	3.67394e+08	-1.29478e+08
1.293e+07	-4.48678e+06	6.44846e+06	3.64063e+08	-1.38836e+08
1.294e+07	-4.44283e+06	6.56264e+06	3.60497e+08	-1.48101e+08
1.295e+07	-4.39599e+06	6.67561e+06	3.56696e+08	-1.57268e+08
1.296e+07	-4.34631e+06	6.78728e+06	3.52666e+08	-1.66329e+08
1.297e+07	-4.29383e+06	6.8976e+06	3.48407e+08	-1.7528e+08
1.298e+07	-4.23857e+06	7.00648e+06	3.43923e+08	-1.84115e+08
1.299e+07	-4.18059e+06	7.11386e+06	3.39219e+08	-1.92828e+08
1.3e+07	-4.11992e+06	7.21968e+06	3.34296e+08	-2.01414e+08
1.301e+07	-4.0566e+06	7.32387e+06	3.29158e+08	-2.09868e+08
1.302e+07	-3.99068e+06	7.42636e+06	3.23809e+08	-2.18185e+08
1.303e+07	-3.92221e+06	7.52709e+06	3.18253e+08	-2.26358e+08
1.304e+07	-3.85123e+06	7.62601e+06	3.12494e+08	-2.34384e+08
1.305e+07	-3.77779e+06	7.72304e+06	3.06535e+08	-2.42258e+08
1.306e+07	-3.70194e+06	7.81813e+06	3.0038e+08	-2.49973e+08
1.307e+07	-3.62373e+06	7.91122e+06	2.94034e+08	-2.57527e+08
1.308e+07	-3.54322e+06	8.00226e+06	2.87501e+08	-2.64914e+08
1.309e+07	-3.46046e+06	8.09119e+06	2.80786e+08	-2.7213e+08
1.31e+07	-3.3755e+06	8.17795e+06	2.73892e+08	-2.7917e+08
1.311e+07	-3.2884e+06	8.2625e+06	2.66825e+08	-2.8603e+08
1.312e+07	-3.19922e+06	8.34478e+06	2.59589e+08	-2.92706e+08
1.313e+07	-3.10802e+06	8.42474e+06	2.52189e+08	-2.99194e+08
1.314e+07	-3.01486e+06	8.50233e+06	2.44629e+08	-3.0549e+08
1.315e+07	-2.91979e+06	8.57752e+06	2.36916e+08	-3.11591e+08
1.316e+07	-2.82288e+06	8.65025e+06	2.29052e+08	-3.17492e+08
1.317e+07	-2.7242e+06	8.72047e+06	2.21045e+08	-3.23191e+08
1.318e+07	-2.6238e+06	8.78816e+06	2.12899e+08	-3.28683e+08
1.319e+07	-2.52176e+06	8.85326e+06	2.04619e+08	-3.33965e+08
1.32e+07	-2.41813e+06	8.91575e+06	1.9621e+08	-3.39035e+08
1.321e+07	-2.31298e+06	8.97557e+06	1.87678e+08	-3.4389e+08
1.322e+07	-2.20638e+06	9.03271e+06	1.79029e+08	-3.48526e+08
1.323e+07	-2.09841e+06	9.08711e+06	1.70267e+08	-3.5294e+08
1.324e+07	-1.98911e+06	9.13876e+06	1.61399e+08	-3.57131e+08
1.325e+07	-1.87858e+06	9.18762e+06	1.5243e+08	-3.61096e+08
1.326e+07	-1.76687e+06	9.23367e+06	1.43366e+08	-3.64832e+08
1.327e+07	-1.65405e+06	9.27686e+06	1.34212e+08	-3.68337e+08
1.328e+07	-1.54021e+06	9.31719e+06	1.24975e+08	-3.71609e+08
1.329e+07	-1.4254e+06	9.35463e+06	1.15659e+08	-3.74647e+08
1.33e+07	-1.30971e+06	9.38915e+06	1.06271e+08	-3.77448e+08
1.331e+07	-1.19319e+06	9.42073e+06	9.68173e+07	-3.80011e+08
1.332e+07	-1.07594e+06	9.44936e+06	8.7303e+07	-3.82334e+08
1.333e+07	-958013	9.47502e+06	7.77344e+07	-3.84416e+08
1.334e+07	-839491	9.4977e+06	6.81174e+07	-3.86256e+08
1.335e+07	-720446	9.51738e+06	5.84579e+07	-3.87852e+08
1.336e+07	-600953	9.53404e+06	4.87621e+07	-3.89205e+08
1.337e+07	-481087	9.54769e+06	3.9036e+07	-3.90312e+08
1.338e+07	-360921	9.55831e+06	2.92856e+07	-3.91174e+08
1.339e+07	-240531	9.5659e+06	1.9517e+07	-3.91789e+08
1.34e+07	-119991	9.57044e+06	9.73621e+06	-3.92158e+08
1.341e+07	623.569	9.57195e+06	-50597.2	-3.92281e+08
1.342e+07	121238	9.57042e+06	-9.83738e+06	-3.92156e+08
1.343e+07	241776	9.56584e+06	-1.9618e+07	-3.91785e+08
1.344e+07	362165	9.55823e+06	-2.93865e+07	-3.91167e+08
1.345e+07	482328	9.54758e+06	-3.91367e+07	-3.90303e+08
1.346e+07	602191	9.5339e+06	-4.88626e+07	-3.89193e+08
1.347e+07	721679	9.51721e+06	-5.8558e+07	-3.87839e+08
1.348e+07	840719	9.4975e+06	-6.8217e+07	-3.8624e+08
1.349e+07	959235	9.4748e+06	-7.78336e+07	-3.84398e+08
1.35e+07	1.07715e+06	9.44911e+06	-8.74017e+07	-3.82313e+08
1.351e+07	1.1944e+06	9.42046e+06	-9.69154e+07	-3.79988e+08
1.352e+07	1.31091e+06	9.38884e+06	-1.06369e+08	-3.77423e+08
1.353e+07	1.42659e+06	9.3543e+06	-1.15756e+08	-3.7462e+08
1.354e+07	1.54139e+06	9.31684e+06	-1.2507e+08	-3.7158e+08
1.355e+07	1.65523e+06	9.27648e+06	-1.34307e+08	-3.68306e+08
1.356e+07	1.76803e+06	9.23326e+06	-1.4346e+08	-3.64799e+08
1.357e+07	1.87973e+06	9.18719e+06	-1.52524e+08	-3.61061e+08
1.358e+07	1.99025e+06	9.1383e+06	-1.61492e+08	-3.57094e+08
1.359e+07	2.09953e+06	9.08663e+06	-1.70359e+08	-3.52901e+08
1.36e+07	2.20749e+06	9.0322e+06	-1.79119e+08	-3.48484e+08
1.361e+07	2.31408e+06	8.97504e+06	-1.87767e+08	-3.43846e+08
1.362e+07	2.41921e+06	8.91519e+06	-1.96298e+08	-3.3899e+08
1.363e+07	2.52282e+06	8.85268e+06	-2.04705e+08	-3.33918e+08
1.364e+07	2.62485e+06	8.78756e+06	-2.12984e+08	-3.28634e+08
1.365e+07	2.72523e+06	8.71985e+06	-2.21129e+08	-3.2314e+08
1.366e+07	2.8239e+06	8.6496e+06	-2.29135e+08	-3.1744e+08
1.367e+07	2.92079e+06	8.57685e+06	-2.36997e+08	-3.11537e+08
1.368e+07	3.01584e+06	8.50164e+06	-2.44709e+08	-3.05435e+08
1.369e+07	3.10898e+06	8.42403e+06	-2.52267e+08	-2.99137e+08
1.37e+07	3.20016e+06	8.34405e+06	-2.59665e+08	-2.92647e+08
1.371e+07	3.28932e+06	8.26175e+06	-2.669e+08	-2.85969e+08
1.372e+07	3.3764e+06	8.17719e+06	-2.73965e+08	-2.79108e+08
1.373e+07	3.46134e+06	8.09041e+06	-2.80857e+08	-2.72066e+08
1.374e+07	3.54408e+06	8.00146e+06	-2.87571e+08	-2.64849e+08
1.375e+07	3.62457e+06	7.91041e+06	-2.94102e+08	-2.57461e+08
1.376e+07	3.70275e+06	7.8173e+06	-3.00446e+08	-2.49906e+08
1.377e+07	3.77858e+06	7.72219e+06	-3.06599e+08	-2.42189e+08
1.378e+07	3.852e+06	7.62514e+06	-3.12556e+08	-2.34314e+08
1.379e+07	3.92295e+06	7.52622e+06	-3.18314e+08	-2.26287e+08
1.38e+07	3.9914e+06	7.42547e+06	-3.23868e+08	-2.18112e+08
1.381e+07	4.0573e+06	7.32296e+06	-3.29214e+08	-2.09795e+08
1.382e+07	4.12059e+06	7.21876e+06	-3.3435e+08	-2.0134e+08
1.383e+07	4.18124e+06	7.11293e+06	-3.39271e+08	-1.92753e+08
1.384e+07	4.2392e+06	7.00554e+06	-3.43974e+08	-1.84039e+08
1.385e+07	4.29443e+06	6.89665e+06	-3.48455e+08	-1.75203e+08
1.386e+07	4.34689e+06	6.78632e+06	-3.52712e+08	-1.66251e+08
1.387e+07	4.39654e+06	6.67464e+06	-3.56741e+08	-1.57189e+08
1.388e+07	4.44335e+06	6.56167e+06	-3.60539e+08	-1.48022e+08
1.389e+07	4.48727e+06	6.44748e+06	-3.64103e+08	-1.38757e+08
1.39e+07	4.52829e+06	6.33214e+06	-3.67431e+08	-1.29398e+08
1.391e+07	4.56637e+06	6.21572e+06	-3.70521e+08	-1.19952e+08
1.392e+07	4.60147e+06	6.09831e+06	-3.73369e+08	-1.10425e+08
1.393e+07	4.63357e+06	5.97997e+06	-3.75974e+08	-1.00823e+08
1.394e+07	4.66264e+06	5.86078e+06	-3.78333e+08	-9.11516e+07
1.395e+07	4.68867e+06	5.74082e+06	-3.80444e+08	-8.14179e+07
1.396e+07	4.71162e+06	5.62017e+06	-3.82307e+08	-7.16278e+07
1.397e+07	4.73148e+06	5.4989e+06	-3.83918e+08	-6.17876e+07
1.398e+07	4.74823e+06	5.37708e+06	-3.85277e+08	-5.19036e+07
1.399e+07	4.76185e+06	5.25481e+06	-3.86382e+08	-4.19825e+07
1.4e+07	4.77233e+06	5.13216e+06	-3.87233e+08	-3.20305e+07
1.401e+07	4.77965e+06	5.00922e+06	-3.87827e+08	-2.20543e+07
1.402e+07	4.78381e+06	4.88605e+06	-3.88165e+08	-1.20603e+07
1.403e+07	4.7848e+06	4.76274e+06	-3.88245e+08	-2.05532e+06
1.404e+07	4.78262e+06	4.63939e+06	-3.88068e+08	7.95417e+06
1.405e+07	4.77724e+06	4.51605e+06	-3.87632e+08	1.79615e+07
1.406e+07	4.76869e+06	4.39283e+06	-3.86938e+08	2.79599e+07
1.407e+07	4.75695e+06	4.2698e+06	-3.85985e+08	3.79428e+07
1.408e+07	4.74203e+06	4.14704e+06	-3.84774e+08	4.79035e+07
1.409e+07	4.72393e+06	4.02464e+06	-3.83306e+08	5.78352e+07
1.41e+07	4.70266e+06	3.90268e+06	-3.8158e+08	6.77312e+07
1.411e+07	4.67824e+06	3.78124e+06	-3.79598e+08	7.75849e+07
1.412e+07	4.65066e+06	3.66041e+06	-3.7736e+08	8.73894e+07
1.413e+07	4.61994e+06	3.54027e+06	-3.74868e+08	9.71382e+07
1.414e+07	4.5861e+06	3.42089e+06	-3.72122e+08	1.06824e+08
1.415e+07	4.54916e+06	3.30237e+06	-3.69125e+08	1.16442e+08
1.416e+07	4.50913e+06	3.18478e+06	-3.65877e+08	1.25983e+08
1.417e+07	4.46604e+06	3.0682e+06	-3.62381e+08	1.35442e+08
1.418e+07	4.41992e+06	2.95273e+06	-3.58638e+08	1.44812e+08
1.419e+07	4.37078e+06	2.83842e+06	-3.54651e+08	1.54087e+08
1.42e+07	4.31866e+06	2.72538e+06	-3.50422e+08	1.63259e+08
1.421e+07	4.26359e+06	2.61367e+06	-3.45954e+08	1.72324e+08
1.422e+07	4.2056e+06	2.50337e+06	-3.41248e+08	1.81273e+08
1.423e+07	4.14473e+06	2.39457e+06	-3.36309e+08	1.90101e+08
1.424e+07	4.08101e+06	2.28734e+06	-3.31139e+08	1.98803e+08
1.425e+07	4.01449e+06	2.18175e+06	-3.25741e+08	2.0737e+08
1.426e+07	3.9452e+06	2.07788e+06	-3.20119e+08	2.15798e+08
1.427e+07	3.87319e+06	1.9758e+06	-3.14276e+08	2.24081e+08
1.428e+07	3.7985e+06	1.8756e+06	-3.08216e+08	2.32212e+08
1.429e+07	3.72119e+06	1.77733e+06	-3.01942e+08	2.40185e+08
1.43e+07	3.6413e+06	1.68107e+06	-2.9546e+08	2.47995e+08
1.431e+07	3.55889e+06	1.5869e+06	-2.88773e+08	2.55637e+08
1.432e+07	3.474e+06	1.49487e+06	-2.81885e+08	2.63104e+08
1.433e+07	3.3867e+06	1.40505e+06	-2.74801e+08	2.70392e+08
1.434e+07	3.29703e+06	1.31752e+06	-2.67526e+08	2.77495e+08
1.435e+07	3.20508e+06	1.23233e+06	-2.60064e+08	2.84407e+08
1.436e+07	3.11088e+06	1.14955e+06	-2.52421e+08	2.91124e+08
1.437e+07	3.01451e+06	1.06923e+06	-2.44601e+08	2.97641e+08
1.438e+07	2.91603e+06	991438	-2.3661e+08	3.03953e+08
1.439e+07	2.81551e+06	916231	-2.28454e+08	3.10056e+08
1.44e+07	2.71301e+06	843661	-2.20137e+08	3.15944e+08
1.441e+07	2.60861e+06	773784	-2.11666e+08	3.21614e+08
1.442e+07	2.50238e+06	706652	-2.03046e+08	3.27061e+08
1.443e+07	2.39439e+06	642313	-1.94284e+08	3.32282e+08
1.444e+07	2.28471e+06	580815	-1.85384e+08	3.37272e+08
1.445e+07	2.17342e+06	522206	-1.76355e+08	3.42028e+08
1.446e+07	2.06061e+06	466527	-1.672e+08	3.46545e+08
1.447e+07	1.94633e+06	413822	-1.57928e+08	3.50822e+08
1.448e+07	1.83069e+06	364128	-1.48544e+08	3.54854e+08
1.449e+07	1.71374e+06	317485	-1.39055e+08	3.58639e+08
1.45e+07	1.59559e+06	273925	-1.29468e+08	3.62173e+08
1.451e+07	1.47631e+06	233484	-1.1979e+08	3.65455e+08
1.452e+07	1.35598e+06	196189	-1.10026e+08	3.68481e+08
1.453e+07	1.2347e+06	162071	-1.00185e+08	3.71249e+08
1.454e+07	1.11253e+06	131154	-9.02724e+07	3.73758e+08
1.455e+07	989583	103462	-8.0296e+07	3.76005e+08
1.456e+07	865930	79016.1	-7.02627e+07	3.77989e+08
1.457e+07	741663	57834.2	-6.01795e+07	3.79707e+08
1.458e+07	616869	39932.5	-5.00535e+07	3.8116e+08
1.459e+07	491637	25324.6	-3.98921e+07	3.82345e+08
1.46e+07	366057	14021.6	-2.97023e+07	3.83262e+08
1.461e+07	240216	6032.03	-1.94915e+07	3.83911e+08
1.462e+07	114205	1361.96	-9.26674e+06	3.84289e+08
1.463e+07	-11887.3	14.9267	964552	3.84399e+08
1.464e+07	-137971	1991.95	1.11952e+07	3.84238e+08
1.465e+07	-263957	7291.53	2.14178e+07	3.83808e+08
1.466e+07	-389755	15909.7	3.16253e+07	3.83109e+08
1.467e+07	-515277	27839.8	4.18103e+07	3.82141e+08
1.468e+07	-640433	43073	5.19656e+07	3.80905e+08
1.469e+07	-765134	61597.6	6.2084e+07	3.79402e+08
1.47e+07	-889292	83399.7	7.21583e+07	3.77633e+08
1.471e+07	-1.01282e+06	108463	8.21815e+07	3.75599e+08
1.472e+07	-1.13563e+06	136768	9.21463e+07	3.73302e+08
1.473e+07	-1.25763e+06	168294	1.02046e+08	3.70744e+08
1.474e+07	-1.37874e+06	203016	1.11873e+08	3.67927e+08
1.475e+07	-1.49888e+06	240910	1.21621e+08	3.64852e+08
1.476e+07	-1.61796e+06	281946	1.31283e+08	3.61523e+08
1.477e+07	-1.73589e+06	326093	1.40852e+08	3.5794e+08
1.478e+07	-1.85259e+06	373318	1.50322e+08	3.54109e+08
1.479e+07	-1.96798e+06	423586	1.59685e+08	3.5003e+08
1.48e+07	-2.08199e+06	476859	1.68935e+08	3.45707e+08
1.481e+07	-2.19452e+06	533097	1.78067e+08	3.41144e+08
1.482e+07	-2.30551e+06	592259	1.87072e+08	3.36343e+08
1.483e+07	-2.41488e+06	654299	1.95946e+08	3.31309e+08
1.484e+07	-2.52254e+06	719173	2.04682e+08	3.26045e+08
1.485e+07	-2.62843e+06	786831	2.13275e+08	3.20556e+08
1.486e+07	-2.73248e+06	857224	2.21717e+08	3.14844e+08
1.487e+07	-2.83461e+06	930299	2.30004e+08	3.08914e+08
1.488e+07	-2.93475e+06	1.006e+06	2.38129e+08	3.02772e+08
1.489e+07	-3.03283e+06	1.08428e+06	2.46088e+08	2.9642e+08
1.49e+07	-3.1288e+06	1.16507e+06	2.53875e+08	2.89865e+08
1.491e+07	-3.22258e+06	1.24832e+06	2.61484e+08	2.8311e+08
1.492e+07	-3.31411e+06	1.33396e+06	2.68911e+08	2.76161e+08
1.493e+07	-3.40333e+06	1.42193e+06	2.7615e+08	2.69023e+08
1.494e+07	-3.49018e+06	1.51217e+06	2.83197e+08	2.617e+08
1.495e+07	-3.5746e+06	1.60462e+06	2.90048e+08	2.54199e+08
1.496e+07	-3.65654e+06	1.6992e+06	2.96697e+08	2.46525e+08
1.497e+07	-3.73595e+06	1.79584e+06	3.0314e+08	2.38683e+08
1.498e+07	-3.81277e+06	1.89448e+06	3.09373e+08	2.30679e+08
1.499e+07	-3.88695e+06	1.99505e+06	3.15392e+08	2.22519e+08
1.5e+07	-3.95845e+06	2.09748e+06	3.21194e+08	2.14208e+08
1.501e+07	-4.02722e+06	2.20168e+06	3.26774e+08	2.05753e+08
1.502e+07	-4.09321e+06	2.30759e+06	3.32129e+08	1.97159e+08
1.503e+07	-4.15639e+06	2.41513e+06	3.37255e+08	1.88433e+08
1.504e+07	-4.21672e+06	2.52423e+06	3.4215e+08	1.79581e+08
1.505e+07	-4.27416e+06	2.6348e+06	3.46811e+08	1.70609e+08
1.506e+07	-4.32867e+06	2.74677e+06	3.51234e+08	1.61523e+08
1.507e+07	-4.38023e+06	2.86006e+06	3.55418e+08	1.52331e+08
1.508e+07	-4.4288e+06	2.9746e+06	3.59358e+08	1.43037e+08
1.509e+07	-4.47435e+06	3.0903e+06	3.63054e+08	1.33649e+08
1.51e+07	-4.51686e+06	3.20707e+06	3.66504e+08	1.24174e+08
1.511e+07	-4.5563e+06	3.32485e+06	3.69704e+08	1.14617e+08
1.512e+07	-4.59265e+06	3.44354e+06	3.72654e+08	1.04986e+08
1.513e+07	-4.6259e+06	3.56307e+06	3.75351e+08	9.52875e+07
1.514e+07	-4.65602e+06	3.68336e+06	3.77795e+08	8.55273e+07
1.515e+07	-4.683e+06	3.80432e+06	3.79985e+08	7.57127e+07
1.516e+07	-4.70683e+06	3.92587e+06	3.81918e+08	6.58502e+07
1.517e+07	-4.72749e+06	4.04792e+06	3.83595e+08	5.59466e+07
1.518e+07	-4.74499e+06	4.1704e+06	3.85015e+08	4.60086e+07
1.519e+07	-4.7593e+06	4.29322e+06	3.86176e+08	3.60429e+07
1.52e+07	-4.77044e+06	4.41629e+06	3.87079e+08	2.60563e+07
1.521e+07	-4.77838e+06	4.53955e+06	3.87724e+08	1.60553e+07
1.522e+07	-4.78315e+06	4.66289e+06	3.88111e+08	6.04681e+06
1.523e+07	-4.78473e+06	4.78625e+06	3.88239e+08	-3.96261e+06
1.524e+07	-4.78314e+06	4.90954e+06	3.8811e+08	-1.39663e+07
1.525e+07	-4.77837e+06	5.03267e+06	3.87723e+08	-2.39576e+07
1.526e+07	-4.77044e+06	5.15557e+06	3.8708e+08	-3.393e+07
1.527e+07	-4.75936e+06	5.27816e+06	3.86181e+08	-4.38769e+07
1.528e+07	-4.74514e+06	5.40035e+06	3.85027e+08	-5.37917e+07
1.529e+07	-4.7278e+06	5.52207e+06	3.8362e+08	-6.3668e+07
1.53e+07	-4.70735e+06	5.64324e+06	3.8196e+08	-7.34995e+07
1.531e+07	-4.68381e+06	5.76377e+06	3.8005e+08	-8.32796e+07
1.532e+07	-4.6572e+06	5.88359e+06	3.77891e+08	-9.30021e+07
1.533e+07	-4.62754e+06	6.00262e+06	3.75485e+08	-1.02661e+08
1.534e+07	-4.59487e+06	6.12079e+06	3.72834e+08	-1.12249e+08
1.535e+07	-4.5592e+06	6.23803e+06	3.69939e+08	-1.21762e+08
1.536e+07	-4.52056e+06	6.35424e+06	3.66804e+08	-1.31192e+08
1.537e+07	-4.47898e+06	6.46937e+06	3.6343e+08	-1.40533e+08
1.538e+07	-4.4345e+06	6.58334e+06	3.59821e+08	-1.49781e+08
1.539e+07	-4.38714e+06	6.69607e+06	3.55978e+08	-1.58928e+08
1.54e+07	-4.33695e+06	6.80751e+06	3.51906e+08	-1.6797e+08
1.541e+07	-4.28396e+06	6.91756e+06	3.47606e+08	-1.769e+08
1.542e+07	-4.2282e+06	7.02618e+06	3.43082e+08	-1.85713e+08
1.543e+07	-4.16972e+06	7.13328e+06	3.38337e+08	-1.94404e+08
1.544e+07	-4.10857e+06	7.23881e+06	3.33374e+08	-2.02966e+08
1.545e+07	-4.04477e+06	7.34269e+06	3.28198e+08	-2.11395e+08
1.546e+07	-3.97838e+06	7.44487e+06	3.22811e+08	-2.19686e+08
1.547e+07	-3.90945e+06	7.54527e+06	3.17218e+08	-2.27833e+08
1.548e+07	-3.83802e+06	7.64385e+06	3.11422e+08	-2.35832e+08
1.549e+07	-3.76413e+06	7.74053e+06	3.05427e+08	-2.43677e+08
1.55e+07	-3.68785e+06	7.83526e+06	2.99237e+08	-2.51363e+08
1.551e+07	-3.60922e+06	7.92798e+06	2.92857e+08	-2.58887e+08
1.552e+07	-3.52829e+06	8.01864e+06	2.8629e+08	-2.66243e+08
1.553e+07	-3.44512e+06	8.10718e+06	2.79542e+08	-2.73427e+08
1.554e+07	-3.35977e+06	8.19354e+06	2.72616e+08	-2.80434e+08
1.555e+07	-3.27229e+06	8.27767e+06	2.65518e+08	-2.87261e+08
1.556e+07	-3.18274e+06	8.35953e+06	2.58252e+08	-2.93903e+08
1.557e+07	-3.09117e+06	8.43907e+06	2.50822e+08	-3.00357e+08
1.558e+07	-2.99766e+06	8.51623e+06	2.43234e+08	-3.06618e+08
1.559e+07	-2.90225e+06	8.59097e+06	2.35493e+08	-3.12682e+08
1.56e+07	-2.80502e+06	8.66324e+06	2.27603e+08	-3.18547e+08
1.561e+07	-2.70602e+06	8.73301e+06	2.1957e+08	-3.24208e+08
1.562e+07	-2.60531e+06	8.80023e+06	2.11398e+08	-3.29662e+08
1.563e+07	-2.50297e+06	8.86486e+06	2.03094e+08	-3.34906e+08
1.564e+07	-2.39906e+06	8.92686e+06	1.94663e+08	-3.39937e+08
1.565e+07	-2.29365e+06	8.9862e+06	1.86109e+08	-3.44752e+08
1.566e+07	-2.18679e+06	9.04283e+06	1.77439e+08	-3.49347e+08
1.567e+07	-2.07857e+06	9.09674e+06	1.68658e+08	-3.53721e+08
1.568e+07	-1.96905e+06	9.14788e+06	1.59771e+08	-3.57871e+08
1.569e+07	-1.85829e+06	9.19623e+06	1.50784e+08	-3.61794e+08
1.57e+07	-1.74637e+06	9.24176e+06	1.41703e+08	-3.65488e+08
1.571e+07	-1.63337e+06	9.28443e+06	1.32534e+08	-3.68951e+08
1.572e+07	-1.51934e+06	9.32424e+06	1.23281e+08	-3.72181e+08
1.573e+07	-1.40437e+06	9.36114e+06	1.13952e+08	-3.75175e+08
1.574e+07	-1.28852e+06	9.39513e+06	1.04552e+08	-3.77933e+08
1.575e+07	-1.17186e+06	9.42618e+06	9.50864e+07	-3.80452e+08
1.576e+07	-1.05448e+06	9.45427e+06	8.55618e+07	-3.82731e+08
1.577e+07	-936439	9.47938e+06	7.59839e+07	-3.8477e+08
1.578e+07	-817816	9.50151e+06	6.63587e+07	-3.86565e+08
1.579e+07	-698685	9.52064e+06	5.66922e+07	-3.88117e+08
1.58e+07	-579118	9.53676e+06	4.69904e+07	-3.89425e+08
1.581e+07	-459191	9.54985e+06	3.72594e+07	-3.90488e+08
1.582e+07	-338979	9.55992e+06	2.75052e+07	-3.91304e+08
1.583e+07	-218556	9.56695e+06	1.77339e+07	-3.91875e+08
1.584e+07	-97996.8	9.57094e+06	7.95159e+06	-3.92199e+08
1.585e+07	22623.1	9.5719e+06	-1.83567e+06	-3.92276e+08
1.586e+07	143229	9.56981e+06	-1.16218e+07	-3.92107e+08
1.587e+07	263746	9.56468e+06	-2.14007e+07	-3.9169e+08
1.588e+07	384099	9.55651e+06	-3.11663e+07	-3.91028e+08
1.589e+07	504213	9.54531e+06	-4.09125e+07	-3.90119e+08
1.59e+07	624013	9.53108e+06	-5.06332e+07	-3.88965e+08
1.591e+07	743425	9.51384e+06	-6.03225e+07	-3.87565e+08
1.592e+07	862375	9.49359e+06	-6.99742e+07	-3.85922e+08
1.593e+07	980788	9.47034e+06	-7.95824e+07	-3.84036e+08
1.594e+07	1.09859e+06	9.44411e+06	-8.9141e+07	-3.81907e+08
1.595e+07	1.21571e+06	9.41491e+06	-9.86441e+07	-3.79538e+08
1.596e+07	1.33207e+06	9.38276e+06	-1.08086e+08	-3.7693e+08
1.597e+07	1.4476e+06	9.34768e+06	-1.1746e+08	-3.74083e+08
1.598e+07	1.56223e+06	9.30969e+06	-1.26761e+08	-3.71e+08
1.599e+07	1.67588e+06	9.26881e+06	-1.35983e+08	-3.67683e+08
1.6e+07	1.78849e+06	9.22507e+06	-1.4512e+08	-3.64134e+08
1.601e+07	1.89997e+06	9.17848e+06	-1.54166e+08	-3.60354e+08
1.602e+07	2.01028e+06	9.12909e+06	-1.63116e+08	-3.56346e+08
1.603e+07	2.11932e+06	9.07691e+06	-1.71964e+08	-3.52112e+08
1.604e+07	2.22704e+06	9.02198e+06	-1.80705e+08	-3.47655e+08
1.605e+07	2.33336e+06	8.96432e+06	-1.89332e+08	-3.42977e+08
1.606e+07	2.43822e+06	8.90399e+06	-1.9784e+08	-3.38081e+08
1.607e+07	2.54155e+06	8.841e+06	-2.06225e+08	-3.3297e+08
1.608e+07	2.64328e+06	8.7754e+06	-2.1448e+08	-3.27647e+08
1.609e+07	2.74336e+06	8.70722e+06	-2.226e+08	-3.22116e+08
1.61e+07	2.8417e+06	8.63652e+06	-2.3058e+08	-3.16378e+08
1.611e+07	2.93826e+06	8.56332e+06	-2.38414e+08	-3.10439e+08
1.612e+07	3.03297e+06	8.48767e+06	-2.46099e+08	-3.043e+08
1.613e+07	3.12576e+06	8.40962e+06	-2.53628e+08	-2.97967e+08
1.614e+07	3.21658e+06	8.32921e+06	-2.60997e+08	-2.91443e+08
1.615e+07	3.30536e+06	8.2465e+06	-2.68201e+08	-2.84731e+08
1.616e+07	3.39205e+06	8.16152e+06	-2.75235e+08	-2.77837e+08
1.617e+07	3.47659e+06	8.07434e+06	-2.82095e+08	-2.70763e+08
1.618e+07	3.55893e+06	7.98501e+06	-2.88776e+08	-2.63514e+08
1.619e+07	3.639e+06	7.89358e+06	-2.95273e+08	-2.56095e+08
1.62e+07	3.71676e+06	7.8001e+06	-3.01583e+08	-2.4851e+08
1.621e+07	3.79215e+06	7.70463e+06	-3.077e+08	-2.40764e+08
1.622e+07	3.86512e+06	7.60724e+06	-3.13621e+08	-2.32861e+08
1.623e+07	3.93563e+06	7.50798e+06	-3.19342e+08	-2.24807e+08
1.624e+07	4.00361e+06	7.4069e+06	-3.24858e+08	-2.16606e+08
1.625e+07	4.06904e+06	7.30408e+06	-3.30167e+08	-2.08263e+08
1.626e+07	4.13185e+06	7.19958e+06	-3.35264e+08	-1.99783e+08
1.627e+07	4.19201e+06	7.09346e+06	-3.40145e+08	-1.91173e+08
1.628e+07	4.24947e+06	6.98579e+06	-3.44808e+08	-1.82436e+08
1.629e+07	4.3042e+06	6.87663e+06	-3.49248e+08	-1.73579e+08
1.63e+07	4.35615e+06	6.76605e+06	-3.53464e+08	-1.64607e+08
1.631e+07	4.40529e+06	6.65413e+06	-3.57451e+08	-1.55525e+08
1.632e+07	4.45157e+06	6.54093e+06	-3.61206e+08	-1.4634e+08
1.633e+07	4.49497e+06	6.42652e+06	-3.64728e+08	-1.37057e+08
1.634e+07	4.53546e+06	6.31098e+06	-3.68013e+08	-1.27681e+08
1.635e+07	4.57299e+06	6.19438e+06	-3.71058e+08	-1.1822e+08
1.636e+07	4.60755e+06	6.07679e+06	-3.73862e+08	-1.08679e+08
1.637e+07	4.6391e+06	5.9583e+06	-3.76422e+08	-9.90638e+07
1.638e+07	4.66762e+06	5.83896e+06	-3.78736e+08	-8.93809e+07
1.639e+07	4.69308e+06	5.71887e+06	-3.80803e+08	-7.96364e+07
1.64e+07	4.71547e+06	5.59809e+06	-3.82619e+08	-6.98367e+07
1.641e+07	4.73476e+06	5.47672e+06	-3.84185e+08	-5.9988e+07
1.642e+07	4.75094e+06	5.35482e+06	-3.85498e+08	-5.00968e+07
1.643e+07	4.76399e+06	5.23247e+06	-3.86557e+08	-4.01695e+07
1.644e+07	4.7739e+06	5.10976e+06	-3.8736e+08	-3.02127e+07
1.645e+07	4.78065e+06	4.98677e+06	-3.87908e+08	-2.02327e+07
1.646e+07	4.78423e+06	4.86357e+06	-3.88199e+08	-1.02363e+07
1.647e+07	4.78464e+06	4.74025e+06	-3.88232e+08	-229949
1.648e+07	4.78187e+06	4.61689e+06	-3.88007e+08	9.77964e+06
1.649e+07	4.77592e+06	4.49357e+06	-3.87525e+08	1.97858e+07
1.65e+07	4.76679e+06	4.37038e+06	-3.86783e+08	2.9782e+07
1.651e+07	4.75447e+06	4.24739e+06	-3.85784e+08	3.97613e+07
1.652e+07	4.73897e+06	4.12469e+06	-3.84526e+08	4.97172e+07
1.653e+07	4.72029e+06	4.00236e+06	-3.8301e+08	5.96429e+07
1.654e+07	4.69844e+06	3.88049e+06	-3.81238e+08	6.95317e+07
1.655e+07	4.67344e+06	3.75916e+06	-3.79209e+08	7.93769e+07
1.656e+07	4.64529e+06	3.63845e+06	-3.76925e+08	8.91717e+07
1.657e+07	4.614e+06	3.51844e+06	-3.74386e+08	9.89096e+07
1.658e+07	4.57959e+06	3.39921e+06	-3.71594e+08	1.08584e+08
1.659e+07	4.54209e+06	3.28085e+06	-3.68551e+08	1.18188e+08
1.66e+07	4.5015e+06	3.16344e+06	-3.65258e+08	1.27714e+08
1.661e+07	4.45786e+06	3.04706e+06	-3.61716e+08	1.37158e+08
1.662e+07	4.41118e+06	2.93179e+06	-3.57929e+08	1.46511e+08
1.663e+07	4.3615e+06	2.81771e+06	-3.53898e+08	1.55767e+08
1.664e+07	4.30884e+06	2.7049e+06	-3.49625e+08	1.64921e+08
1.665e+07	4.25323e+06	2.59345e+06	-3.45113e+08	1.73964e+08
1.666e+07	4.19472e+06	2.48342e+06	-3.40365e+08	1.82892e+08
1.667e+07	4.13332e+06	2.37489e+06	-3.35383e+08	1.91698e+08
1.668e+07	4.06909e+06	2.26795e+06	-3.30171e+08	2.00375e+08
1.669e+07	4.00206e+06	2.16267e+06	-3.24732e+08	2.08918e+08
1.67e+07	3.93227e+06	2.05913e+06	-3.19069e+08	2.1732e+08
1.671e+07	3.85977e+06	1.95739e+06	-3.13186e+08	2.25575e+08
1.672e+07	3.7846e+06	1.85753e+06	-3.07087e+08	2.33678e+08
1.673e+07	3.70681e+06	1.75962e+06	-3.00776e+08	2.41622e+08
1.674e+07	3.62646e+06	1.66374e+06	-2.94255e+08	2.49402e+08
1.675e+07	3.54359e+06	1.56995e+06	-2.87531e+08	2.57012e+08
1.676e+07	3.45826e+06	1.47832e+06	-2.80607e+08	2.64447e+08
1.677e+07	3.37052e+06	1.38892e+06	-2.73488e+08	2.71701e+08
1.678e+07	3.28043e+06	1.30181e+06	-2.66179e+08	2.7877e+08
1.679e+07	3.18806e+06	1.21705e+06	-2.58683e+08	2.85647e+08
1.68e+07	3.09346e+06	1.13471e+06	-2.51008e+08	2.92328e+08
1.681e+07	2.9967e+06	1.05485e+06	-2.43156e+08	2.98808e+08
1.682e+07	2.89785e+06	977528	-2.35135e+08	3.05082e+08
1.683e+07	2.79696e+06	902797	-2.26949e+08	3.11146e+08
1.684e+07	2.69411e+06	830715	-2.18604e+08	3.16995e+08
1.685e+07	2.58937e+06	761335	-2.10105e+08	3.22624e+08
1.686e+07	2.48281e+06	694708	-2.01459e+08	3.2803e+08
1.687e+07	2.37451e+06	630884	-1.92671e+08	3.33209e+08
1.688e+07	2.26453e+06	569910	-1.83747e+08	3.38157e+08
1.689e+07	2.15296e+06	511831	-1.74694e+08	3.42869e+08
1.69e+07	2.03987e+06	456692	-1.65518e+08	3.47343e+08
1.691e+07	1.92534e+06	404533	-1.56225e+08	3.51576e+08
1.692e+07	1.80945e+06	355393	-1.46821e+08	3.55563e+08
1.693e+07	1.69228e+06	309309	-1.37314e+08	3.59302e+08
1.694e+07	1.57392e+06	266316	-1.2771e+08	3.62791e+08
1.695e+07	1.45444e+06	226446	-1.18015e+08	3.66026e+08
1.696e+07	1.33393e+06	189729	-1.08237e+08	3.69005e+08
1.697e+07	1.21248e+06	156193	-9.83821e+07	3.71726e+08
1.698e+07	1.09017e+06	125863	-8.84575e+07	3.74187e+08
1.699e+07	967081	98761.3	-7.84702e+07	3.76386e+08
1.7e+07	843309	74909.1	-6.84272e+07	3.78322e+08
1.701e+07	718940	54324.3	-5.83357e+07	3.79992e+08
1.702e+07	594059	37022.4	-4.82028e+07	3.81396e+08
1.703e+07	468758	23016.5	-3.80356e+07	3.82532e+08
1.704e+07	343123	12317.2	-2.78414e+07	3.83401e+08
1.705e+07	217245	4932.69	-1.76275e+07	3.84e+08
1.706e+07	91212	868.472	-7.40106e+06	3.8433e+08
1.707e+07	-34885.5	127.666	2.83065e+06	3.8439e+08
1.708e+07	-160958	2710.83	1.30604e+07	3.8418e+08
1.709e+07	-286916	8616.02	2.32808e+07	3.83701e+08
1.71e+07	-412671	17838.7	3.34847e+07	3.82953e+08
1.711e+07	-538133	30372.1	4.36648e+07	3.81936e+08
1.712e+07	-663212	46206.4	5.38139e+07	3.80651e+08
1.713e+07	-787821	65329.9	6.39248e+07	3.79099e+08
1.714e+07	-911870	87728.1	7.39903e+07	3.77282e+08
1.715e+07	-1.03527e+06	113384	8.40034e+07	3.752e+08
1.716e+07	-1.15794e+06	142278	9.39569e+07	3.72855e+08
1.717e+07	-1.27979e+06	174389	1.03844e+08	3.7025e+08
1.718e+07	-1.40073e+06	209692	1.13657e+08	3.67385e+08
1.719e+07	-1.52068e+06	248160	1.2339e+08	3.64264e+08
1.72e+07	-1.63955e+06	289766	1.33035e+08	3.60888e+08
1.721e+07	-1.75726e+06	334477	1.42587e+08	3.5726e+08
1.722e+07	-1.87373e+06	382260	1.52037e+08	3.53383e+08
1.723e+07	-1.98888e+06	433079	1.6138e+08	3.49259e+08
1.724e+07	-2.10262e+06	486895	1.7061e+08	3.44893e+08
1.725e+07	-2.21488e+06	543670	1.79719e+08	3.40286e+08
1.726e+07	-2.32558e+06	603360	1.88701e+08	3.35443e+08
1.727e+07	-2.43464e+06	665921	1.9755e+08	3.30366e+08
1.728e+07	-2.54199e+06	731306	2.0626e+08	3.25061e+08
1.729e+07	-2.64755e+06	799467	2.14826e+08	3.1953e+08
1.73e+07	-2.75125e+06	870353	2.2324e+08	3.13778e+08
1.731e+07	-2.85302e+06	943911	2.31498e+08	3.0781e+08
1.732e+07	-2.95279e+06	1.02009e+06	2.39593e+08	3.01629e+08
1.733e+07	-3.0505e+06	1.09883e+06	2.47521e+08	2.9524e+08
1.734e+07	-3.14607e+06	1.18007e+06	2.55276e+08	2.88648e+08
1.735e+07	-3.23944e+06	1.26376e+06	2.62852e+08	2.81857e+08
1.736e+07	-3.33055e+06	1.34983e+06	2.70245e+08	2.74873e+08
1.737e+07	-3.41934e+06	1.43822e+06	2.7745e+08	2.67701e+08
1.738e+07	-3.50576e+06	1.52887e+06	2.84462e+08	2.60345e+08
1.739e+07	-3.58973e+06	1.62171e+06	2.91275e+08	2.52812e+08
1.74e+07	-3.67121e+06	1.71667e+06	2.97887e+08	2.45107e+08
1.741e+07	-3.75015e+06	1.81369e+06	3.04292e+08	2.37235e+08
1.742e+07	-3.82649e+06	1.91268e+06	3.10487e+08	2.29202e+08
1.743e+07	-3.90019e+06	2.0136e+06	3.16467e+08	2.21014e+08
1.744e+07	-3.97119e+06	2.11635e+06	3.22228e+08	2.12677e+08
1.745e+07	-4.03946e+06	2.22087e+06	3.27767e+08	2.04196e+08
1.746e+07	-4.10495e+06	2.32708e+06	3.33081e+08	1.95577e+08
1.747e+07	-4.16761e+06	2.43491e+06	3.38165e+08	1.86828e+08
1.748e+07	-4.22741e+06	2.54428e+06	3.43018e+08	1.77953e+08
1.749e+07	-4.28432e+06	2.65512e+06	3.47635e+08	1.6896e+08
1.75e+07	-4.3383e+06	2.76734e+06	3.52015e+08	1.59855e+08
1.751e+07	-4.38931e+06	2.88086e+06	3.56154e+08	1.50643e+08
1.752e+07	-4.43733e+06	2.99562e+06	3.60051e+08	1.41332e+08
1.753e+07	-4.48233e+06	3.11151e+06	3.63702e+08	1.31928e+08
1.754e+07	-4.52428e+06	3.22848e+06	3.67106e+08	1.22437e+08
1.755e+07	-4.56316e+06	3.34643e+06	3.70261e+08	1.12866e+08
1.756e+07	-4.59895e+06	3.46528e+06	3.73165e+08	1.03222e+08
1.757e+07	-4.63162e+06	3.58496e+06	3.75816e+08	9.35118e+07
1.758e+07	-4.66117e+06	3.70537e+06	3.78214e+08	8.37412e+07
1.759e+07	-4.68758e+06	3.82644e+06	3.80356e+08	7.39173e+07
1.76e+07	-4.71083e+06	3.94809e+06	3.82243e+08	6.40469e+07
1.761e+07	-4.73092e+06	4.07023e+06	3.83873e+08	5.41365e+07
1.762e+07	-4.74784e+06	4.19277e+06	3.85246e+08	4.41929e+07
1.763e+07	-4.76157e+06	4.31565e+06	3.8636e+08	3.42229e+07
1.764e+07	-4.77212e+06	4.43876e+06	3.87216e+08	2.42332e+07
1.765e+07	-4.77949e+06	4.56204e+06	3.87814e+08	1.42304e+07
1.766e+07	-4.78367e+06	4.68539e+06	3.88154e+08	4.22119e+06
1.767e+07	-4.78468e+06	4.80874e+06	3.88235e+08	-5.78768e+06
1.768e+07	-4.7825e+06	4.93201e+06	3.88059e+08	-1.57896e+07
1.769e+07	-4.77716e+06	5.05511e+06	3.87625e+08	-2.5778e+07
1.77e+07	-4.76866e+06	5.17796e+06	3.86935e+08	-3.57462e+07
1.771e+07	-4.757e+06	5.30048e+06	3.85989e+08	-4.56877e+07
1.772e+07	-4.74221e+06	5.42259e+06	3.84789e+08	-5.5596e+07
1.773e+07	-4.7243e+06	5.54421e+06	3.83336e+08	-6.54646e+07
1.774e+07	-4.70328e+06	5.66527e+06	3.81631e+08	-7.52872e+07
1.775e+07	-4.67918e+06	5.78568e+06	3.79675e+08	-8.50572e+07
1.776e+07	-4.65202e+06	5.90536e+06	3.77471e+08	-9.47685e+07
1.777e+07	-4.62181e+06	6.02424e+06	3.7502e+08	-1.04415e+08
1.778e+07	-4.58858e+06	6.14225e+06	3.72324e+08	-1.1399e+08
1.779e+07	-4.55237e+06	6.2593e+06	3.69385e+08	-1.23488e+08
1.78e+07	-4.51319e+06	6.37532e+06	3.66206e+08	-1.32902e+08
1.781e+07	-4.47108e+06	6.49025e+06	3.6279e+08	-1.42227e+08
1.782e+07	-4.42607e+06	6.60399e+06	3.59137e+08	-1.51457e+08
1.783e+07	-4.3782e+06	6.7165e+06	3.55253e+08	-1.60585e+08
1.784e+07	-4.32749e+06	6.82768e+06	3.51138e+08	-1.69607e+08
1.785e+07	-4.27399e+06	6.93748e+06	3.46797e+08	-1.78516e+08
1.786e+07	-4.21774e+06	7.04582e+06	3.42233e+08	-1.87307e+08
1.787e+07	-4.15877e+06	7.15264e+06	3.37448e+08	-1.95975e+08
1.788e+07	-4.09713e+06	7.25788e+06	3.32446e+08	-2.04514e+08
1.789e+07	-4.03286e+06	7.36145e+06	3.27231e+08	-2.12918e+08
1.79e+07	-3.966e+06	7.46331e+06	3.21806e+08	-2.21183e+08
1.791e+07	-3.89661e+06	7.56339e+06	3.16176e+08	-2.29303e+08
1.792e+07	-3.82472e+06	7.66162e+06	3.10343e+08	-2.37274e+08
1.793e+07	-3.7504e+06	7.75795e+06	3.04312e+08	-2.4509e+08
1.794e+07	-3.67368e+06	7.85232e+06	2.98087e+08	-2.52748e+08
1.795e+07	-3.59463e+06	7.94467e+06	2.91673e+08	-2.60241e+08
1.796e+07	-3.51329e+06	8.03495e+06	2.85073e+08	-2.67566e+08
1.797e+07	-3.42972e+06	8.12309e+06	2.78292e+08	-2.74718e+08
1.798e+07	-3.34397e+06	8.20905e+06	2.71334e+08	-2.81693e+08
1.799e+07	-3.25611e+06	8.29278e+06	2.64205e+08	-2.88487e+08
1.8e+07	-3.16619e+06	8.37421e+06	2.56909e+08	-2.95095e+08
1.801e+07	-3.07426e+06	8.45332e+06	2.4945e+08	-3.01513e+08
1.802e+07	-2.9804e+06	8.53004e+06	2.41833e+08	-3.07738e+08
1.803e+07	-2.88465e+06	8.60433e+06	2.34065e+08	-3.13767e+08
1.804e+07	-2.78709e+06	8.67615e+06	2.26148e+08	-3.19594e+08
1.805e+07	-2.68777e+06	8.74546e+06	2.1809e+08	-3.25218e+08
1.806e+07	-2.58677e+06	8.81221e+06	2.09894e+08	-3.30634e+08
1.807e+07	-2.48414e+06	8.87636e+06	2.01566e+08	-3.35839e+08
1.808e+07	-2.37995e+06	8.93788e+06	1.93112e+08	-3.40831e+08
1.809e+07	-2.27426e+06	8.99673e+06	1.84537e+08	-3.45606e+08
1.81e+07	-2.16715e+06	9.05287e+06	1.75846e+08	-3.50162e+08
1.811e+07	-2.05869e+06	9.10628e+06	1.67045e+08	-3.54495e+08
1.812e+07	-1.94894e+06	9.15691e+06	1.58139e+08	-3.58604e+08
1.813e+07	-1.83796e+06	9.20475e+06	1.49135e+08	-3.62485e+08
1.814e+07	-1.72584e+06	9.24975e+06	1.40037e+08	-3.66137e+08
1.815e+07	-1.61264e+06	9.29191e+06	1.30852e+08	-3.69558e+08
1.816e+07	-1.49844e+06	9.33118e+06	1.21585e+08	-3.72744e+08
1.817e+07	-1.3833e+06	9.36756e+06	1.12243e+08	-3.75696e+08
1.818e+07	-1.2673e+06	9.40101e+06	1.0283e+08	-3.7841e+08
1.819e+07	-1.15051e+06	9.43152e+06	9.33536e+07	-3.80886e+08
1.82e+07	-1.033e+06	9.45907e+06	8.38188e+07	-3.83121e+08
1.821e+07	-914846	9.48364e+06	7.42318e+07	-3.85115e+08
1.822e+07	-796125	9.50523e+06	6.45986e+07	-3.86866e+08
1.823e+07	-676909	9.52381e+06	5.49252e+07	-3.88374e+08
1.824e+07	-557271	9.53937e+06	4.52177e+07	-3.89637e+08
1.825e+07	-437286	9.55192e+06	3.5482e+07	-3.90655e+08
1.826e+07	-317030	9.56143e+06	2.57242e+07	-3.91427e+08
1.827e+07	-196577	9.56791e+06	1.59505e+07	-3.91952e+08
1.828e+07	-76000.8	9.57135e+06	6.1668e+06	-3.92231e+08
1.829e+07	44622.2	9.57174e+06	-3.6207e+06	-3.92264e+08
1.83e+07	165217	9.5691e+06	-1.3406e+07	-3.92049e+08
1.831e+07	285710	9.56341e+06	-2.31829e+07	-3.91588e+08
1.832e+07	406025	9.55469e+06	-3.29454e+07	-3.9088e+08
1.833e+07	526087	9.54294e+06	-4.26874e+07	-3.89927e+08
1.834e+07	645822	9.52816e+06	-5.24029e+07	-3.88728e+08
1.835e+07	765156	9.51037e+06	-6.20857e+07	-3.87284e+08
1.836e+07	884013	9.48957e+06	-7.173e+07	-3.85596e+08
1.837e+07	1.00232e+06	9.46578e+06	-8.13295e+07	-3.83666e+08
1.838e+07	1.12e+06	9.439e+06	-9.08785e+07	-3.81493e+08
1.839e+07	1.23699e+06	9.40927e+06	-1.00371e+08	-3.7908e+08
1.84e+07	1.3532e+06	9.37658e+06	-1.09801e+08	-3.76428e+08
1.841e+07	1.46857e+06	9.34097e+06	-1.19162e+08	-3.73538e+08
1.842e+07	1.58303e+06	9.30245e+06	-1.28449e+08	-3.70413e+08
1.843e+07	1.6965e+06	9.26105e+06	-1.37656e+08	-3.67053e+08
1.844e+07	1.8089e+06	9.21678e+06	-1.46777e+08	-3.63462e+08
1.845e+07	1.92018e+06	9.16968e+06	-1.55806e+08	-3.5964e+08
1.846e+07	2.03026e+06	9.11978e+06	-1.64738e+08	-3.55591e+08
1.847e+07	2.13907e+06	9.06709e+06	-1.73567e+08	-3.51316e+08
1.848e+07	2.24653e+06	9.01166e+06	-1.82287e+08	-3.46818e+08
1.849e+07	2.3526e+06	8.95352e+06	-1.90893e+08	-3.421e+08
1.85e+07	2.45718e+06	8.8927e+06	-1.99379e+08	-3.37165e+08
1.851e+07	2.56023e+06	8.82923e+06	-2.0774e+08	-3.32015e+08
1.852e+07	2.66166e+06	8.76316e+06	-2.15971e+08	-3.26654e+08
1.853e+07	2.76142e+06	8.69452e+06	-2.24066e+08	-3.21084e+08
1.854e+07	2.85945e+06	8.62335e+06	-2.32019e+08	-3.1531e+08
1.855e+07	2.95567e+06	8.5497e+06	-2.39827e+08	-3.09334e+08
1.856e+07	3.05003e+06	8.47361e+06	-2.47484e+08	-3.0316e+08
1.857e+07	3.14247e+06	8.39513e+06	-2.54984e+08	-2.96792e+08
1.858e+07	3.23292e+06	8.3143e+06	-2.62323e+08	-2.90233e+08
1.859e+07	3.32133e+06	8.23117e+06	-2.69497e+08	-2.83488e+08
1.86e+07	3.40763e+06	8.14579e+06	-2.765e+08	-2.7656e+08
1.861e+07	3.49177e+06	8.05821e+06	-2.83327e+08	-2.69454e+08
1.862e+07	3.5737e+06	7.96849e+06	-2.89975e+08	-2.62174e+08
1.863e+07	3.65335e+06	7.87668e+06	-2.96438e+08	-2.54724e+08
1.864e+07	3.73069e+06	7.78284e+06	-3.02713e+08	-2.47109e+08
1.865e+07	3.80564e+06	7.68701e+06	-3.08795e+08	-2.39334e+08
1.866e+07	3.87816e+06	7.58927e+06	-3.14679e+08	-2.31404e+08
1.867e+07	3.94821e+06	7.48968e+06	-3.20363e+08	-2.23322e+08
1.868e+07	4.01574e+06	7.38828e+06	-3.25842e+08	-2.15095e+08
1.869e+07	4.08069e+06	7.28515e+06	-3.31112e+08	-2.06726e+08
1.87e+07	4.14302e+06	7.18035e+06	-3.3617e+08	-1.98223e+08
1.871e+07	4.20269e+06	7.07394e+06	-3.41012e+08	-1.89589e+08
1.872e+07	4.25966e+06	6.96599e+06	-3.45634e+08	-1.80829e+08
1.873e+07	4.31388e+06	6.85657e+06	-3.50034e+08	-1.71951e+08
1.874e+07	4.36532e+06	6.74574e+06	-3.54208e+08	-1.62958e+08
1.875e+07	4.41394e+06	6.63358e+06	-3.58153e+08	-1.53857e+08
1.876e+07	4.4597e+06	6.52015e+06	-3.61866e+08	-1.44654e+08
1.877e+07	4.50257e+06	6.40553e+06	-3.65345e+08	-1.35353e+08
1.878e+07	4.54252e+06	6.28979e+06	-3.68586e+08	-1.25962e+08
1.879e+07	4.57951e+06	6.17301e+06	-3.71588e+08	-1.16486e+08
1.88e+07	4.61352e+06	6.05525e+06	-3.74347e+08	-1.06931e+08
1.881e+07	4.64452e+06	5.93659e+06	-3.76863e+08	-9.73028e+07
1.882e+07	4.67249e+06	5.81711e+06	-3.79132e+08	-8.76081e+07
1.883e+07	4.6974e+06	5.69689e+06	-3.81153e+08	-7.78531e+07
1.884e+07	4.71922e+06	5.576e+06	-3.82924e+08	-6.8044e+07
1.885e+07	4.73795e+06	5.45452e+06	-3.84443e+08	-5.81871e+07
1.886e+07	4.75356e+06	5.33253e+06	-3.8571e+08	-4.82888e+07
1.887e+07	4.76603e+06	5.21012e+06	-3.86722e+08	-3.83556e+07
1.888e+07	4.77536e+06	5.08735e+06	-3.87479e+08	-2.83941e+07
1.889e+07	4.78154e+06	4.96431e+06	-3.8798e+08	-1.84106e+07
1.89e+07	4.78454e+06	4.84108e+06	-3.88224e+08	-8.41189e+06
1.891e+07	4.78437e+06	4.71775e+06	-3.8821e+08	1.59553e+06
1.892e+07	4.78103e+06	4.59439e+06	-3.87939e+08	1.1605e+07
1.893e+07	4.77449e+06	4.47109e+06	-3.87409e+08	2.16099e+07
1.894e+07	4.76478e+06	4.34793e+06	-3.8662e+08	3.16034e+07
1.895e+07	4.75188e+06	4.22499e+06	-3.85573e+08	4.1579e+07
1.896e+07	4.7358e+06	4.10235e+06	-3.84269e+08	5.15299e+07
1.897e+07	4.71654e+06	3.9801e+06	-3.82706e+08	6.14493e+07
1.898e+07	4.69412e+06	3.85832e+06	-3.80887e+08	7.13307e+07
1.899e+07	4.66854e+06	3.7371e+06	-3.78811e+08	8.11672e+07
1.9e+07	4.63981e+06	3.6165e+06	-3.76481e+08	9.09521e+07
1.901e+07	4.60796e+06	3.49663e+06	-3.73896e+08	1.00679e+08
1.902e+07	4.57298e+06	3.37756e+06	-3.71058e+08	1.10341e+08
1.903e+07	4.53492e+06	3.25936e+06	-3.67969e+08	1.19931e+08
1.904e+07	4.49377e+06	3.14214e+06	-3.6463e+08	1.29443e+08
1.905e+07	4.44957e+06	3.02595e+06	-3.61044e+08	1.3887e+08
1.906e+07	4.40234e+06	2.91089e+06	-3.57212e+08	1.48206e+08
1.907e+07	4.35212e+06	2.79704e+06	-3.53136e+08	1.57445e+08
1.908e+07	4.29892e+06	2.68447e+06	-3.4882e+08	1.66578e+08
1.909e+07	4.24278e+06	2.57327e+06	-3.44265e+08	1.75602e+08
1.91e+07	4.18373e+06	2.46351e+06	-3.39474e+08	1.84508e+08
1.911e+07	4.12182e+06	2.35527e+06	-3.3445e+08	1.9329e+08
1.912e+07	4.05707e+06	2.24863e+06	-3.29196e+08	2.01943e+08
1.913e+07	3.98953e+06	2.14366e+06	-3.23716e+08	2.10461e+08
1.914e+07	3.91925e+06	2.04043e+06	-3.18013e+08	2.18836e+08
1.915e+07	3.84626e+06	1.93903e+06	-3.1209e+08	2.27064e+08
1.916e+07	3.77061e+06	1.83953e+06	-3.05952e+08	2.35138e+08
1.917e+07	3.69235e+06	1.74198e+06	-2.99602e+08	2.43053e+08
1.918e+07	3.61153e+06	1.64648e+06	-2.93044e+08	2.50803e+08
1.919e+07	3.52821e+06	1.55308e+06	-2.86283e+08	2.58381e+08
1.92e+07	3.44243e+06	1.46185e+06	-2.79323e+08	2.65784e+08
1.921e+07	3.35426e+06	1.37286e+06	-2.72169e+08	2.73004e+08
1.922e+07	3.26376e+06	1.28617e+06	-2.64825e+08	2.80038e+08
1.923e+07	3.17097e+06	1.20185e+06	-2.57297e+08	2.8688e+08
1.924e+07	3.07598e+06	1.11996e+06	-2.49589e+08	2.93525e+08
1.925e+07	2.97883e+06	1.04056e+06	-2.41706e+08	2.99968e+08
1.926e+07	2.8796e+06	963704	-2.33654e+08	3.06204e+08
1.927e+07	2.77835e+06	889452	-2.25439e+08	3.12229e+08
1.928e+07	2.67515e+06	817859	-2.17065e+08	3.18038e+08
1.929e+07	2.57007e+06	748977	-2.08539e+08	3.23627e+08
1.93e+07	2.46319e+06	682857	-1.99866e+08	3.28992e+08
1.931e+07	2.35457e+06	619549	-1.91053e+08	3.34129e+08
1.932e+07	2.2443e+06	559100	-1.82106e+08	3.39034e+08
1.933e+07	2.13245e+06	501555	-1.73029e+08	3.43703e+08
1.934e+07	2.01909e+06	446956	-1.63831e+08	3.48133e+08
1.935e+07	1.9043e+06	395345	-1.54518e+08	3.52321e+08
1.936e+07	1.78818e+06	346760	-1.45095e+08	3.56263e+08
1.937e+07	1.67078e+06	301237	-1.3557e+08	3.59957e+08
1.938e+07	1.55221e+06	258811	-1.25948e+08	3.634e+08
1.939e+07	1.43254e+06	219514	-1.16238e+08	3.66588e+08
1.94e+07	1.31185e+06	183375	-1.06445e+08	3.69521e+08
1.941e+07	1.19023e+06	150422	-9.65771e+07	3.72195e+08
1.942e+07	1.06777e+06	120679	-8.66405e+07	3.74608e+08
1.943e+07	944556	94168.4	-7.66425e+07	3.76759e+08
1.944e+07	820669	70910.8	-6.65902e+07	3.78646e+08
1.945e+07	696200	50923.6	-5.64906e+07	3.80268e+08
1.946e+07	571236	34221.9	-4.63508e+07	3.81623e+08
1.947e+07	445867	20818.4	-3.61782e+07	3.82711e+08
1.948e+07	320181	10723.1	-2.59799e+07	3.8353e+08
1.949e+07	194268	3943.78	-1.57632e+07	3.8408e+08
1.95e+07	68216.8	485.529	-5.5352e+06	3.84361e+08
1.951e+07	-57882.8	350.973	4.69669e+06	3.84372e+08
1.952e+07	-183941	3540.22	1.49252e+07	3.84113e+08
1.953e+07	-309869	10050.9	2.51432e+07	3.83584e+08
1.954e+07	-435577	19878	3.53433e+07	3.82787e+08
1.955e+07	-560975	33014.1	4.55183e+07	3.81721e+08
1.956e+07	-685976	49449.3	5.56609e+07	3.80388e+08
1.957e+07	-810489	69171.2	6.57641e+07	3.78787e+08
1.958e+07	-934427	92164.8	7.58206e+07	3.76922e+08
1.959e+07	-1.0577e+06	118413	8.58233e+07	3.74792e+08
1.96e+07	-1.18023e+06	147895	9.57652e+07	3.724e+08
1.961e+07	-1.30192e+06	180590	1.05639e+08	3.69747e+08
1.962e+07	-1.42268e+06	216472	1.15438e+08	3.66835e+08
1.963e+07	-1.54244e+06	255515	1.25156e+08	3.63667e+08
1.964e+07	-1.66111e+06	297690	1.34785e+08	3.60245e+08
1.965e+07	-1.7786e+06	342963	1.44318e+08	3.56572e+08
1.966e+07	-1.89484e+06	391303	1.53749e+08	3.52649e+08
1.967e+07	-2.00973e+06	442671	1.63072e+08	3.48481e+08
1.968e+07	-2.12321e+06	497031	1.7228e+08	3.4407e+08
1.969e+07	-2.23519e+06	554340	1.81366e+08	3.3942e+08
1.97e+07	-2.3456e+06	614557	1.90325e+08	3.34534e+08
1.971e+07	-2.45435e+06	677636	1.99149e+08	3.29416e+08
1.972e+07	-2.56138e+06	743531	2.07833e+08	3.24069e+08
1.973e+07	-2.6666e+06	812193	2.16372e+08	3.18498e+08
1.974e+07	-2.76996e+06	883570	2.24758e+08	3.12706e+08
1.975e+07	-2.87137e+06	957611	2.32987e+08	3.06698e+08
1.976e+07	-2.97077e+06	1.03426e+06	2.41052e+08	3.00479e+08
1.977e+07	-3.06809e+06	1.11346e+06	2.48949e+08	2.94052e+08
1.978e+07	-3.16326e+06	1.19515e+06	2.56671e+08	2.87424e+08
1.979e+07	-3.25623e+06	1.27928e+06	2.64214e+08	2.80597e+08
1.98e+07	-3.34692e+06	1.36578e+06	2.71573e+08	2.73579e+08
1.981e+07	-3.43528e+06	1.45459e+06	2.78743e+08	2.66373e+08
1.982e+07	-3.52125e+06	1.54564e+06	2.85719e+08	2.58985e+08
1.983e+07	-3.60478e+06	1.63887e+06	2.92496e+08	2.5142e+08
1.984e+07	-3.6858e+06	1.73421e+06	2.99071e+08	2.43684e+08
1.985e+07	-3.76427e+06	1.83159e+06	3.05438e+08	2.35782e+08
1.986e+07	-3.84013e+06	1.93095e+06	3.11593e+08	2.2772e+08
1.987e+07	-3.91334e+06	2.0322e+06	3.17534e+08	2.19504e+08
1.988e+07	-3.98385e+06	2.13528e+06	3.23255e+08	2.1114e+08
1.989e+07	-4.05161e+06	2.24012e+06	3.28753e+08	2.02634e+08
1.99e+07	-4.11659e+06	2.34663e+06	3.34025e+08	1.93991e+08
1.991e+07	-4.17873e+06	2.45475e+06	3.39068e+08	1.85219e+08
1.992e+07	-4.23801e+06	2.56439e+06	3.43878e+08	1.76322e+08
1.993e+07	-4.29439e+06	2.67548e+06	3.48452e+08	1.67308e+08
1.994e+07	-4.34782e+06	2.78795e+06	3.52788e+08	1.58182e+08
1.995e+07	-4.39829e+06	2.9017e+06	3.56883e+08	1.48952e+08
1.996e+07	-4.44576e+06	3.01667e+06	3.60735e+08	1.39623e+08
1.997e+07	-4.49021e+06	3.13277e+06	3.64341e+08	1.30203e+08
1.998e+07	-4.5316e+06	3.24992e+06	3.677e+08	1.20697e+08
1.999e+07	-4.56992e+06	3.36804e+06	3.70809e+08	1.11113e+08
2e+07	-4.60514e+06	3.48705e+06	3.73667e+08	1.01456e+08
2.001e+07	-4.63725e+06	3.60687e+06	3.76272e+08	9.17342e+07
2.002e+07	-4.66623e+06	3.72741e+06	3.78624e+08	8.19534e+07
2.003e+07	-4.69206e+06	3.84859e+06	3.8072e+08	7.21205e+07
2.004e+07	-4.71473e+06	3.97033e+06	3.8256e+08	6.22422e+07
2.005e+07	-4.73424e+06	4.09255e+06	3.84143e+08	5.23253e+07
2.006e+07	-4.75058e+06	4.21516e+06	3.85468e+08	4.23764e+07
2.007e+07	-4.76373e+06	4.33808e+06	3.86535e+08	3.24023e+07
2.008e+07	-4.7737e+06	4.46123e+06	3.87345e+08	2.24097e+07
2.009e+07	-4.78049e+06	4.58453e+06	3.87895e+08	1.24052e+07
2.01e+07	-4.78409e+06	4.70789e+06	3.88188e+08	2.39558e+06
2.011e+07	-4.78452e+06	4.83123e+06	3.88222e+08	-7.61252e+06
2.012e+07	-4.78176e+06	4.95447e+06	3.87999e+08	-1.76125e+07
2.013e+07	-4.77584e+06	5.07753e+06	3.87518e+08	-2.75976e+07
2.014e+07	-4.76677e+06	5.20033e+06	3.86782e+08	-3.75615e+07
2.015e+07	-4.75454e+06	5.32278e+06	3.85789e+08	-4.74974e+07
2.016e+07	-4.73918e+06	5.44481e+06	3.84543e+08	-5.7399e+07
2.017e+07	-4.7207e+06	5.56633e+06	3.83044e+08	-6.72597e+07
2.018e+07	-4.69912e+06	5.68728e+06	3.81293e+08	-7.70731e+07
2.019e+07	-4.67446e+06	5.80756e+06	3.79292e+08	-8.68329e+07
2.02e+07	-4.64673e+06	5.9271e+06	3.77042e+08	-9.65328e+07
2.021e+07	-4.61597e+06	6.04583e+06	3.74546e+08	-1.06167e+08
2.022e+07	-4.5822e+06	6.16367e+06	3.71806e+08	-1.15728e+08
2.023e+07	-4.54544e+06	6.28054e+06	3.68823e+08	-1.25211e+08
2.024e+07	-4.50573e+06	6.39637e+06	3.65601e+08	-1.34609e+08
2.025e+07	-4.46309e+06	6.51108e+06	3.62141e+08	-1.43918e+08
2.026e+07	-4.41756e+06	6.62461e+06	3.58446e+08	-1.53129e+08
2.027e+07	-4.36916e+06	6.73687e+06	3.54519e+08	-1.62239e+08
2.028e+07	-4.31794e+06	6.84781e+06	3.50364e+08	-1.7124e+08
2.029e+07	-4.26394e+06	6.95735e+06	3.45981e+08	-1.80128e+08
2.03e+07	-4.20719e+06	7.06542e+06	3.41377e+08	-1.88897e+08
2.031e+07	-4.14773e+06	7.17196e+06	3.36552e+08	-1.97542e+08
2.032e+07	-4.0856e+06	7.27689e+06	3.31511e+08	-2.06056e+08
2.033e+07	-4.02085e+06	7.38016e+06	3.26257e+08	-2.14436e+08
2.034e+07	-3.95353e+06	7.4817e+06	3.20795e+08	-2.22675e+08
2.035e+07	-3.88368e+06	7.58144e+06	3.15127e+08	-2.30768e+08
2.036e+07	-3.81135e+06	7.67933e+06	3.09258e+08	-2.38711e+08
2.037e+07	-3.73658e+06	7.77531e+06	3.03191e+08	-2.46499e+08
2.038e+07	-3.65944e+06	7.86932e+06	2.96931e+08	-2.54127e+08
2.039e+07	-3.57996e+06	7.96129e+06	2.90483e+08	-2.6159e+08
2.04e+07	-3.49821e+06	8.05118e+06	2.83849e+08	-2.68883e+08
2.041e+07	-3.41424e+06	8.13893e+06	2.77036e+08	-2.76004e+08
2.042e+07	-3.32811e+06	8.22449e+06	2.70047e+08	-2.82946e+08
2.043e+07	-3.23986e+06	8.3078e+06	2.62887e+08	-2.89706e+08
2.044e+07	-3.14957e+06	8.38882e+06	2.5556e+08	-2.96279e+08
2.045e+07	-3.05729e+06	8.46749e+06	2.48072e+08	-3.02663e+08
2.046e+07	-2.96307e+06	8.54377e+06	2.40428e+08	-3.08853e+08
2.047e+07	-2.86699e+06	8.61762e+06	2.32632e+08	-3.14845e+08
2.048e+07	-2.76911e+06	8.68898e+06	2.24689e+08	-3.20635e+08
2.049e+07	-2.66948e+06	8.75782e+06	2.16605e+08	-3.26221e+08
2.05e+07	-2.56817e+06	8.8241e+06	2.08385e+08	-3.31599e+08
2.051e+07	-2.46525e+06	8.88778e+06	2.00034e+08	-3.36766e+08
2.052e+07	-2.36078e+06	8.94881e+06	1.91557e+08	-3.41718e+08
2.053e+07	-2.25483e+06	9.00717e+06	1.8296e+08	-3.46453e+08
2.054e+07	-2.14747e+06	9.06282e+06	1.74249e+08	-3.50969e+08
2.055e+07	-2.03877e+06	9.11572e+06	1.65428e+08	-3.55261e+08
2.056e+07	-1.92879e+06	9.16584e+06	1.56504e+08	-3.59329e+08
2.057e+07	-1.8176e+06	9.21317e+06	1.47482e+08	-3.63168e+08
2.058e+07	-1.70528e+06	9.25766e+06	1.38368e+08	-3.66778e+08
2.059e+07	-1.59189e+06	9.29929e+06	1.29168e+08	-3.70156e+08
2.06e+07	-1.47751e+06	9.33804e+06	1.19887e+08	-3.733e+08
2.061e+07	-1.36221e+06	9.37388e+06	1.10531e+08	-3.76209e+08
2.062e+07	-1.24605e+06	9.40679e+06	1.01107e+08	-3.7888e+08
2.063e+07	-1.12913e+06	9.43677e+06	9.16188e+07	-3.81311e+08
2.064e+07	-1.0115e+06	9.46377e+06	8.20741e+07	-3.83503e+08
2.065e+07	-893235	9.4878e+06	7.24782e+07	-3.85453e+08
2.066e+07	-774417	9.50884e+06	6.28372e+07	-3.8716e+08
2.067e+07	-655118	9.52687e+06	5.31572e+07	-3.88623e+08
2.068e+07	-535412	9.54188e+06	4.3444e+07	-3.89841e+08
2.069e+07	-415372	9.55388e+06	3.37039e+07	-3.90814e+08
2.07e+07	-295074	9.56284e+06	2.39427e+07	-3.91541e+08
2.071e+07	-174593	9.56876e+06	1.41667e+07	-3.92022e+08
2.072e+07	-54003.2	9.57164e+06	4.38189e+06	-3.92256e+08
2.073e+07	66620.4	9.57149e+06	-5.40566e+06	-3.92243e+08
2.074e+07	187202	9.56829e+06	-1.51899e+07	-3.91983e+08
2.075e+07	307668	9.56205e+06	-2.49646e+07	-3.91477e+08
2.076e+07	427943	9.55278e+06	-3.47238e+07	-3.90725e+08
2.077e+07	547951	9.54047e+06	-4.44614e+07	-3.89726e+08
2.078e+07	667618	9.52514e+06	-5.41714e+07	-3.88483e+08
2.079e+07	786870	9.5068e+06	-6.38477e+07	-3.86994e+08
2.08e+07	905633	9.48545e+06	-7.34842e+07	-3.85262e+08
2.081e+07	1.02383e+06	9.46112e+06	-8.3075e+07	-3.83287e+08
2.082e+07	1.14139e+06	9.4338e+06	-9.26141e+07	-3.81071e+08
2.083e+07	1.25824e+06	9.40352e+06	-1.02095e+08	-3.78614e+08
2.084e+07	1.37431e+06	9.37031e+06	-1.11513e+08	-3.75919e+08
2.085e+07	1.48952e+06	9.33416e+06	-1.20861e+08	-3.72986e+08
2.086e+07	1.6038e+06	9.29511e+06	-1.30134e+08	-3.69818e+08
2.087e+07	1.71708e+06	9.25319e+06	-1.39326e+08	-3.66416e+08
2.088e+07	1.82928e+06	9.2084e+06	-1.48431e+08	-3.62782e+08
2.089e+07	1.94035e+06	9.16079e+06	-1.57442e+08	-3.58918e+08
2.09e+07	2.0502e+06	9.11037e+06	-1.66356e+08	-3.54828e+08
2.091e+07	2.15877e+06	9.05719e+06	-1.75165e+08	-3.50512e+08
2.092e+07	2.26598e+06	9.00126e+06	-1.83865e+08	-3.45974e+08
2.093e+07	2.37178e+06	8.94263e+06	-1.92449e+08	-3.41216e+08
2.094e+07	2.47609e+06	8.88132e+06	-2.00913e+08	-3.36242e+08
2.095e+07	2.57885e+06	8.81737e+06	-2.09251e+08	-3.31053e+08
2.096e+07	2.67998e+06	8.75083e+06	-2.17457e+08	-3.25654e+08
2.097e+07	2.77943e+06	8.68172e+06	-2.25527e+08	-3.20046e+08
2.098e+07	2.87713e+06	8.6101e+06	-2.33454e+08	-3.14235e+08
2.099e+07	2.97302e+06	8.536e+06	-2.41235e+08	-3.08223e+08
2.1e+07	3.06704e+06	8.45947e+06	-2.48864e+08	-3.02013e+08
2.101e+07	3.15912e+06	8.38056e+06	-2.56335e+08	-2.95609e+08
2.102e+07	3.2492e+06	8.2993e+06	-2.63644e+08	-2.89016e+08
2.103e+07	3.33723e+06	8.21576e+06	-2.70787e+08	-2.82238e+08
2.104e+07	3.42314e+06	8.12998e+06	-2.77758e+08	-2.75277e+08
2.105e+07	3.50688e+06	8.04201e+06	-2.84553e+08	-2.68139e+08
2.106e+07	3.5884e+06	7.9519e+06	-2.91167e+08	-2.60828e+08
2.107e+07	3.66763e+06	7.85971e+06	-2.97596e+08	-2.53348e+08
2.108e+07	3.74453e+06	7.76551e+06	-3.03836e+08	-2.45703e+08
2.109e+07	3.81905e+06	7.66933e+06	-3.09883e+08	-2.37899e+08
2.11e+07	3.89113e+06	7.57125e+06	-3.15731e+08	-2.29941e+08
2.111e+07	3.96072e+06	7.47132e+06	-3.21378e+08	-2.21832e+08
2.112e+07	4.02778e+06	7.3696e+06	-3.26819e+08	-2.13579e+08
2.113e+07	4.09225e+06	7.26616e+06	-3.32051e+08	-2.05186e+08
2.114e+07	4.1541e+06	7.16106e+06	-3.37069e+08	-1.96658e+08
2.115e+07	4.21328e+06	7.05436e+06	-3.41871e+08	-1.88e+08
2.116e+07	4.26976e+06	6.94614e+06	-3.46453e+08	-1.79219e+08
2.117e+07	4.32347e+06	6.83646e+06	-3.50812e+08	-1.70319e+08
2.118e+07	4.3744e+06	6.72538e+06	-3.54945e+08	-1.61306e+08
2.119e+07	4.4225e+06	6.61299e+06	-3.58848e+08	-1.52186e+08
2.12e+07	4.46774e+06	6.49934e+06	-3.62518e+08	-1.42965e+08
2.121e+07	4.51008e+06	6.38451e+06	-3.65954e+08	-1.33647e+08
2.122e+07	4.54949e+06	6.26857e+06	-3.69152e+08	-1.2424e+08
2.123e+07	4.58594e+06	6.1516e+06	-3.72109e+08	-1.14749e+08
2.124e+07	4.6194e+06	6.03367e+06	-3.74824e+08	-1.0518e+08
2.125e+07	4.64985e+06	5.91486e+06	-3.77295e+08	-9.55395e+07
2.126e+07	4.67726e+06	5.79524e+06	-3.79519e+08	-8.58334e+07
2.127e+07	4.70161e+06	5.67489e+06	-3.81494e+08	-7.6068e+07
2.128e+07	4.72287e+06	5.55389e+06	-3.8322e+08	-6.62497e+07
2.129e+07	4.74103e+06	5.43231e+06	-3.84693e+08	-5.63847e+07
2.13e+07	4.75607e+06	5.31024e+06	-3.85913e+08	-4.64796e+07
2.131e+07	4.76797e+06	5.18775e+06	-3.86879e+08	-3.65408e+07
2.132e+07	4.77673e+06	5.06493e+06	-3.8759e+08	-2.65747e+07
2.133e+07	4.78232e+06	4.94185e+06	-3.88044e+08	-1.6588e+07
2.134e+07	4.78475e+06	4.8186e+06	-3.88241e+08	-6.58721e+06
2.135e+07	4.784e+06	4.69525e+06	-3.8818e+08	3.42108e+06
2.136e+07	4.78007e+06	4.5719e+06	-3.87861e+08	1.34302e+07
2.137e+07	4.77296e+06	4.44862e+06	-3.87284e+08	2.34335e+07
2.138e+07	4.76266e+06	4.32549e+06	-3.86449e+08	3.34243e+07
2.139e+07	4.74918e+06	4.2026e+06	-3.85355e+08	4.33958e+07
2.14e+07	4.73252e+06	4.08002e+06	-3.84003e+08	5.33415e+07
2.141e+07	4.71269e+06	3.95785e+06	-3.82394e+08	6.32545e+07
2.142e+07	4.68969e+06	3.83617e+06	-3.80528e+08	7.31282e+07
2.143e+07	4.66354e+06	3.71505e+06	-3.78405e+08	8.29558e+07
2.144e+07	4.63424e+06	3.59459e+06	-3.76028e+08	9.27306e+07
2.145e+07	4.60181e+06	3.47485e+06	-3.73397e+08	1.02446e+08
2.146e+07	4.56627e+06	3.35593e+06	-3.70513e+08	1.12095e+08
2.147e+07	4.52764e+06	3.23791e+06	-3.67379e+08	1.21672e+08
2.148e+07	4.48594e+06	3.12087e+06	-3.63995e+08	1.31169e+08
2.149e+07	4.44118e+06	3.00488e+06	-3.60363e+08	1.4058e+08
2.15e+07	4.39341e+06	2.89004e+06	-3.56487e+08	1.49899e+08
2.151e+07	4.34263e+06	2.77641e+06	-3.52367e+08	1.59118e+08
2.152e+07	4.2889e+06	2.66409e+06	-3.48007e+08	1.68232e+08
2.153e+07	4.23222e+06	2.55314e+06	-3.43408e+08	1.77235e+08
2.154e+07	4.17265e+06	2.44365e+06	-3.38575e+08	1.86119e+08
2.155e+07	4.11022e+06	2.3357e+06	-3.33509e+08	1.94878e+08
2.156e+07	4.04496e+06	2.22936e+06	-3.28213e+08	2.03507e+08
2.157e+07	3.97692e+06	2.1247e+06	-3.22692e+08	2.11999e+08
2.158e+07	3.90613e+06	2.0218e+06	-3.16949e+08	2.20348e+08
2.159e+07	3.83266e+06	1.92074e+06	-3.10987e+08	2.28548e+08
2.16e+07	3.75653e+06	1.82159e+06	-3.04809e+08	2.36594e+08
2.161e+07	3.6778e+06	1.72441e+06	-2.98421e+08	2.44479e+08
2.162e+07	3.59652e+06	1.62929e+06	-2.91826e+08	2.52198e+08
2.163e+07	3.51274e+06	1.53628e+06	-2.85029e+08	2.59745e+08
2.164e+07	3.42653e+06	1.44545e+06	-2.78033e+08	2.67114e+08
2.165e+07	3.33793e+06	1.35688e+06	-2.70844e+08	2.74301e+08
2.166e+07	3.247e+06	1.27062e+06	-2.63466e+08	2.81301e+08
2.167e+07	3.15381e+06	1.18673e+06	-2.55904e+08	2.88107e+08
2.168e+07	3.05842e+06	1.10529e+06	-2.48164e+08	2.94715e+08
2.169e+07	2.96088e+06	1.02635e+06	-2.4025e+08	3.01121e+08
2.17e+07	2.86128e+06	949966	-2.32168e+08	3.07319e+08
2.171e+07	2.75967e+06	876195	-2.23923e+08	3.13304e+08
2.172e+07	2.65612e+06	805092	-2.15521e+08	3.19074e+08
2.173e+07	2.55071e+06	736711	-2.06968e+08	3.24622e+08
2.174e+07	2.44351e+06	671100	-1.98269e+08	3.29946e+08
2.175e+07	2.33458e+06	608310	-1.89431e+08	3.35041e+08
2.176e+07	2.22402e+06	548387	-1.8046e+08	3.39903e+08
2.177e+07	2.11188e+06	491376	-1.71361e+08	3.44529e+08
2.178e+07	1.99826e+06	437319	-1.62141e+08	3.48915e+08
2.179e+07	1.88322e+06	386257	-1.52807e+08	3.53059e+08
2.18e+07	1.76686e+06	338228	-1.43365e+08	3.56956e+08
2.181e+07	1.64924e+06	293268	-1.33822e+08	3.60604e+08
2.182e+07	1.53046e+06	251410	-1.24184e+08	3.64e+08
2.183e+07	1.4106e+06	212687	-1.14458e+08	3.67142e+08
2.184e+07	1.28974e+06	177127	-1.04651e+08	3.70028e+08
2.185e+07	1.16796e+06	144757	-9.47698e+07	3.72654e+08
2.186e+07	1.04536e+06	115602	-8.48215e+07	3.7502e+08
2.187e+07	922009	89683.6	-7.4813e+07	3.77123e+08
2.188e+07	798010	67021.3	-6.47515e+07	3.78962e+08
2.189e+07	673443	47632.2	-5.46441e+07	3.80535e+08
2.19e+07	548399	31531.2	-4.44978e+07	3.81842e+08
2.191e+07	422966	18730.3	-3.432e+07	3.8288e+08
2.192e+07	297232	9239.3	-2.41178e+07	3.8365e+08
2.193e+07	171287	3065.35	-1.38984e+07	3.84151e+08
2.194e+07	45220	213.144	-3.66921e+06	3.84383e+08
2.195e+07	-80878.7	684.842	6.56261e+06	3.84344e+08
2.196e+07	-206920	4480.09	1.67898e+07	3.84036e+08
2.197e+07	-332814	11596	2.7005e+07	3.83459e+08
2.198e+07	-458472	22027.2	3.72011e+07	3.82613e+08
2.199e+07	-583805	35765.9	4.73707e+07	3.81498e+08
2.2e+07	-708723	52801.5	5.75067e+07	3.80116e+08
2.201e+07	-833138	73121.2	6.76019e+07	3.78467e+08
2.202e+07	-956962	96709.7	7.76491e+07	3.76553e+08
2.203e+07	-1.08011e+06	123549	8.76413e+07	3.74375e+08
2.204e+07	-1.20249e+06	153619	9.75713e+07	3.71935e+08
2.205e+07	-1.32401e+06	186897	1.07432e+08	3.69235e+08
2.206e+07	-1.4446e+06	223358	1.17217e+08	3.66276e+08
2.207e+07	-1.56417e+06	262974	1.26919e+08	3.63062e+08
2.208e+07	-1.68263e+06	305716	1.36531e+08	3.59594e+08
2.209e+07	-1.7999e+06	351552	1.46046e+08	3.55875e+08
2.21e+07	-1.91589e+06	400446	1.55458e+08	3.51907e+08
2.211e+07	-2.03054e+06	452363	1.6476e+08	3.47695e+08
2.212e+07	-2.14375e+06	507264	1.73946e+08	3.4324e+08
2.213e+07	-2.25545e+06	565107	1.8301e+08	3.38546e+08
2.214e+07	-2.36556e+06	625849	1.91944e+08	3.33618e+08
2.215e+07	-2.474e+06	689446	2.00744e+08	3.28457e+08
2.216e+07	-2.5807e+06	755849	2.09402e+08	3.23069e+08
2.217e+07	-2.68559e+06	825010	2.17913e+08	3.17458e+08
2.218e+07	-2.7886e+06	896877	2.26271e+08	3.11626e+08
2.219e+07	-2.88965e+06	971397	2.3447e+08	3.0558e+08
2.22e+07	-2.98867e+06	1.04852e+06	2.42505e+08	2.99322e+08
2.221e+07	-3.08561e+06	1.12817e+06	2.5037e+08	2.92858e+08
2.222e+07	-3.18038e+06	1.21032e+06	2.5806e+08	2.86193e+08
2.223e+07	-3.27294e+06	1.29488e+06	2.6557e+08	2.79332e+08
2.224e+07	-3.36321e+06	1.38181e+06	2.72895e+08	2.72278e+08
2.225e+07	-3.45114e+06	1.47103e+06	2.8003e+08	2.65039e+08
2.226e+07	-3.53667e+06	1.56248e+06	2.8697e+08	2.57618e+08
2.227e+07	-3.61974e+06	1.6561e+06	2.93711e+08	2.50022e+08
2.228e+07	-3.7003e+06	1.75182e+06	3.00248e+08	2.42255e+08
2.229e+07	-3.7783e+06	1.84957e+06	3.06576e+08	2.34323e+08
2.23e+07	-3.85368e+06	1.94928e+06	3.12693e+08	2.26233e+08
2.231e+07	-3.9264e+06	2.05087e+06	3.18594e+08	2.1799e+08
2.232e+07	-3.99641e+06	2.15427e+06	3.24274e+08	2.09599e+08
2.233e+07	-4.06367e+06	2.25942e+06	3.29732e+08	2.01068e+08
2.234e+07	-4.12813e+06	2.36623e+06	3.34962e+08	1.92401e+08
2.235e+07	-4.18976e+06	2.47463e+06	3.39962e+08	1.83605e+08
2.236e+07	-4.24851e+06	2.58455e+06	3.4473e+08	1.74687e+08
2.237e+07	-4.30435e+06	2.69589e+06	3.49261e+08	1.65652e+08
2.238e+07	-4.35725e+06	2.8086e+06	3.53553e+08	1.56507e+08
2.239e+07	-4.40717e+06	2.92258e+06	3.57604e+08	1.47258e+08
2.24e+07	-4.45409e+06	3.03776e+06	3.61411e+08	1.37912e+08
2.241e+07	-4.49798e+06	3.15406e+06	3.64972e+08	1.28476e+08
2.242e+07	-4.53882e+06	3.27139e+06	3.68286e+08	1.18955e+08
2.243e+07	-4.57657e+06	3.38968e+06	3.71349e+08	1.09357e+08
2.244e+07	-4.61123e+06	3.50884e+06	3.74161e+08	9.96878e+07
2.245e+07	-4.64277e+06	3.6288e+06	3.7672e+08	8.99545e+07
2.246e+07	-4.67117e+06	3.74946e+06	3.79025e+08	8.01637e+07
2.247e+07	-4.69643e+06	3.87075e+06	3.81074e+08	7.03221e+07
2.248e+07	-4.71853e+06	3.99259e+06	3.82868e+08	6.04363e+07
2.249e+07	-4.73746e+06	4.11488e+06	3.84404e+08	5.0513e+07
2.25e+07	-4.75321e+06	4.23756e+06	3.85682e+08	4.0559e+07
2.251e+07	-4.76579e+06	4.36053e+06	3.86702e+08	3.0581e+07
2.252e+07	-4.77518e+06	4.48371e+06	3.87464e+08	2.05858e+07
2.253e+07	-4.78139e+06	4.60703e+06	3.87968e+08	1.05798e+07
2.254e+07	-4.78441e+06	4.73039e+06	3.88213e+08	570014
2.255e+07	-4.78425e+06	4.85372e+06	3.882e+08	-9.43709e+06
2.256e+07	-4.78092e+06	4.97693e+06	3.8793e+08	-1.94348e+07
2.257e+07	-4.77442e+06	5.09995e+06	3.87403e+08	-2.94166e+07
2.258e+07	-4.76477e+06	5.22269e+06	3.8662e+08	-3.93758e+07
2.259e+07	-4.75197e+06	5.34507e+06	3.85581e+08	-4.9306e+07
2.26e+07	-4.73604e+06	5.46701e+06	3.84288e+08	-5.92006e+07
2.261e+07	-4.71699e+06	5.58844e+06	3.82743e+08	-6.90531e+07
2.262e+07	-4.69485e+06	5.70927e+06	3.80946e+08	-7.88573e+07
2.263e+07	-4.66963e+06	5.82942e+06	3.789e+08	-8.86066e+07
2.264e+07	-4.64135e+06	5.94882e+06	3.76605e+08	-9.82949e+07
2.265e+07	-4.61004e+06	6.06739e+06	3.74065e+08	-1.07916e+08
2.266e+07	-4.57572e+06	6.18506e+06	3.7128e+08	-1.17464e+08
2.267e+07	-4.53842e+06	6.30174e+06	3.68253e+08	-1.26932e+08
2.268e+07	-4.49817e+06	6.41737e+06	3.64987e+08	-1.36314e+08
2.269e+07	-4.455e+06	6.53188e+06	3.61485e+08	-1.45605e+08
2.27e+07	-4.40894e+06	6.64518e+06	3.57747e+08	-1.54798e+08
2.271e+07	-4.36003e+06	6.75721e+06	3.53779e+08	-1.63889e+08
2.272e+07	-4.3083e+06	6.8679e+06	3.49581e+08	-1.7287e+08
2.273e+07	-4.25379e+06	6.97717e+06	3.45158e+08	-1.81737e+08
2.274e+07	-4.19654e+06	7.08497e+06	3.40513e+08	-1.90483e+08
2.275e+07	-4.13659e+06	7.19122e+06	3.35649e+08	-1.99105e+08
2.276e+07	-4.07399e+06	7.29585e+06	3.30569e+08	-2.07595e+08
2.277e+07	-4.00877e+06	7.39881e+06	3.25277e+08	-2.15949e+08
2.278e+07	-3.94098e+06	7.50002e+06	3.19776e+08	-2.24162e+08
2.279e+07	-3.87067e+06	7.59944e+06	3.14071e+08	-2.32228e+08
2.28e+07	-3.79789e+06	7.69698e+06	3.08166e+08	-2.40143e+08
2.281e+07	-3.72269e+06	7.79261e+06	3.02064e+08	-2.47902e+08
2.282e+07	-3.64511e+06	7.88624e+06	2.95769e+08	-2.555e+08
2.283e+07	-3.56522e+06	7.97784e+06	2.89287e+08	-2.62933e+08
2.284e+07	-3.48306e+06	8.06735e+06	2.8262e+08	-2.70195e+08
2.285e+07	-3.39869e+06	8.1547e+06	2.75774e+08	-2.77283e+08
2.286e+07	-3.31217e+06	8.23985e+06	2.68754e+08	-2.84192e+08
2.287e+07	-3.22355e+06	8.32275e+06	2.61563e+08	-2.90919e+08
2.288e+07	-3.13289e+06	8.40334e+06	2.54206e+08	-2.97458e+08
2.289e+07	-3.04025e+06	8.48158e+06	2.4669e+08	-3.03807e+08
2.29e+07	-2.94569e+06	8.55742e+06	2.39017e+08	-3.0996e+08
2.291e+07	-2.84927e+06	8.63082e+06	2.31194e+08	-3.15916e+08
2.292e+07	-2.75106e+06	8.70173e+06	2.23225e+08	-3.21669e+08
2.293e+07	-2.65112e+06	8.7701e+06	2.15116e+08	-3.27218e+08
2.294e+07	-2.54952e+06	8.83591e+06	2.06871e+08	-3.32557e+08
2.295e+07	-2.44631e+06	8.89911e+06	1.98497e+08	-3.37685e+08
2.296e+07	-2.34157e+06	8.95966e+06	1.89998e+08	-3.42598e+08
2.297e+07	-2.23536e+06	9.01752e+06	1.8138e+08	-3.47293e+08
2.298e+07	-2.12774e+06	9.07267e+06	1.72648e+08	-3.51768e+08
2.299e+07	-2.0188e+06	9.12507e+06	1.63808e+08	-3.5602e+08
2.3e+07	-1.9086e+06	9.17468e+06	1.54866e+08	-3.60046e+08
2.301e+07	-1.7972e+06	9.22149e+06	1.45827e+08	-3.63844e+08
2.302e+07	-1.68467e+06	9.26546e+06	1.36697e+08	-3.67412e+08
2.303e+07	-1.5711e+06	9.30657e+06	1.27481e+08	-3.70747e+08
2.304e+07	-1.45655e+06	9.34479e+06	1.18186e+08	-3.73848e+08
2.305e+07	-1.34108e+06	9.3801e+06	1.08817e+08	-3.76714e+08
2.306e+07	-1.22479e+06	9.41248e+06	9.93807e+07	-3.79341e+08
2.307e+07	-1.10772e+06	9.44191e+06	8.98822e+07	-3.81729e+08
2.308e+07	-989972	9.46838e+06	8.03276e+07	-3.83877e+08
2.309e+07	-871604	9.49186e+06	7.07231e+07	-3.85782e+08
2.31e+07	-752694	9.51235e+06	6.10746e+07	-3.87445e+08
2.311e+07	-633315	9.52983e+06	5.1388e+07	-3.88863e+08
2.312e+07	-513542	9.5443e+06	4.16695e+07	-3.90037e+08
2.313e+07	-393450	9.55574e+06	3.1925e+07	-3.90965e+08
2.314e+07	-273113	9.56414e+06	2.21607e+07	-3.91647e+08
2.315e+07	-152606	9.56951e+06	1.23827e+07	-3.92083e+08
2.316e+07	-32004.4	9.57184e+06	2.59688e+06	-3.92272e+08
2.317e+07	88617.1	9.57113e+06	-7.19051e+06	-3.92214e+08
2.318e+07	209184	9.56738e+06	-1.69734e+07	-3.91909e+08
2.319e+07	329620	9.56058e+06	-2.67458e+07	-3.91358e+08
2.32e+07	449851	9.55076e+06	-3.65015e+07	-3.90561e+08
2.321e+07	569803	9.5379e+06	-4.62346e+07	-3.89518e+08
2.322e+07	689400	9.52202e+06	-5.59388e+07	-3.88229e+08
2.323e+07	808569	9.50313e+06	-6.56083e+07	-3.86696e+08
2.324e+07	927234	9.48124e+06	-7.52369e+07	-3.8492e+08
2.325e+07	1.04532e+06	9.45636e+06	-8.48188e+07	-3.82901e+08
2.326e+07	1.16276e+06	9.4285e+06	-9.43477e+07	-3.80641e+08
2.327e+07	1.27947e+06	9.39769e+06	-1.03818e+08	-3.7814e+08
2.328e+07	1.39539e+06	9.36393e+06	-1.13223e+08	-3.75402e+08
2.329e+07	1.51043e+06	9.32726e+06	-1.22558e+08	-3.72426e+08
2.33e+07	1.62453e+06	9.28768e+06	-1.31817e+08	-3.69215e+08
2.331e+07	1.73762e+06	9.24523e+06	-1.40993e+08	-3.6577e+08
2.332e+07	1.84963e+06	9.19993e+06	-1.50081e+08	-3.62094e+08
2.333e+07	1.96048e+06	9.1518e+06	-1.59076e+08	-3.58189e+08
2.334e+07	2.0701e+06	9.10088e+06	-1.6797e+08	-3.54057e+08
2.335e+07	2.17843e+06	9.04719e+06	-1.7676e+08	-3.49701e+08
2.336e+07	2.28539e+06	8.99077e+06	-1.85439e+08	-3.45123e+08
2.337e+07	2.39092e+06	8.93164e+06	-1.94002e+08	-3.40325e+08
2.338e+07	2.49495e+06	8.86985e+06	-2.02443e+08	-3.35311e+08
2.339e+07	2.59741e+06	8.80543e+06	-2.10758e+08	-3.30084e+08
2.34e+07	2.69825e+06	8.73841e+06	-2.18939e+08	-3.24646e+08
2.341e+07	2.79738e+06	8.66885e+06	-2.26983e+08	-3.19002e+08
2.342e+07	2.89476e+06	8.59677e+06	-2.34885e+08	-3.13153e+08
2.343e+07	2.99031e+06	8.52223e+06	-2.42638e+08	-3.07105e+08
2.344e+07	3.08398e+06	8.44526e+06	-2.50238e+08	-3.00859e+08
2.345e+07	3.1757e+06	8.36591e+06	-2.5768e+08	-2.94421e+08
2.346e+07	3.26541e+06	8.28424e+06	-2.64959e+08	-2.87794e+08
2.347e+07	3.35305e+06	8.20028e+06	-2.72071e+08	-2.80981e+08
2.348e+07	3.43857e+06	8.11409e+06	-2.7901e+08	-2.73988e+08
2.349e+07	3.52192e+06	8.02573e+06	-2.85773e+08	-2.66818e+08
2.35e+07	3.60302e+06	7.93524e+06	-2.92354e+08	-2.59476e+08
2.351e+07	3.68183e+06	7.84268e+06	-2.98749e+08	-2.51965e+08
2.352e+07	3.7583e+06	7.74811e+06	-3.04954e+08	-2.44292e+08
2.353e+07	3.83238e+06	7.65158e+06	-3.10964e+08	-2.36459e+08
2.354e+07	3.90401e+06	7.55316e+06	-3.16776e+08	-2.28473e+08
2.355e+07	3.97314e+06	7.4529e+06	-3.22386e+08	-2.20338e+08
2.356e+07	4.03973e+06	7.35086e+06	-3.27789e+08	-2.12058e+08
2.357e+07	4.10373e+06	7.24711e+06	-3.32982e+08	-2.0364e+08
2.358e+07	4.1651e+06	7.14172e+06	-3.37961e+08	-1.95088e+08
2.359e+07	4.22379e+06	7.03474e+06	-3.42724e+08	-1.86408e+08
2.36e+07	4.27976e+06	6.92624e+06	-3.47265e+08	-1.77604e+08
2.361e+07	4.33297e+06	6.8163e+06	-3.51583e+08	-1.68684e+08
2.362e+07	4.38339e+06	6.70498e+06	-3.55674e+08	-1.59651e+08
2.363e+07	4.43097e+06	6.59235e+06	-3.59534e+08	-1.50512e+08
2.364e+07	4.47568e+06	6.47848e+06	-3.63162e+08	-1.41272e+08
2.365e+07	4.51749e+06	6.36344e+06	-3.66555e+08	-1.31938e+08
2.366e+07	4.55636e+06	6.24731e+06	-3.69709e+08	-1.22515e+08
2.367e+07	4.59227e+06	6.13016e+06	-3.72623e+08	-1.13009e+08
2.368e+07	4.62518e+06	6.01207e+06	-3.75293e+08	-1.03427e+08
2.369e+07	4.65508e+06	5.8931e+06	-3.77719e+08	-9.3774e+07
2.37e+07	4.68193e+06	5.77334e+06	-3.79898e+08	-8.40566e+07
2.371e+07	4.70571e+06	5.65287e+06	-3.81828e+08	-7.42811e+07
2.372e+07	4.72641e+06	5.53175e+06	-3.83507e+08	-6.44538e+07
2.373e+07	4.744e+06	5.41008e+06	-3.84935e+08	-5.45811e+07
2.374e+07	4.75847e+06	5.28793e+06	-3.86109e+08	-4.46693e+07
2.375e+07	4.7698e+06	5.16537e+06	-3.87028e+08	-3.47251e+07
2.376e+07	4.77798e+06	5.0425e+06	-3.87692e+08	-2.47547e+07
2.377e+07	4.783e+06	4.91938e+06	-3.88099e+08	-1.4765e+07
2.378e+07	4.78485e+06	4.79611e+06	-3.88249e+08	-4.76229e+06
2.379e+07	4.78352e+06	4.67275e+06	-3.88141e+08	5.24665e+06
2.38e+07	4.77901e+06	4.54941e+06	-3.87775e+08	1.52552e+07
2.381e+07	4.77132e+06	4.42615e+06	-3.87151e+08	2.52567e+07
2.382e+07	4.76044e+06	4.30306e+06	-3.86268e+08	3.52445e+07
2.383e+07	4.74638e+06	4.18022e+06	-3.85127e+08	4.52118e+07
2.384e+07	4.72914e+06	4.05771e+06	-3.83729e+08	5.5152e+07
2.385e+07	4.70873e+06	3.93562e+06	-3.82072e+08	6.50584e+07
2.386e+07	4.68515e+06	3.81404e+06	-3.8016e+08	7.49241e+07
2.387e+07	4.65843e+06	3.69303e+06	-3.77991e+08	8.47426e+07
2.388e+07	4.62856e+06	3.57269e+06	-3.75567e+08	9.45071e+07
2.389e+07	4.59556e+06	3.4531e+06	-3.7289e+08	1.04211e+08
2.39e+07	4.55946e+06	3.33434e+06	-3.6996e+08	1.13847e+08
2.391e+07	4.52026e+06	3.21649e+06	-3.6678e+08	1.2341e+08
2.392e+07	4.478e+06	3.09963e+06	-3.63351e+08	1.32892e+08
2.393e+07	4.43269e+06	2.98385e+06	-3.59675e+08	1.42287e+08
2.394e+07	4.38437e+06	2.86922e+06	-3.55753e+08	1.51588e+08
2.395e+07	4.33305e+06	2.75583e+06	-3.5159e+08	1.60789e+08
2.396e+07	4.27878e+06	2.64375e+06	-3.47186e+08	1.69883e+08
2.397e+07	4.22158e+06	2.53306e+06	-3.42544e+08	1.78864e+08
2.398e+07	4.16148e+06	2.42385e+06	-3.37668e+08	1.87726e+08
2.399e+07	4.09853e+06	2.31618e+06	-3.3256e+08	1.96462e+08
2.4e+07	4.03276e+06	2.21014e+06	-3.27223e+08	2.05066e+08
2.401e+07	3.96421e+06	2.1058e+06	-3.21661e+08	2.13533e+08
2.402e+07	3.89293e+06	2.00323e+06	-3.15878e+08	2.21855e+08
2.403e+07	3.81897e+06	1.90251e+06	-3.09876e+08	2.30028e+08
2.404e+07	3.74236e+06	1.80372e+06	-3.0366e+08	2.38044e+08
2.405e+07	3.66316e+06	1.70691e+06	-2.97234e+08	2.45899e+08
2.406e+07	3.58142e+06	1.61216e+06	-2.90601e+08	2.53587e+08
2.407e+07	3.4972e+06	1.51955e+06	-2.83767e+08	2.61102e+08
2.408e+07	3.41055e+06	1.42913e+06	-2.76736e+08	2.68439e+08
2.409e+07	3.32152e+06	1.34097e+06	-2.69512e+08	2.75592e+08
2.41e+07	3.23017e+06	1.25514e+06	-2.621e+08	2.82556e+08
2.411e+07	3.13658e+06	1.1717e+06	-2.54506e+08	2.89327e+08
2.412e+07	3.04079e+06	1.09071e+06	-2.46733e+08	2.95899e+08
2.413e+07	2.94287e+06	1.01223e+06	-2.38788e+08	3.02267e+08
2.414e+07	2.8429e+06	936315	-2.30676e+08	3.08426e+08
2.415e+07	2.74093e+06	863027	-2.22402e+08	3.14373e+08
2.416e+07	2.63704e+06	792417	-2.13972e+08	3.20102e+08
2.417e+07	2.53129e+06	724537	-2.05392e+08	3.2561e+08
2.418e+07	2.42377e+06	659437	-1.96668e+08	3.30892e+08
2.419e+07	2.31454e+06	597167	-1.87805e+08	3.35945e+08
2.42e+07	2.20368e+06	537772	-1.7881e+08	3.40765e+08
2.421e+07	2.09127e+06	481296	-1.69688e+08	3.45347e+08
2.422e+07	1.97738e+06	427782	-1.60447e+08	3.49689e+08
2.423e+07	1.8621e+06	377271	-1.51093e+08	3.53788e+08
2.424e+07	1.7455e+06	329798	-1.41632e+08	3.5764e+08
2.425e+07	1.62767e+06	285402	-1.32071e+08	3.61242e+08
2.426e+07	1.50868e+06	244113	-1.22416e+08	3.64592e+08
2.427e+07	1.38863e+06	205965	-1.12675e+08	3.67688e+08
2.428e+07	1.26759e+06	170985	-1.02854e+08	3.70526e+08
2.429e+07	1.14566e+06	139200	-9.29602e+07	3.73105e+08
2.43e+07	1.02291e+06	110633	-8.30004e+07	3.75423e+08
2.431e+07	899441	85307.2	-7.29818e+07	3.77478e+08
2.432e+07	775331	63240.6	-6.29114e+07	3.79269e+08
2.433e+07	650671	44450.2	-5.27963e+07	3.80793e+08
2.434e+07	525549	28950.2	-4.26438e+07	3.82051e+08
2.435e+07	400054	16752.3	-3.24609e+07	3.83041e+08
2.436e+07	274275	7865.82	-2.22551e+07	3.83762e+08
2.437e+07	148301	2297.41	-1.20334e+07	3.84214e+08
2.438e+07	22222.2	51.3237	-1.80314e+06	3.84396e+08
2.439e+07	-103873	1129.26	8.42837e+06	3.84308e+08
2.44e+07	-229894	5530.42	1.86539e+07	3.83951e+08
2.441e+07	-355752	13251.5	2.88662e+07	3.83325e+08
2.442e+07	-481357	24286.5	3.9058e+07	3.82429e+08
2.443e+07	-606621	38627.3	4.9222e+07	3.81266e+08
2.444e+07	-731453	56262.9	5.93511e+07	3.79835e+08
2.445e+07	-855767	77180	6.94381e+07	3.78138e+08
2.446e+07	-979474	101363	7.94758e+07	3.76175e+08
2.447e+07	-1.10249e+06	128793	8.94571e+07	3.7395e+08
2.448e+07	-1.22472e+06	159450	9.9375e+07	3.71462e+08
2.449e+07	-1.34608e+06	193310	1.09222e+08	3.68715e+08
2.45e+07	-1.46649e+06	230349	1.18993e+08	3.65709e+08
2.451e+07	-1.58586e+06	270538	1.28678e+08	3.62448e+08
2.452e+07	-1.7041e+06	313846	1.38273e+08	3.58934e+08
2.453e+07	-1.82115e+06	360242	1.4777e+08	3.55169e+08
2.454e+07	-1.9369e+06	409691	1.57163e+08	3.51157e+08
2.455e+07	-2.05129e+06	462155	1.66445e+08	3.469e+08
2.456e+07	-2.16423e+06	517595	1.75609e+08	3.42402e+08
2.457e+07	-2.27565e+06	575970	1.84649e+08	3.37665e+08
2.458e+07	-2.38546e+06	637236	1.93559e+08	3.32694e+08
2.459e+07	-2.49359e+06	701348	2.02333e+08	3.27492e+08
2.46e+07	-2.59997e+06	768258	2.10965e+08	3.22063e+08
2.461e+07	-2.70452e+06	837917	2.19448e+08	3.1641e+08
2.462e+07	-2.80718e+06	910271	2.27778e+08	3.10539e+08
2.463e+07	-2.90786e+06	985269	2.35948e+08	3.04454e+08
2.464e+07	-3.00651e+06	1.06286e+06	2.43952e+08	2.98159e+08
2.465e+07	-3.10305e+06	1.14297e+06	2.51786e+08	2.91658e+08
2.466e+07	-3.19743e+06	1.22556e+06	2.59444e+08	2.84956e+08
2.467e+07	-3.28957e+06	1.31056e+06	2.6692e+08	2.78059e+08
2.468e+07	-3.37942e+06	1.39791e+06	2.74211e+08	2.70972e+08
2.469e+07	-3.46692e+06	1.48754e+06	2.81311e+08	2.63699e+08
2.47e+07	-3.55201e+06	1.5794e+06	2.88214e+08	2.56246e+08
2.471e+07	-3.63463e+06	1.67341e+06	2.94918e+08	2.48618e+08
2.472e+07	-3.71472e+06	1.7695e+06	3.01417e+08	2.4082e+08
2.473e+07	-3.79225e+06	1.86761e+06	3.07708e+08	2.3286e+08
2.474e+07	-3.86715e+06	1.96767e+06	3.13785e+08	2.24741e+08
2.475e+07	-3.93938e+06	2.06959e+06	3.19646e+08	2.1647e+08
2.476e+07	-4.00889e+06	2.17332e+06	3.25286e+08	2.08054e+08
2.477e+07	-4.07564e+06	2.27878e+06	3.30702e+08	1.99497e+08
2.478e+07	-4.13958e+06	2.38589e+06	3.35891e+08	1.90806e+08
2.479e+07	-4.20069e+06	2.49457e+06	3.40849e+08	1.81987e+08
2.48e+07	-4.25891e+06	2.60475e+06	3.45574e+08	1.73047e+08
2.481e+07	-4.31422e+06	2.71635e+06	3.50061e+08	1.63992e+08
2.482e+07	-4.36658e+06	2.82929e+06	3.5431e+08	1.54827e+08
2.483e+07	-4.41596e+06	2.9435e+06	3.58316e+08	1.4556e+08
2.484e+07	-4.46233e+06	3.05889e+06	3.62079e+08	1.36198e+08
2.485e+07	-4.50566e+06	3.17538e+06	3.65595e+08	1.26745e+08
2.486e+07	-4.54593e+06	3.2929e+06	3.68863e+08	1.1721e+08
2.487e+07	-4.58312e+06	3.41135e+06	3.71881e+08	1.07598e+08
2.488e+07	-4.61721e+06	3.53066e+06	3.74647e+08	9.79172e+07
2.489e+07	-4.64818e+06	3.65075e+06	3.77159e+08	8.8173e+07
2.49e+07	-4.67601e+06	3.77154e+06	3.79418e+08	7.83724e+07
2.491e+07	-4.7007e+06	3.89293e+06	3.81421e+08	6.85222e+07
2.492e+07	-4.72222e+06	4.01486e+06	3.83167e+08	5.86291e+07
2.493e+07	-4.74057e+06	4.13723e+06	3.84656e+08	4.86997e+07
2.494e+07	-4.75574e+06	4.25997e+06	3.85887e+08	3.87409e+07
2.495e+07	-4.76774e+06	4.38298e+06	3.86861e+08	2.87592e+07
2.496e+07	-4.77655e+06	4.50619e+06	3.87575e+08	1.87615e+07
2.497e+07	-4.78217e+06	4.62952e+06	3.88032e+08	8.75437e+06
2.498e+07	-4.78462e+06	4.75289e+06	3.8823e+08	-1.25546e+06
2.499e+07	-4.78388e+06	4.8762e+06	3.8817e+08	-1.12613e+07
2.5e+07	-4.77997e+06	4.99939e+06	3.87853e+08	-2.12567e+07
2.501e+07	-4.7729e+06	5.12236e+06	3.87279e+08	-3.12348e+07
2.502e+07	-4.76267e+06	5.24504e+06	3.86449e+08	-4.11892e+07
2.503e+07	-4.7493e+06	5.36734e+06	3.85364e+08	-5.11134e+07
2.504e+07	-4.7328e+06	5.4892e+06	3.84025e+08	-6.10008e+07
2.505e+07	-4.71319e+06	5.61052e+06	3.82434e+08	-7.0845e+07
2.506e+07	-4.69048e+06	5.73123e+06	3.80592e+08	-8.06396e+07
2.507e+07	-4.6647e+06	5.85125e+06	3.785e+08	-9.03783e+07
2.508e+07	-4.63586e+06	5.97051e+06	3.7616e+08	-1.00055e+08
2.509e+07	-4.604e+06	6.08892e+06	3.73575e+08	-1.09663e+08
2.51e+07	-4.56914e+06	6.20641e+06	3.70746e+08	-1.19196e+08
2.511e+07	-4.5313e+06	6.32291e+06	3.67676e+08	-1.28649e+08
2.512e+07	-4.49051e+06	6.43834e+06	3.64366e+08	-1.38015e+08
2.513e+07	-4.44681e+06	6.55263e+06	3.6082e+08	-1.47289e+08
2.514e+07	-4.40023e+06	6.66571e+06	3.57041e+08	-1.56464e+08
2.515e+07	-4.3508e+06	6.7775e+06	3.5303e+08	-1.65535e+08
2.516e+07	-4.29857e+06	6.88793e+06	3.48791e+08	-1.74496e+08
2.517e+07	-4.24355e+06	6.99694e+06	3.44327e+08	-1.83341e+08
2.518e+07	-4.18581e+06	7.10446e+06	3.39642e+08	-1.92065e+08
2.519e+07	-4.12537e+06	7.21042e+06	3.34738e+08	-2.00663e+08
2.52e+07	-4.06229e+06	7.31476e+06	3.29619e+08	-2.09129e+08
2.521e+07	-3.99659e+06	7.4174e+06	3.24289e+08	-2.17457e+08
2.522e+07	-3.92834e+06	7.51829e+06	3.18751e+08	-2.25644e+08
2.523e+07	-3.85758e+06	7.61737e+06	3.13009e+08	-2.33683e+08
2.524e+07	-3.78436e+06	7.71457e+06	3.07068e+08	-2.4157e+08
2.525e+07	-3.70872e+06	7.80983e+06	3.0093e+08	-2.493e+08
2.526e+07	-3.63071e+06	7.9031e+06	2.94601e+08	-2.56868e+08
2.527e+07	-3.5504e+06	7.99433e+06	2.88084e+08	-2.6427e+08
2.528e+07	-3.46784e+06	8.08344e+06	2.81385e+08	-2.71501e+08
2.529e+07	-3.38307e+06	8.1704e+06	2.74507e+08	-2.78557e+08
2.53e+07	-3.29616e+06	8.25514e+06	2.67455e+08	-2.85433e+08
2.531e+07	-3.20716e+06	8.33762e+06	2.60233e+08	-2.92125e+08
2.532e+07	-3.11614e+06	8.41779e+06	2.52847e+08	-2.9863e+08
2.533e+07	-3.02314e+06	8.49559e+06	2.45302e+08	-3.04943e+08
2.534e+07	-2.92824e+06	8.57099e+06	2.37601e+08	-3.11061e+08
2.535e+07	-2.83149e+06	8.64394e+06	2.29751e+08	-3.1698e+08
2.536e+07	-2.73296e+06	8.71439e+06	2.21756e+08	-3.22697e+08
2.537e+07	-2.63272e+06	8.7823e+06	2.13622e+08	-3.28207e+08
2.538e+07	-2.53081e+06	8.84763e+06	2.05353e+08	-3.33508e+08
2.539e+07	-2.42732e+06	8.91035e+06	1.96956e+08	-3.38597e+08
2.54e+07	-2.3223e+06	8.97041e+06	1.88435e+08	-3.43471e+08
2.541e+07	-2.21583e+06	9.02778e+06	1.79796e+08	-3.48126e+08
2.542e+07	-2.10797e+06	9.08243e+06	1.71044e+08	-3.5256e+08
2.543e+07	-1.99879e+06	9.13432e+06	1.62185e+08	-3.56771e+08
2.544e+07	-1.88837e+06	9.18343e+06	1.53224e+08	-3.60756e+08
2.545e+07	-1.77676e+06	9.22972e+06	1.44168e+08	-3.64512e+08
2.546e+07	-1.66404e+06	9.27317e+06	1.35022e+08	-3.68037e+08
2.547e+07	-1.55028e+06	9.31376e+06	1.25792e+08	-3.7133e+08
2.548e+07	-1.43555e+06	9.35145e+06	1.16483e+08	-3.74389e+08
2.549e+07	-1.31993e+06	9.38622e+06	1.07101e+08	-3.77211e+08
2.55e+07	-1.20349e+06	9.41807e+06	9.76528e+07	-3.79794e+08
2.551e+07	-1.0863e+06	9.44696e+06	8.81436e+07	-3.82139e+08
2.552e+07	-968428	9.47288e+06	7.85795e+07	-3.84242e+08
2.553e+07	-849956	9.49582e+06	6.89665e+07	-3.86103e+08
2.554e+07	-730954	9.51576e+06	5.93106e+07	-3.87721e+08
2.555e+07	-611498	9.5327e+06	4.96178e+07	-3.89095e+08
2.556e+07	-491661	9.54661e+06	3.98941e+07	-3.90224e+08
2.557e+07	-371519	9.5575e+06	3.01455e+07	-3.91108e+08
2.558e+07	-251146	9.56535e+06	2.03783e+07	-3.91745e+08
2.559e+07	-130616	9.57016e+06	1.05983e+07	-3.92136e+08
2.56e+07	-10005	9.57194e+06	811819	-3.9228e+08
2.561e+07	110612	9.57067e+06	-8.97521e+06	-3.92177e+08
2.562e+07	231160	9.56636e+06	-1.87567e+07	-3.91827e+08
2.563e+07	351565	9.55902e+06	-2.85264e+07	-3.91231e+08
2.564e+07	471751	9.54864e+06	-3.82785e+07	-3.90389e+08
2.565e+07	591644	9.53523e+06	-4.80067e+07	-3.89301e+08
2.566e+07	711168	9.5188e+06	-5.77051e+07	-3.87968e+08
2.567e+07	830250	9.49936e+06	-6.73676e+07	-3.86391e+08
2.568e+07	948815	9.47692e+06	-7.69881e+07	-3.8457e+08
2.569e+07	1.06679e+06	9.4515e+06	-8.65607e+07	-3.82507e+08
2.57e+07	1.1841e+06	9.4231e+06	-9.60795e+07	-3.80203e+08
2.571e+07	1.30067e+06	9.39175e+06	-1.05538e+08	-3.77659e+08
2.572e+07	1.41644e+06	9.35746e+06	-1.14931e+08	-3.74876e+08
2.573e+07	1.53131e+06	9.32025e+06	-1.24253e+08	-3.71858e+08
2.574e+07	1.64524e+06	9.28015e+06	-1.33497e+08	-3.68604e+08
2.575e+07	1.75813e+06	9.23718e+06	-1.42657e+08	-3.65117e+08
2.576e+07	1.86993e+06	9.19136e+06	-1.51729e+08	-3.61399e+08
2.577e+07	1.98056e+06	9.14272e+06	-1.60705e+08	-3.57453e+08
2.578e+07	2.08995e+06	9.09129e+06	-1.69582e+08	-3.53279e+08
2.579e+07	2.19804e+06	9.0371e+06	-1.78352e+08	-3.48882e+08
2.58e+07	2.30474e+06	8.98019e+06	-1.8701e+08	-3.44264e+08
2.581e+07	2.41001e+06	8.92057e+06	-1.95551e+08	-3.39427e+08
2.582e+07	2.51376e+06	8.8583e+06	-2.03969e+08	-3.34374e+08
2.583e+07	2.61593e+06	8.7934e+06	-2.1226e+08	-3.29108e+08
2.584e+07	2.71646e+06	8.72592e+06	-2.20417e+08	-3.23632e+08
2.585e+07	2.81528e+06	8.65589e+06	-2.28435e+08	-3.1795e+08
2.586e+07	2.91232e+06	8.58336e+06	-2.3631e+08	-3.12065e+08
2.587e+07	3.00754e+06	8.50837e+06	-2.44035e+08	-3.0598e+08
2.588e+07	3.10085e+06	8.43096e+06	-2.51607e+08	-2.99699e+08
2.589e+07	3.19221e+06	8.35119e+06	-2.5902e+08	-2.93226e+08
2.59e+07	3.28155e+06	8.26909e+06	-2.66269e+08	-2.86565e+08
2.591e+07	3.36881e+06	8.18473e+06	-2.7335e+08	-2.79719e+08
2.592e+07	3.45394e+06	8.09814e+06	-2.80257e+08	-2.72694e+08
2.593e+07	3.53688e+06	8.00938e+06	-2.86987e+08	-2.65492e+08
2.594e+07	3.61757e+06	7.91851e+06	-2.93534e+08	-2.58118e+08
2.595e+07	3.69596e+06	7.82558e+06	-2.99895e+08	-2.50578e+08
2.596e+07	3.77199e+06	7.73065e+06	-3.06064e+08	-2.42875e+08
2.597e+07	3.84562e+06	7.63377e+06	-3.12039e+08	-2.35014e+08
2.598e+07	3.9168e+06	7.53501e+06	-3.17814e+08	-2.27e+08
2.599e+07	3.98547e+06	7.43442e+06	-3.23387e+08	-2.18838e+08
2.6e+07	4.0516e+06	7.33206e+06	-3.28752e+08	-2.10533e+08
2.601e+07	4.11512e+06	7.22801e+06	-3.33906e+08	-2.0209e+08
2.602e+07	4.176e+06	7.12232e+06	-3.38846e+08	-1.93514e+08
2.603e+07	4.2342e+06	7.01506e+06	-3.43568e+08	-1.84811e+08
2.604e+07	4.28967e+06	6.9063e+06	-3.48069e+08	-1.75986e+08
2.605e+07	4.34238e+06	6.7961e+06	-3.52346e+08	-1.67044e+08
2.606e+07	4.39228e+06	6.68453e+06	-3.56395e+08	-1.57992e+08
2.607e+07	4.43934e+06	6.57167e+06	-3.60214e+08	-1.48834e+08
2.608e+07	4.48352e+06	6.45758e+06	-3.63799e+08	-1.39577e+08
2.609e+07	4.52479e+06	6.34234e+06	-3.67148e+08	-1.30226e+08
2.61e+07	4.56313e+06	6.22602e+06	-3.70258e+08	-1.20788e+08
2.611e+07	4.59849e+06	6.10869e+06	-3.73128e+08	-1.11267e+08
2.612e+07	4.63086e+06	5.99043e+06	-3.75754e+08	-1.01672e+08
2.613e+07	4.6602e+06	5.87132e+06	-3.78135e+08	-9.20064e+07
2.614e+07	4.6865e+06	5.75142e+06	-3.80268e+08	-8.22779e+07
2.615e+07	4.70972e+06	5.63083e+06	-3.82153e+08	-7.24925e+07
2.616e+07	4.72985e+06	5.5096e+06	-3.83786e+08	-6.26564e+07
2.617e+07	4.74688e+06	5.38784e+06	-3.85168e+08	-5.27761e+07
2.618e+07	4.76077e+06	5.2656e+06	-3.86295e+08	-4.2858e+07
2.619e+07	4.77153e+06	5.14298e+06	-3.87168e+08	-3.29084e+07
2.62e+07	4.77913e+06	5.02006e+06	-3.87785e+08	-2.29341e+07
2.621e+07	4.78357e+06	4.89691e+06	-3.88146e+08	-1.29415e+07
2.622e+07	4.78484e+06	4.77361e+06	-3.88249e+08	-2.93715e+06
2.623e+07	4.78294e+06	4.65026e+06	-3.88094e+08	7.07221e+06
2.624e+07	4.77785e+06	4.52692e+06	-3.87681e+08	1.708e+07
2.625e+07	4.76957e+06	4.40368e+06	-3.87009e+08	2.70795e+07
2.626e+07	4.75811e+06	4.28063e+06	-3.86079e+08	3.7064e+07
2.627e+07	4.74347e+06	4.15785e+06	-3.84892e+08	4.70269e+07
2.628e+07	4.72565e+06	4.03541e+06	-3.83446e+08	5.69615e+07
2.629e+07	4.70467e+06	3.91341e+06	-3.81743e+08	6.68609e+07
2.63e+07	4.68051e+06	3.79192e+06	-3.79783e+08	7.67185e+07
2.631e+07	4.65321e+06	3.67103e+06	-3.77568e+08	8.65277e+07
2.632e+07	4.62277e+06	3.55082e+06	-3.75098e+08	9.62816e+07
2.633e+07	4.58921e+06	3.43138e+06	-3.72374e+08	1.05974e+08
2.634e+07	4.55254e+06	3.31277e+06	-3.69399e+08	1.15597e+08
2.635e+07	4.51278e+06	3.1951e+06	-3.66173e+08	1.25145e+08
2.636e+07	4.46996e+06	3.07843e+06	-3.62699e+08	1.34612e+08
2.637e+07	4.4241e+06	2.96285e+06	-3.58978e+08	1.4399e+08
2.638e+07	4.37523e+06	2.84845e+06	-3.55012e+08	1.53273e+08
2.639e+07	4.32338e+06	2.73529e+06	-3.50804e+08	1.62455e+08
2.64e+07	4.26856e+06	2.62346e+06	-3.46357e+08	1.71529e+08
2.641e+07	4.21083e+06	2.51303e+06	-3.41672e+08	1.80489e+08
2.642e+07	4.15021e+06	2.4041e+06	-3.36753e+08	1.89329e+08
2.643e+07	4.08674e+06	2.29672e+06	-3.31604e+08	1.98041e+08
2.644e+07	4.02046e+06	2.19098e+06	-3.26226e+08	2.06621e+08
2.645e+07	3.95141e+06	2.08696e+06	-3.20623e+08	2.15061e+08
2.646e+07	3.87964e+06	1.98472e+06	-3.14799e+08	2.23357e+08
2.647e+07	3.80519e+06	1.88435e+06	-3.08758e+08	2.31501e+08
2.648e+07	3.72811e+06	1.78591e+06	-3.02504e+08	2.39489e+08
2.649e+07	3.64844e+06	1.68947e+06	-2.96039e+08	2.47314e+08
2.65e+07	3.56625e+06	1.59511e+06	-2.8937e+08	2.54971e+08
2.651e+07	3.48158e+06	1.50289e+06	-2.825e+08	2.62454e+08
2.652e+07	3.39448e+06	1.41288e+06	-2.75433e+08	2.69757e+08
2.653e+07	3.30503e+06	1.32514e+06	-2.68174e+08	2.76876e+08
2.654e+07	3.21327e+06	1.23974e+06	-2.60729e+08	2.83806e+08
2.655e+07	3.11927e+06	1.15674e+06	-2.53101e+08	2.9054e+08
2.656e+07	3.02309e+06	1.07621e+06	-2.45297e+08	2.97075e+08
2.657e+07	2.92479e+06	998190	-2.37321e+08	3.03406e+08
2.658e+07	2.82445e+06	922752	-2.29179e+08	3.09527e+08
2.659e+07	2.72212e+06	849948	-2.20876e+08	3.15434e+08
2.66e+07	2.61789e+06	779832	-2.12419e+08	3.21123e+08
2.661e+07	2.51181e+06	712455	-2.03812e+08	3.2659e+08
2.662e+07	2.40397e+06	647868	-1.95061e+08	3.31831e+08
2.663e+07	2.29444e+06	586119	-1.86174e+08	3.36842e+08
2.664e+07	2.18329e+06	527253	-1.77155e+08	3.41618e+08
2.665e+07	2.07061e+06	471314	-1.68012e+08	3.46157e+08
2.666e+07	1.95646e+06	418345	-1.5875e+08	3.50455e+08
2.667e+07	1.84093e+06	368385	-1.49375e+08	3.54509e+08
2.668e+07	1.7241e+06	321471	-1.39896e+08	3.58315e+08
2.669e+07	1.60605e+06	277639	-1.30317e+08	3.61872e+08
2.67e+07	1.48686e+06	236921	-1.20646e+08	3.65176e+08
2.671e+07	1.36663e+06	199348	-1.1089e+08	3.68225e+08
2.672e+07	1.24542e+06	164949	-1.01055e+08	3.71016e+08
2.673e+07	1.12333e+06	133749	-9.11485e+07	3.73547e+08
2.674e+07	1.00045e+06	105772	-8.11774e+07	3.75818e+08
2.675e+07	876851	81039.2	-7.11488e+07	3.77824e+08
2.676e+07	752634	59569	-6.10697e+07	3.79566e+08
2.677e+07	627884	41377.7	-5.09473e+07	3.81043e+08
2.678e+07	502687	26479.1	-4.07887e+07	3.82251e+08
2.679e+07	377134	14884.5	-3.06011e+07	3.83192e+08
2.68e+07	251312	6602.72	-2.03918e+07	3.83864e+08
2.681e+07	125313	1639.99	-1.0168e+07	3.84267e+08
2.682e+07	-776.191	0.0732244	62981.1	3.844e+08
2.683e+07	-126864	1684.23	1.02939e+07	3.84263e+08
2.684e+07	-252862	6691.18	2.05176e+07	3.83857e+08
2.685e+07	-378681	15017.1	3.07267e+07	3.83181e+08
2.686e+07	-504231	26655.8	4.09139e+07	3.82237e+08
2.687e+07	-629422	41598.4	5.10721e+07	3.81025e+08
2.688e+07	-754167	59833.5	6.11941e+07	3.79545e+08
2.689e+07	-878376	81347.4	7.12726e+07	3.77799e+08
2.69e+07	-1.00196e+06	106124	8.13006e+07	3.75789e+08
2.691e+07	-1.12484e+06	134144	9.12708e+07	3.73515e+08
2.692e+07	-1.24692e+06	165387	1.01176e+08	3.7098e+08
2.693e+07	-1.36811e+06	199829	1.1101e+08	3.68186e+08
2.694e+07	-1.48834e+06	237444	1.20766e+08	3.65133e+08
2.695e+07	-1.60751e+06	278204	1.30435e+08	3.61826e+08
2.696e+07	-1.72554e+06	322079	1.40013e+08	3.58266e+08
2.697e+07	-1.84236e+06	369034	1.49491e+08	3.54456e+08
2.698e+07	-1.95787e+06	419035	1.58864e+08	3.50399e+08
2.699e+07	-2.072e+06	472045	1.68125e+08	3.46098e+08
2.7e+07	-2.18467e+06	528024	1.77267e+08	3.41555e+08
2.701e+07	-2.2958e+06	586929	1.86284e+08	3.36776e+08
2.702e+07	-2.40531e+06	648718	1.9517e+08	3.31762e+08
2.703e+07	-2.51313e+06	713344	2.03918e+08	3.26518e+08
2.704e+07	-2.61918e+06	780759	2.12523e+08	3.21048e+08
2.705e+07	-2.72339e+06	850913	2.20979e+08	3.15356e+08
2.706e+07	-2.82569e+06	923754	2.2928e+08	3.09445e+08
2.707e+07	-2.92601e+06	999228	2.3742e+08	3.03321e+08
2.708e+07	-3.02428e+06	1.07728e+06	2.45394e+08	2.96988e+08
2.709e+07	-3.12043e+06	1.15785e+06	2.53196e+08	2.9045e+08
2.71e+07	-3.2144e+06	1.24088e+06	2.60821e+08	2.83713e+08
2.711e+07	-3.30613e+06	1.32632e+06	2.68264e+08	2.76781e+08
2.712e+07	-3.39556e+06	1.41409e+06	2.7552e+08	2.69659e+08
2.713e+07	-3.48262e+06	1.50413e+06	2.82584e+08	2.62353e+08
2.714e+07	-3.56726e+06	1.59638e+06	2.89452e+08	2.54867e+08
2.715e+07	-3.64942e+06	1.69078e+06	2.96119e+08	2.47208e+08
2.716e+07	-3.72905e+06	1.78725e+06	3.0258e+08	2.39381e+08
2.717e+07	-3.8061e+06	1.88571e+06	3.08832e+08	2.31391e+08
2.718e+07	-3.88052e+06	1.98612e+06	3.1487e+08	2.23244e+08
2.719e+07	-3.95226e+06	2.08838e+06	3.20691e+08	2.14946e+08
2.72e+07	-4.02127e+06	2.19243e+06	3.26291e+08	2.06503e+08
2.721e+07	-4.08751e+06	2.29819e+06	3.31666e+08	1.97922e+08
2.722e+07	-4.15094e+06	2.40559e+06	3.36813e+08	1.89207e+08
2.723e+07	-4.21152e+06	2.51455e+06	3.41728e+08	1.80366e+08
2.724e+07	-4.26922e+06	2.625e+06	3.4641e+08	1.71404e+08
2.725e+07	-4.32399e+06	2.73685e+06	3.50854e+08	1.62328e+08
2.726e+07	-4.37581e+06	2.85003e+06	3.55059e+08	1.53145e+08
2.727e+07	-4.42464e+06	2.96446e+06	3.59021e+08	1.4386e+08
2.728e+07	-4.47046e+06	3.08006e+06	3.62739e+08	1.3448e+08
2.729e+07	-4.51323e+06	3.19674e+06	3.6621e+08	1.25012e+08
2.73e+07	-4.55295e+06	3.31443e+06	3.69432e+08	1.15463e+08
2.731e+07	-4.58957e+06	3.43305e+06	3.72404e+08	1.05838e+08
2.732e+07	-4.62309e+06	3.55251e+06	3.75124e+08	9.61446e+07
2.733e+07	-4.65349e+06	3.67273e+06	3.7759e+08	8.63896e+07
2.734e+07	-4.68075e+06	3.79364e+06	3.79802e+08	7.65795e+07
2.735e+07	-4.70486e+06	3.91513e+06	3.81758e+08	6.67209e+07
2.736e+07	-4.7258e+06	4.03715e+06	3.83458e+08	5.68207e+07
2.737e+07	-4.74357e+06	4.15959e+06	3.849e+08	4.68855e+07
2.738e+07	-4.75817e+06	4.28238e+06	3.86084e+08	3.69219e+07
2.739e+07	-4.76958e+06	4.40544e+06	3.8701e+08	2.69369e+07
2.74e+07	-4.77781e+06	4.52868e+06	3.87678e+08	1.69369e+07
2.741e+07	-4.78286e+06	4.65202e+06	3.88087e+08	6.92881e+06
2.742e+07	-4.78472e+06	4.77538e+06	3.88238e+08	-3.0808e+06
2.743e+07	-4.7834e+06	4.89868e+06	3.88132e+08	-1.30853e+07
2.744e+07	-4.77892e+06	5.02183e+06	3.87768e+08	-2.30779e+07
2.745e+07	-4.77127e+06	5.14476e+06	3.87147e+08	-3.30522e+07
2.746e+07	-4.76046e+06	5.26737e+06	3.8627e+08	-4.30016e+07
2.747e+07	-4.74652e+06	5.3896e+06	3.85139e+08	-5.29195e+07
2.748e+07	-4.72945e+06	5.51137e+06	3.83754e+08	-6.27995e+07
2.749e+07	-4.70927e+06	5.63258e+06	3.82117e+08	-7.26352e+07
2.75e+07	-4.68601e+06	5.75317e+06	3.80229e+08	-8.24201e+07
2.751e+07	-4.65967e+06	5.87306e+06	3.78091e+08	-9.21479e+07
2.752e+07	-4.63028e+06	5.99217e+06	3.75707e+08	-1.01812e+08
2.753e+07	-4.59787e+06	6.11042e+06	3.73077e+08	-1.11407e+08
2.754e+07	-4.56246e+06	6.22774e+06	3.70204e+08	-1.20927e+08
2.755e+07	-4.52408e+06	6.34404e+06	3.6709e+08	-1.30364e+08
2.756e+07	-4.48276e+06	6.45927e+06	3.63737e+08	-1.39714e+08
2.757e+07	-4.43853e+06	6.57335e+06	3.60148e+08	-1.4897e+08
2.758e+07	-4.39143e+06	6.68619e+06	3.56326e+08	-1.58126e+08
2.759e+07	-4.34149e+06	6.79774e+06	3.52274e+08	-1.67178e+08
2.76e+07	-4.28874e+06	6.90792e+06	3.47994e+08	-1.76118e+08
2.761e+07	-4.23322e+06	7.01667e+06	3.43489e+08	-1.84941e+08
2.762e+07	-4.17499e+06	7.1239e+06	3.38764e+08	-1.93643e+08
2.763e+07	-4.11406e+06	7.22957e+06	3.3382e+08	-2.02217e+08
2.764e+07	-4.0505e+06	7.3336e+06	3.28663e+08	-2.10658e+08
2.765e+07	-3.98434e+06	7.43593e+06	3.23294e+08	-2.18961e+08
2.766e+07	-3.91562e+06	7.5365e+06	3.17719e+08	-2.27121e+08
2.767e+07	-3.84441e+06	7.63524e+06	3.1194e+08	-2.35133e+08
2.768e+07	-3.77074e+06	7.73209e+06	3.05963e+08	-2.42992e+08
2.769e+07	-3.69466e+06	7.82699e+06	2.9979e+08	-2.50692e+08
2.77e+07	-3.61624e+06	7.9199e+06	2.93426e+08	-2.58231e+08
2.771e+07	-3.53551e+06	8.01074e+06	2.86876e+08	-2.65602e+08
2.772e+07	-3.45254e+06	8.09946e+06	2.80144e+08	-2.72801e+08
2.773e+07	-3.36738e+06	8.18602e+06	2.73233e+08	-2.79824e+08
2.774e+07	-3.28008e+06	8.27035e+06	2.6615e+08	-2.86667e+08
2.775e+07	-3.19071e+06	8.35241e+06	2.58898e+08	-2.93326e+08
2.776e+07	-3.09932e+06	8.43215e+06	2.51483e+08	-2.99796e+08
2.777e+07	-3.00598e+06	8.50952e+06	2.43909e+08	-3.06074e+08
2.778e+07	-2.91073e+06	8.58448e+06	2.36181e+08	-3.12156e+08
2.779e+07	-2.81366e+06	8.65697e+06	2.28304e+08	-3.18038e+08
2.78e+07	-2.71481e+06	8.72696e+06	2.20283e+08	-3.23717e+08
2.781e+07	-2.61425e+06	8.79441e+06	2.12124e+08	-3.2919e+08
2.782e+07	-2.51205e+06	8.85927e+06	2.03831e+08	-3.34452e+08
2.783e+07	-2.40828e+06	8.9215e+06	1.95411e+08	-3.39502e+08
2.784e+07	-2.30299e+06	8.98107e+06	1.86868e+08	-3.44336e+08
2.785e+07	-2.19626e+06	9.03795e+06	1.78208e+08	-3.48951e+08
2.786e+07	-2.08816e+06	9.0921e+06	1.69436e+08	-3.53345e+08
2.787e+07	-1.97875e+06	9.14349e+06	1.60558e+08	-3.57515e+08
2.788e+07	-1.8681e+06	9.19208e+06	1.5158e+08	-3.61458e+08
2.789e+07	-1.75628e+06	9.23786e+06	1.42507e+08	-3.65172e+08
2.79e+07	-1.64337e+06	9.28079e+06	1.33345e+08	-3.68655e+08
2.791e+07	-1.52943e+06	9.32085e+06	1.241e+08	-3.71906e+08
2.792e+07	-1.41453e+06	9.35801e+06	1.14777e+08	-3.74921e+08
2.793e+07	-1.29876e+06	9.39225e+06	1.05383e+08	-3.777e+08
2.794e+07	-1.18217e+06	9.42356e+06	9.59229e+07	-3.8024e+08
2.795e+07	-1.06485e+06	9.45191e+06	8.64033e+07	-3.8254e+08
2.796e+07	-946864	9.47729e+06	7.68298e+07	-3.846e+08
2.797e+07	-828290	9.49968e+06	6.72085e+07	-3.86417e+08
2.798e+07	-709200	9.51908e+06	5.75454e+07	-3.8799e+08
2.799e+07	-589669	9.53546e+06	4.78465e+07	-3.8932e+08
2.8e+07	-469771	9.54882e+06	3.81178e+07	-3.90404e+08
2.801e+07	-349581	9.55915e+06	2.83654e+07	-3.91242e+08
2.802e+07	-229173	9.56645e+06	1.85954e+07	-3.91835e+08
2.803e+07	-108623	9.57072e+06	8.81381e+06	-3.9218e+08
2.804e+07	11994.6	9.57194e+06	-973258	-3.92279e+08
2.805e+07	132605	9.57011e+06	-1.07597e+07	-3.92131e+08
2.806e+07	253132	9.56525e+06	-2.05395e+07	-3.91737e+08
2.807e+07	373503	9.55735e+06	-3.03065e+07	-3.91096e+08
2.808e+07	493641	9.54642e+06	-4.00547e+07	-3.90209e+08
2.809e+07	613472	9.53246e+06	-4.97779e+07	-3.89076e+08
2.81e+07	732921	9.51548e+06	-5.94702e+07	-3.87698e+08
2.811e+07	851914	9.49549e+06	-6.91255e+07	-3.86077e+08
2.812e+07	970378	9.47251e+06	-7.87377e+07	-3.84212e+08
2.813e+07	1.08824e+06	9.44654e+06	-8.83009e+07	-3.82104e+08
2.814e+07	1.20542e+06	9.4176e+06	-9.78092e+07	-3.79756e+08
2.815e+07	1.32185e+06	9.38571e+06	-1.07256e+08	-3.77169e+08
2.816e+07	1.43745e+06	9.35089e+06	-1.16637e+08	-3.74343e+08
2.817e+07	1.55216e+06	9.31316e+06	-1.25945e+08	-3.71282e+08
2.818e+07	1.66591e+06	9.27253e+06	-1.35174e+08	-3.67985e+08
2.819e+07	1.77861e+06	9.22904e+06	-1.44319e+08	-3.64456e+08
2.82e+07	1.8902e+06	9.1827e+06	-1.53373e+08	-3.60696e+08
2.821e+07	2.00061e+06	9.13355e+06	-1.62332e+08	-3.56708e+08
2.822e+07	2.10976e+06	9.08162e+06	-1.71189e+08	-3.52494e+08
2.823e+07	2.2176e+06	9.02693e+06	-1.79939e+08	-3.48057e+08
2.824e+07	2.32405e+06	8.96951e+06	-1.88576e+08	-3.43398e+08
2.825e+07	2.42904e+06	8.90941e+06	-1.97096e+08	-3.38521e+08
2.826e+07	2.53251e+06	8.84666e+06	-2.05491e+08	-3.33429e+08
2.827e+07	2.63439e+06	8.78128e+06	-2.13758e+08	-3.28125e+08
2.828e+07	2.73461e+06	8.71333e+06	-2.2189e+08	-3.22611e+08
2.829e+07	2.83311e+06	8.64285e+06	-2.29882e+08	-3.16892e+08
2.83e+07	2.92983e+06	8.56986e+06	-2.3773e+08	-3.1097e+08
2.831e+07	3.0247e+06	8.49443e+06	-2.45428e+08	-3.04849e+08
2.832e+07	3.11766e+06	8.41659e+06	-2.52971e+08	-2.98533e+08
2.833e+07	3.20865e+06	8.33639e+06	-2.60354e+08	-2.92025e+08
2.834e+07	3.29762e+06	8.25388e+06	-2.67573e+08	-2.8533e+08
2.835e+07	3.3845e+06	8.1691e+06	-2.74623e+08	-2.78451e+08
2.836e+07	3.46923e+06	8.08211e+06	-2.81498e+08	-2.71393e+08
2.837e+07	3.55176e+06	7.99297e+06	-2.88194e+08	-2.6416e+08
2.838e+07	3.63204e+06	7.90172e+06	-2.94708e+08	-2.56756e+08
2.839e+07	3.71e+06	7.80842e+06	-3.01034e+08	-2.49185e+08
2.84e+07	3.7856e+06	7.71312e+06	-3.07169e+08	-2.41453e+08
2.841e+07	3.85879e+06	7.6159e+06	-3.13107e+08	-2.33564e+08
2.842e+07	3.92951e+06	7.5168e+06	-3.18846e+08	-2.25523e+08
2.843e+07	3.99772e+06	7.41588e+06	-3.24381e+08	-2.17334e+08
2.844e+07	4.06338e+06	7.31321e+06	-3.29708e+08	-2.09004e+08
2.845e+07	4.12642e+06	7.20886e+06	-3.34823e+08	-2.00536e+08
2.846e+07	4.18682e+06	7.10288e+06	-3.39724e+08	-1.91937e+08
2.847e+07	4.24452e+06	6.99534e+06	-3.44406e+08	-1.83211e+08
2.848e+07	4.29949e+06	6.88631e+06	-3.48866e+08	-1.74364e+08
2.849e+07	4.35169e+06	6.77585e+06	-3.53101e+08	-1.65402e+08
2.85e+07	4.40107e+06	6.66405e+06	-3.57109e+08	-1.56329e+08
2.851e+07	4.44761e+06	6.55095e+06	-3.60885e+08	-1.47153e+08
2.852e+07	4.49127e+06	6.43665e+06	-3.64427e+08	-1.37878e+08
2.853e+07	4.53201e+06	6.32121e+06	-3.67733e+08	-1.28511e+08
2.854e+07	4.5698e+06	6.2047e+06	-3.708e+08	-1.19057e+08
2.855e+07	4.60462e+06	6.08719e+06	-3.73625e+08	-1.09523e+08
2.856e+07	4.63644e+06	5.96877e+06	-3.76207e+08	-9.99139e+07
2.857e+07	4.66523e+06	5.84951e+06	-3.78543e+08	-9.02367e+07
2.858e+07	4.69096e+06	5.72948e+06	-3.80631e+08	-8.04973e+07
2.859e+07	4.71362e+06	5.60876e+06	-3.82469e+08	-7.07022e+07
2.86e+07	4.73319e+06	5.48743e+06	-3.84057e+08	-6.08576e+07
2.861e+07	4.74964e+06	5.36558e+06	-3.85392e+08	-5.09699e+07
2.862e+07	4.76297e+06	5.24327e+06	-3.86474e+08	-4.10455e+07
2.863e+07	4.77315e+06	5.12059e+06	-3.873e+08	-3.1091e+07
2.864e+07	4.78018e+06	4.99761e+06	-3.8787e+08	-2.11128e+07
2.865e+07	4.78404e+06	4.87443e+06	-3.88183e+08	-1.11176e+07
2.866e+07	4.78473e+06	4.75112e+06	-3.8824e+08	-1.11185e+06
2.867e+07	4.78224e+06	4.62776e+06	-3.88038e+08	8.89772e+06
2.868e+07	4.77657e+06	4.50443e+06	-3.87577e+08	1.89045e+07
2.869e+07	4.76772e+06	4.38122e+06	-3.86859e+08	2.89018e+07
2.87e+07	4.75568e+06	4.25822e+06	-3.85882e+08	3.88829e+07
2.871e+07	4.74046e+06	4.13549e+06	-3.84647e+08	4.88411e+07
2.872e+07	4.72206e+06	4.01313e+06	-3.83154e+08	5.87697e+07
2.873e+07	4.7005e+06	3.89121e+06	-3.81404e+08	6.8662e+07
2.874e+07	4.67577e+06	3.76983e+06	-3.79398e+08	7.85113e+07
2.875e+07	4.64789e+06	3.64906e+06	-3.77136e+08	8.83109e+07
2.876e+07	4.61688e+06	3.52898e+06	-3.7462e+08	9.8054e+07
2.877e+07	4.58275e+06	3.40968e+06	-3.7185e+08	1.07734e+08
2.878e+07	4.54552e+06	3.29124e+06	-3.68829e+08	1.17344e+08
2.879e+07	4.5052e+06	3.17374e+06	-3.65558e+08	1.26878e+08
2.88e+07	4.46183e+06	3.05727e+06	-3.62038e+08	1.36329e+08
2.881e+07	4.41542e+06	2.9419e+06	-3.58273e+08	1.4569e+08
2.882e+07	4.366e+06	2.82771e+06	-3.54263e+08	1.54956e+08
2.883e+07	4.3136e+06	2.71479e+06	-3.50011e+08	1.64118e+08
2.884e+07	4.25825e+06	2.60321e+06	-3.4552e+08	1.73172e+08
2.885e+07	4.19999e+06	2.49305e+06	-3.40793e+08	1.8211e+08
2.886e+07	4.13885e+06	2.38439e+06	-3.35831e+08	1.90927e+08
2.887e+07	4.07486e+06	2.27731e+06	-3.3064e+08	1.99616e+08
2.888e+07	4.00807e+06	2.17188e+06	-3.2522e+08	2.08171e+08
2.889e+07	3.93853e+06	2.06818e+06	-3.19577e+08	2.16585e+08
2.89e+07	3.86626e+06	1.96628e+06	-3.13714e+08	2.24854e+08
2.891e+07	3.79133e+06	1.86625e+06	-3.07633e+08	2.3297e+08
2.892e+07	3.71377e+06	1.76817e+06	-3.0134e+08	2.40928e+08
2.893e+07	3.63364e+06	1.67211e+06	-2.94838e+08	2.48723e+08
2.894e+07	3.55099e+06	1.57813e+06	-2.88132e+08	2.56349e+08
2.895e+07	3.46587e+06	1.48631e+06	-2.81225e+08	2.63799e+08
2.896e+07	3.37834e+06	1.3967e+06	-2.74123e+08	2.7107e+08
2.897e+07	3.28846e+06	1.30939e+06	-2.6683e+08	2.78154e+08
2.898e+07	3.19629e+06	1.22442e+06	-2.59351e+08	2.85049e+08
2.899e+07	3.10189e+06	1.14187e+06	-2.51691e+08	2.91747e+08
2.9e+07	3.00531e+06	1.06179e+06	-2.43855e+08	2.98245e+08
2.901e+07	2.90664e+06	984238	-2.35849e+08	3.04538e+08
2.902e+07	2.80593e+06	909276	-2.27677e+08	3.1062e+08
2.903e+07	2.70325e+06	836959	-2.19345e+08	3.16488e+08
2.904e+07	2.59868e+06	767338	-2.1086e+08	3.22137e+08
2.905e+07	2.49227e+06	700467	-2.02226e+08	3.27563e+08
2.906e+07	2.38412e+06	636393	-1.93451e+08	3.32762e+08
2.907e+07	2.27429e+06	575166	-1.84539e+08	3.3773e+08
2.908e+07	2.16285e+06	516831	-1.75497e+08	3.42464e+08
2.909e+07	2.04989e+06	461431	-1.66331e+08	3.46959e+08
2.91e+07	1.93549e+06	409008	-1.57048e+08	3.51213e+08
2.911e+07	1.81972e+06	359601	-1.47654e+08	3.55222e+08
2.912e+07	1.70266e+06	313246	-1.38156e+08	3.58983e+08
2.913e+07	1.58439e+06	269980	-1.2856e+08	3.62494e+08
2.914e+07	1.46501e+06	229833	-1.18873e+08	3.65751e+08
2.915e+07	1.34459e+06	192837	-1.09102e+08	3.68753e+08
2.916e+07	1.22322e+06	159020	-9.92533e+07	3.71497e+08
2.917e+07	1.10098e+06	128406	-8.93346e+07	3.73981e+08
2.918e+07	977955	101019	-7.93525e+07	3.76203e+08
2.919e+07	854240	76879.7	-6.93142e+07	3.78162e+08
2.92e+07	729920	56006.4	-5.92266e+07	3.79856e+08
2.921e+07	605081	38414.6	-4.90971e+07	3.81283e+08
2.922e+07	479813	24117.9	-3.89326e+07	3.82443e+08
2.923e+07	354204	13126.9	-2.87406e+07	3.83335e+08
2.924e+07	228343	5450.02	-1.85281e+07	3.83958e+08
2.925e+07	102321	1093.09	-8.30244e+06	3.84311e+08
2.926e+07	-23774.5	59.3934	1.9291e+06	3.84395e+08
2.927e+07	-149853	2349.72	1.21593e+07	3.84209e+08
2.928e+07	-275825	7962.34	2.23808e+07	3.83754e+08
2.929e+07	-401601	16893	3.25864e+07	3.83029e+08
2.93e+07	-527092	29135	4.27689e+07	3.82036e+08
2.931e+07	-652209	44678.9	5.29211e+07	3.80775e+08
2.932e+07	-776862	63513.1	6.30356e+07	3.79246e+08
2.933e+07	-900965	85623.4	7.31055e+07	3.77452e+08
2.934e+07	-1.02443e+06	110993	8.31234e+07	3.75394e+08
2.935e+07	-1.14716e+06	139603	9.30824e+07	3.73072e+08
2.936e+07	-1.26909e+06	171431	1.02975e+08	3.7049e+08
2.937e+07	-1.39011e+06	206454	1.12796e+08	3.67648e+08
2.938e+07	-1.51015e+06	244645	1.22536e+08	3.64549e+08
2.939e+07	-1.62912e+06	285975	1.32189e+08	3.61196e+08
2.94e+07	-1.74694e+06	330413	1.41749e+08	3.5759e+08
2.941e+07	-1.86352e+06	377927	1.51209e+08	3.53735e+08
2.942e+07	-1.97879e+06	428480	1.60562e+08	3.49633e+08
2.943e+07	-2.09266e+06	482034	1.69801e+08	3.45287e+08
2.944e+07	-2.20505e+06	538550	1.78921e+08	3.40701e+08
2.945e+07	-2.31589e+06	597985	1.87915e+08	3.35879e+08
2.946e+07	-2.4251e+06	660294	1.96776e+08	3.30823e+08
2.947e+07	-2.5326e+06	725433	2.05499e+08	3.25537e+08
2.948e+07	-2.63832e+06	793351	2.14077e+08	3.20026e+08
2.949e+07	-2.74219e+06	863999	2.22505e+08	3.14294e+08
2.95e+07	-2.84413e+06	937324	2.30777e+08	3.08344e+08
2.951e+07	-2.94408e+06	1.01327e+06	2.38887e+08	3.02182e+08
2.952e+07	-3.04197e+06	1.09179e+06	2.4683e+08	2.95811e+08
2.953e+07	-3.13773e+06	1.17281e+06	2.546e+08	2.89236e+08
2.954e+07	-3.2313e+06	1.25629e+06	2.62192e+08	2.82463e+08
2.955e+07	-3.32262e+06	1.34215e+06	2.69601e+08	2.75496e+08
2.956e+07	-3.41162e+06	1.43034e+06	2.76823e+08	2.6834e+08
2.957e+07	-3.49824e+06	1.52079e+06	2.83852e+08	2.61001e+08
2.958e+07	-3.58243e+06	1.61344e+06	2.90683e+08	2.53483e+08
2.959e+07	-3.66414e+06	1.70822e+06	2.97313e+08	2.45793e+08
2.96e+07	-3.7433e+06	1.80506e+06	3.03736e+08	2.37935e+08
2.961e+07	-3.81987e+06	1.90388e+06	3.09949e+08	2.29916e+08
2.962e+07	-3.8938e+06	2.00463e+06	3.15948e+08	2.21742e+08
2.963e+07	-3.96505e+06	2.10722e+06	3.21729e+08	2.13417e+08
2.964e+07	-4.03356e+06	2.21159e+06	3.27288e+08	2.04948e+08
2.965e+07	-4.09929e+06	2.31766e+06	3.32622e+08	1.96342e+08
2.966e+07	-4.1622e+06	2.42535e+06	3.37727e+08	1.87604e+08
2.967e+07	-4.22226e+06	2.53459e+06	3.426e+08	1.7874e+08
2.968e+07	-4.27942e+06	2.6453e+06	3.47238e+08	1.69757e+08
2.969e+07	-4.33366e+06	2.7574e+06	3.51639e+08	1.60661e+08
2.97e+07	-4.38494e+06	2.87081e+06	3.55799e+08	1.51459e+08
2.971e+07	-4.43322e+06	2.98546e+06	3.59717e+08	1.42156e+08
2.972e+07	-4.47848e+06	3.10126e+06	3.6339e+08	1.3276e+08
2.973e+07	-4.52071e+06	3.21813e+06	3.66816e+08	1.23277e+08
2.974e+07	-4.55986e+06	3.336e+06	3.69993e+08	1.13713e+08
2.975e+07	-4.59592e+06	3.45478e+06	3.72919e+08	1.04075e+08
2.976e+07	-4.62887e+06	3.57438e+06	3.75593e+08	9.43699e+07
2.977e+07	-4.6587e+06	3.69474e+06	3.78013e+08	8.46044e+07
2.978e+07	-4.68538e+06	3.81575e+06	3.80178e+08	7.47849e+07
2.979e+07	-4.70891e+06	3.93735e+06	3.82087e+08	6.49183e+07
2.98e+07	-4.72928e+06	4.05945e+06	3.8374e+08	5.50111e+07
2.981e+07	-4.74647e+06	4.18196e+06	3.85135e+08	4.50702e+07
2.982e+07	-4.76049e+06	4.30481e+06	3.86272e+08	3.51023e+07
2.983e+07	-4.77132e+06	4.42791e+06	3.87151e+08	2.5114e+07
2.984e+07	-4.77897e+06	4.55117e+06	3.87772e+08	1.51121e+07
2.985e+07	-4.78343e+06	4.67452e+06	3.88134e+08	5.1032e+06
2.986e+07	-4.78472e+06	4.79788e+06	3.88238e+08	-4.90597e+06
2.987e+07	-4.78282e+06	4.92115e+06	3.88084e+08	-1.49088e+07
2.988e+07	-4.77776e+06	5.04427e+06	3.87674e+08	-2.48986e+07
2.989e+07	-4.76953e+06	5.16714e+06	3.87006e+08	-3.48688e+07
2.99e+07	-4.75816e+06	5.2897e+06	3.86083e+08	-4.4813e+07
2.991e+07	-4.74364e+06	5.41185e+06	3.84905e+08	-5.47245e+07
2.992e+07	-4.726e+06	5.53352e+06	3.83474e+08	-6.45968e+07
2.993e+07	-4.70526e+06	5.65463e+06	3.81791e+08	-7.44237e+07
2.994e+07	-4.68143e+06	5.77509e+06	3.79857e+08	-8.41986e+07
2.995e+07	-4.65453e+06	5.89484e+06	3.77675e+08	-9.39154e+07
2.996e+07	-4.62459e+06	6.0138e+06	3.75245e+08	-1.03568e+08
2.997e+07	-4.59163e+06	6.13189e+06	3.72571e+08	-1.13149e+08
2.998e+07	-4.55568e+06	6.24903e+06	3.69654e+08	-1.22654e+08
2.999e+07	-4.51676e+06	6.36514e+06	3.66496e+08	-1.32076e+08
3e+07	-4.47491e+06	6.48017e+06	3.631e+08	-1.41409e+08
3.001e+07	-4.43016e+06	6.59402e+06	3.59469e+08	-1.50647e+08
3.002e+07	-4.38253e+06	6.70664e+06	3.55604e+08	-1.59785e+08
3.003e+07	-4.33207e+06	6.81794e+06	3.5151e+08	-1.68816e+08
3.004e+07	-4.27882e+06	6.92786e+06	3.47189e+08	-1.77736e+08
3.005e+07	-4.22281e+06	7.03634e+06	3.42644e+08	-1.86538e+08
3.006e+07	-4.16407e+06	7.1433e+06	3.37878e+08	-1.95216e+08
3.007e+07	-4.10267e+06	7.24867e+06	3.32896e+08	-2.03766e+08
3.008e+07	-4.03862e+06	7.35239e+06	3.27699e+08	-2.12183e+08
3.009e+07	-3.97199e+06	7.45441e+06	3.22293e+08	-2.2046e+08
3.01e+07	-3.90282e+06	7.55464e+06	3.1668e+08	-2.28594e+08
3.011e+07	-3.83115e+06	7.65304e+06	3.10865e+08	-2.36578e+08
3.012e+07	-3.75704e+06	7.74954e+06	3.04851e+08	-2.44408e+08
3.013e+07	-3.68054e+06	7.84409e+06	2.98643e+08	-2.5208e+08
3.014e+07	-3.60169e+06	7.93662e+06	2.92245e+08	-2.59588e+08
3.015e+07	-3.52055e+06	8.02708e+06	2.85662e+08	-2.66928e+08
3.016e+07	-3.43717e+06	8.11541e+06	2.78896e+08	-2.74095e+08
3.017e+07	-3.35161e+06	8.20157e+06	2.71954e+08	-2.81086e+08
3.018e+07	-3.26394e+06	8.28549e+06	2.6484e+08	-2.87895e+08
3.019e+07	-3.17419e+06	8.36713e+06	2.57558e+08	-2.9452e+08
3.02e+07	-3.08244e+06	8.44644e+06	2.50113e+08	-3.00955e+08
3.021e+07	-2.98874e+06	8.52338e+06	2.42511e+08	-3.07198e+08
3.022e+07	-2.89316e+06	8.59788e+06	2.34755e+08	-3.13244e+08
3.023e+07	-2.79576e+06	8.66993e+06	2.26852e+08	-3.19089e+08
3.024e+07	-2.69659e+06	8.73945e+06	2.18805e+08	-3.24731e+08
3.025e+07	-2.59573e+06	8.80643e+06	2.10621e+08	-3.30165e+08
3.026e+07	-2.49324e+06	8.87081e+06	2.02305e+08	-3.35389e+08
3.027e+07	-2.38919e+06	8.93257e+06	1.93862e+08	-3.404e+08
3.028e+07	-2.28363e+06	8.99165e+06	1.85297e+08	-3.45194e+08
3.029e+07	-2.17665e+06	9.04803e+06	1.76616e+08	-3.49769e+08
3.03e+07	-2.0683e+06	9.10168e+06	1.67824e+08	-3.54122e+08
3.031e+07	-1.95866e+06	9.15256e+06	1.58928e+08	-3.58251e+08
3.032e+07	-1.84779e+06	9.20064e+06	1.49932e+08	-3.62152e+08
3.033e+07	-1.73577e+06	9.2459e+06	1.40842e+08	-3.65825e+08
3.034e+07	-1.62266e+06	9.28831e+06	1.31665e+08	-3.69266e+08
3.035e+07	-1.50854e+06	9.32784e+06	1.22405e+08	-3.72473e+08
3.036e+07	-1.39348e+06	9.36447e+06	1.13069e+08	-3.75445e+08
3.037e+07	-1.27755e+06	9.39818e+06	1.03662e+08	-3.78181e+08
3.038e+07	-1.16083e+06	9.42895e+06	9.4191e+07	-3.80677e+08
3.039e+07	-1.04338e+06	9.45676e+06	8.46611e+07	-3.82934e+08
3.04e+07	-925281	9.4816e+06	7.50785e+07	-3.84949e+08
3.041e+07	-806607	9.50344e+06	6.54491e+07	-3.86722e+08
3.042e+07	-687431	9.52229e+06	5.5779e+07	-3.88251e+08
3.043e+07	-567827	9.53812e+06	4.60742e+07	-3.89536e+08
3.044e+07	-447870	9.55093e+06	3.63408e+07	-3.90575e+08
3.045e+07	-327635	9.56071e+06	2.65847e+07	-3.91369e+08
3.046e+07	-207196	9.56746e+06	1.68121e+07	-3.91916e+08
3.047e+07	-86627.9	9.57116e+06	7.0291e+06	-3.92217e+08
3.048e+07	33994	9.57183e+06	-2.75832e+06	-3.92271e+08
3.049e+07	154595	9.56945e+06	-1.2544e+07	-3.92078e+08
3.05e+07	275099	9.56404e+06	-2.23219e+07	-3.91638e+08
3.051e+07	395433	9.55558e+06	-3.20859e+07	-3.90953e+08
3.052e+07	515520	9.5441e+06	-4.183e+07	-3.90021e+08
3.053e+07	635287	9.52959e+06	-5.1548e+07	-3.88843e+08
3.054e+07	754659	9.51206e+06	-6.1234e+07	-3.87421e+08
3.055e+07	873561	9.49152e+06	-7.08819e+07	-3.85755e+08
3.056e+07	991920	9.46799e+06	-8.04857e+07	-3.83845e+08
3.057e+07	1.10966e+06	9.44148e+06	-9.00393e+07	-3.81694e+08
3.058e+07	1.22671e+06	9.41201e+06	-9.95369e+07	-3.79302e+08
3.059e+07	1.343e+06	9.37958e+06	-1.08972e+08	-3.76671e+08
3.06e+07	1.45844e+06	9.34422e+06	-1.1834e+08	-3.73803e+08
3.061e+07	1.57298e+06	9.30596e+06	-1.27634e+08	-3.70698e+08
3.062e+07	1.68654e+06	9.26481e+06	-1.36848e+08	-3.67359e+08
3.063e+07	1.79904e+06	9.2208e+06	-1.45977e+08	-3.63787e+08
3.064e+07	1.91042e+06	9.17395e+06	-1.55014e+08	-3.59986e+08
3.065e+07	2.02061e+06	9.12429e+06	-1.63955e+08	-3.55956e+08
3.066e+07	2.12953e+06	9.07185e+06	-1.72793e+08	-3.51701e+08
3.067e+07	2.23712e+06	9.01666e+06	-1.81523e+08	-3.47223e+08
3.068e+07	2.34331e+06	8.95875e+06	-1.90139e+08	-3.42525e+08
3.069e+07	2.44803e+06	8.89816e+06	-1.98636e+08	-3.37609e+08
3.07e+07	2.55121e+06	8.83493e+06	-2.07008e+08	-3.32477e+08
3.071e+07	2.65279e+06	8.76908e+06	-2.15251e+08	-3.27135e+08
3.072e+07	2.7527e+06	8.70067e+06	-2.23358e+08	-3.21583e+08
3.073e+07	2.85088e+06	8.62972e+06	-2.31324e+08	-3.15827e+08
3.074e+07	2.94727e+06	8.55629e+06	-2.39145e+08	-3.09868e+08
3.075e+07	3.0418e+06	8.48041e+06	-2.46815e+08	-3.03712e+08
3.076e+07	3.13441e+06	8.40214e+06	-2.5433e+08	-2.9736e+08
3.077e+07	3.22503e+06	8.32151e+06	-2.61683e+08	-2.90818e+08
3.078e+07	3.31362e+06	8.23858e+06	-2.68872e+08	-2.84089e+08
3.079e+07	3.40011e+06	8.1534e+06	-2.7589e+08	-2.77177e+08
3.08e+07	3.48445e+06	8.06601e+06	-2.82733e+08	-2.70087e+08
3.081e+07	3.56657e+06	7.97648e+06	-2.89396e+08	-2.62822e+08
3.082e+07	3.64643e+06	7.88485e+06	-2.95876e+08	-2.55387e+08
3.083e+07	3.72397e+06	7.79118e+06	-3.02167e+08	-2.47787e+08
3.084e+07	3.79913e+06	7.69553e+06	-3.08266e+08	-2.40026e+08
3.085e+07	3.87187e+06	7.59796e+06	-3.14169e+08	-2.32109e+08
3.086e+07	3.94214e+06	7.49852e+06	-3.19871e+08	-2.2404e+08
3.087e+07	4.00989e+06	7.39728e+06	-3.25368e+08	-2.15825e+08
3.088e+07	4.07507e+06	7.2943e+06	-3.30656e+08	-2.07469e+08
3.089e+07	4.13763e+06	7.18965e+06	-3.35733e+08	-1.98977e+08
3.09e+07	4.19754e+06	7.08338e+06	-3.40594e+08	-1.90354e+08
3.091e+07	4.25475e+06	6.97556e+06	-3.45236e+08	-1.81606e+08
3.092e+07	4.30922e+06	6.86627e+06	-3.49655e+08	-1.72738e+08
3.093e+07	4.3609e+06	6.75556e+06	-3.53849e+08	-1.63755e+08
3.094e+07	4.40977e+06	6.64351e+06	-3.57815e+08	-1.54663e+08
3.095e+07	4.45579e+06	6.5302e+06	-3.61548e+08	-1.45469e+08
3.096e+07	4.49891e+06	6.41568e+06	-3.65048e+08	-1.36177e+08
3.097e+07	4.53912e+06	6.30004e+06	-3.6831e+08	-1.26793e+08
3.098e+07	4.57637e+06	6.18334e+06	-3.71333e+08	-1.17324e+08
3.099e+07	4.61065e+06	6.06566e+06	-3.74114e+08	-1.07776e+08
3.1e+07	4.64191e+06	5.94708e+06	-3.76651e+08	-9.81539e+07
3.101e+07	4.67015e+06	5.82767e+06	-3.78942e+08	-8.84649e+07
3.102e+07	4.69532e+06	5.70751e+06	-3.80985e+08	-7.87149e+07
3.103e+07	4.71742e+06	5.58668e+06	-3.82778e+08	-6.89103e+07
3.104e+07	4.73642e+06	5.46525e+06	-3.8432e+08	-5.90573e+07
3.105e+07	4.75231e+06	5.3433e+06	-3.85608e+08	-4.91625e+07
3.106e+07	4.76506e+06	5.22092e+06	-3.86643e+08	-3.92321e+07
3.107e+07	4.77467e+06	5.09818e+06	-3.87423e+08	-2.92728e+07
3.108e+07	4.78112e+06	4.97516e+06	-3.87946e+08	-1.9291e+07
3.109e+07	4.78441e+06	4.85195e+06	-3.88213e+08	-9.29334e+06
3.11e+07	4.78452e+06	4.72862e+06	-3.88222e+08	713584
3.111e+07	4.78145e+06	4.60526e+06	-3.87973e+08	1.07231e+07
3.112e+07	4.7752e+06	4.48195e+06	-3.87466e+08	2.07287e+07
3.113e+07	4.76576e+06	4.35877e+06	-3.867e+08	3.07235e+07
3.114e+07	4.75314e+06	4.23581e+06	-3.85676e+08	4.07009e+07
3.115e+07	4.73734e+06	4.11314e+06	-3.84394e+08	5.06542e+07
3.116e+07	4.71837e+06	3.99086e+06	-3.82854e+08	6.05767e+07
3.117e+07	4.69622e+06	3.86903e+06	-3.81058e+08	7.04617e+07
3.118e+07	4.67092e+06	3.74775e+06	-3.79005e+08	8.03024e+07
3.119e+07	4.64247e+06	3.6271e+06	-3.76696e+08	9.00922e+07
3.12e+07	4.61089e+06	3.50716e+06	-3.74134e+08	9.98244e+07
3.121e+07	4.57619e+06	3.38801e+06	-3.71318e+08	1.09492e+08
3.122e+07	4.53839e+06	3.26974e+06	-3.68251e+08	1.19089e+08
3.123e+07	4.49752e+06	3.15242e+06	-3.64934e+08	1.28608e+08
3.124e+07	4.45359e+06	3.03614e+06	-3.6137e+08	1.38043e+08
3.125e+07	4.40663e+06	2.92098e+06	-3.57559e+08	1.47388e+08
3.126e+07	4.35666e+06	2.80702e+06	-3.53505e+08	1.56635e+08
3.127e+07	4.30372e+06	2.69434e+06	-3.4921e+08	1.65778e+08
3.128e+07	4.24784e+06	2.58301e+06	-3.44675e+08	1.74811e+08
3.129e+07	4.18905e+06	2.47312e+06	-3.39905e+08	1.83728e+08
3.13e+07	4.12739e+06	2.36474e+06	-3.34902e+08	1.92522e+08
3.131e+07	4.06289e+06	2.25796e+06	-3.29668e+08	2.01186e+08
3.132e+07	3.9956e+06	2.15284e+06	-3.24208e+08	2.09716e+08
3.133e+07	3.92555e+06	2.04946e+06	-3.18524e+08	2.18104e+08
3.134e+07	3.85279e+06	1.94789e+06	-3.12621e+08	2.26345e+08
3.135e+07	3.77738e+06	1.84822e+06	-3.06501e+08	2.34433e+08
3.136e+07	3.69935e+06	1.7505e+06	-3.0017e+08	2.42362e+08
3.137e+07	3.61875e+06	1.65481e+06	-2.9363e+08	2.50127e+08
3.138e+07	3.53565e+06	1.56122e+06	-2.86887e+08	2.57721e+08
3.139e+07	3.45009e+06	1.4698e+06	-2.79944e+08	2.65139e+08
3.14e+07	3.36213e+06	1.38061e+06	-2.72807e+08	2.72376e+08
3.141e+07	3.27182e+06	1.29372e+06	-2.6548e+08	2.79426e+08
3.142e+07	3.17924e+06	1.20919e+06	-2.57967e+08	2.86285e+08
3.143e+07	3.08443e+06	1.12708e+06	-2.50275e+08	2.92947e+08
3.144e+07	2.98747e+06	1.04745e+06	-2.42407e+08	2.99408e+08
3.145e+07	2.88842e+06	970372	-2.3437e+08	3.05663e+08
3.146e+07	2.78735e+06	895888	-2.26169e+08	3.11706e+08
3.147e+07	2.68432e+06	824059	-2.17809e+08	3.17535e+08
3.148e+07	2.5794e+06	754936	-2.09296e+08	3.23144e+08
3.149e+07	2.47268e+06	688571	-2.00636e+08	3.28528e+08
3.15e+07	2.36421e+06	625013	-1.91835e+08	3.33686e+08
3.151e+07	2.25408e+06	564311	-1.82899e+08	3.38611e+08
3.152e+07	2.14236e+06	506507	-1.73834e+08	3.43301e+08
3.153e+07	2.02913e+06	451647	-1.64647e+08	3.47753e+08
3.154e+07	1.91447e+06	399771	-1.55343e+08	3.51962e+08
3.155e+07	1.79846e+06	350918	-1.45929e+08	3.55926e+08
3.156e+07	1.68118e+06	305124	-1.36413e+08	3.59642e+08
3.157e+07	1.5627e+06	262424	-1.268e+08	3.63107e+08
3.158e+07	1.44312e+06	222850	-1.17097e+08	3.66318e+08
3.159e+07	1.32252e+06	186432	-1.07311e+08	3.69273e+08
3.16e+07	1.20098e+06	153197	-9.74494e+07	3.71969e+08
3.161e+07	1.0786e+06	123170	-8.75186e+07	3.74406e+08
3.162e+07	955441	96373.8	-7.75258e+07	3.7658e+08
3.163e+07	831610	72828.9	-6.74779e+07	3.78491e+08
3.164e+07	707188	52552.9	-5.73822e+07	3.80136e+08
3.165e+07	582264	35561.2	-4.72457e+07	3.81515e+08
3.166e+07	456927	21866.6	-3.70757e+07	3.82626e+08
3.167e+07	331266	11479.5	-2.68793e+07	3.83469e+08
3.168e+07	205369	4407.75	-1.66639e+07	3.84042e+08
3.169e+07	79326.6	656.735	-6.43666e+06	3.84347e+08
3.17e+07	-46772.3	229.283	3.79517e+06	3.84381e+08
3.171e+07	-172838	3125.73	1.40243e+07	3.84146e+08
3.172e+07	-298781	9343.87	2.42435e+07	3.83642e+08
3.173e+07	-424512	18879	3.44454e+07	3.82868e+08
3.174e+07	-549941	31723.9	4.46229e+07	3.81826e+08
3.175e+07	-674980	47868.9	5.47687e+07	3.80516e+08
3.176e+07	-799540	67301.8	6.48757e+07	3.78939e+08
3.177e+07	-923532	90007.7	7.49366e+07	3.77097e+08
3.178e+07	-1.04687e+06	115970	8.49443e+07	3.7499e+08
3.179e+07	-1.16946e+06	145168	9.48918e+07	3.72621e+08
3.18e+07	-1.29123e+06	177581	1.04772e+08	3.69991e+08
3.181e+07	-1.41208e+06	213183	1.14578e+08	3.67102e+08
3.182e+07	-1.53193e+06	251949	1.24303e+08	3.63957e+08
3.183e+07	-1.6507e+06	293849	1.3394e+08	3.60557e+08
3.184e+07	-1.7683e+06	338851	1.43482e+08	3.56905e+08
3.185e+07	-1.88465e+06	386921	1.52923e+08	3.53005e+08
3.186e+07	-1.99966e+06	438024	1.62255e+08	3.48858e+08
3.187e+07	-2.11327e+06	492122	1.71474e+08	3.44469e+08
3.188e+07	-2.22539e+06	549173	1.80571e+08	3.39839e+08
3.189e+07	-2.33593e+06	609136	1.89541e+08	3.34974e+08
3.19e+07	-2.44484e+06	671965	1.98377e+08	3.29876e+08
3.191e+07	-2.55202e+06	737614	2.07074e+08	3.24549e+08
3.192e+07	-2.65741e+06	806033	2.15625e+08	3.18997e+08
3.193e+07	-2.76093e+06	877174	2.24025e+08	3.13225e+08
3.194e+07	-2.86251e+06	950981	2.32268e+08	3.07236e+08
3.195e+07	-2.96209e+06	1.0274e+06	2.40348e+08	3.01035e+08
3.196e+07	-3.0596e+06	1.10638e+06	2.4826e+08	2.94627e+08
3.197e+07	-3.15496e+06	1.18786e+06	2.55998e+08	2.88016e+08
3.198e+07	-3.24813e+06	1.27177e+06	2.63557e+08	2.81207e+08
3.199e+07	-3.33902e+06	1.35806e+06	2.70933e+08	2.74205e+08
3.2e+07	-3.42759e+06	1.44667e+06	2.78119e+08	2.67015e+08
3.201e+07	-3.51378e+06	1.53753e+06	2.85112e+08	2.59643e+08
3.202e+07	-3.59752e+06	1.63057e+06	2.91907e+08	2.52093e+08
3.203e+07	-3.67876e+06	1.72573e+06	2.985e+08	2.44372e+08
3.204e+07	-3.75746e+06	1.82293e+06	3.04885e+08	2.36485e+08
3.205e+07	-3.83355e+06	1.92212e+06	3.1106e+08	2.28437e+08
3.206e+07	-3.907e+06	2.02321e+06	3.17019e+08	2.20234e+08
3.207e+07	-3.97775e+06	2.12613e+06	3.2276e+08	2.11883e+08
3.208e+07	-4.04575e+06	2.23081e+06	3.28278e+08	2.03389e+08
3.209e+07	-4.11097e+06	2.33718e+06	3.3357e+08	1.94758e+08
3.21e+07	-4.17337e+06	2.44516e+06	3.38633e+08	1.85997e+08
3.211e+07	-4.2329e+06	2.55467e+06	3.43463e+08	1.77111e+08
3.212e+07	-4.28954e+06	2.66564e+06	3.48058e+08	1.68107e+08
3.213e+07	-4.34323e+06	2.77798e+06	3.52416e+08	1.58991e+08
3.214e+07	-4.39397e+06	2.89163e+06	3.56532e+08	1.49769e+08
3.215e+07	-4.4417e+06	3.00649e+06	3.60405e+08	1.40449e+08
3.216e+07	-4.48641e+06	3.1225e+06	3.64033e+08	1.31037e+08
3.217e+07	-4.52807e+06	3.23956e+06	3.67414e+08	1.21538e+08
3.218e+07	-4.56666e+06	3.3576e+06	3.70545e+08	1.1196e+08
3.219e+07	-4.60216e+06	3.47653e+06	3.73425e+08	1.0231e+08
3.22e+07	-4.63454e+06	3.59628e+06	3.76053e+08	9.25932e+07
3.221e+07	-4.6638e+06	3.71676e+06	3.78427e+08	8.28173e+07
3.222e+07	-4.68991e+06	3.83789e+06	3.80545e+08	7.29888e+07
3.223e+07	-4.71286e+06	3.95958e+06	3.82408e+08	6.31142e+07
3.224e+07	-4.73265e+06	4.08176e+06	3.84014e+08	5.32005e+07
3.225e+07	-4.74927e+06	4.20434e+06	3.85362e+08	4.32541e+07
3.226e+07	-4.7627e+06	4.32724e+06	3.86452e+08	3.3282e+07
3.227e+07	-4.77295e+06	4.45038e+06	3.87284e+08	2.32907e+07
3.228e+07	-4.78002e+06	4.57366e+06	3.87857e+08	1.3287e+07
3.229e+07	-4.7839e+06	4.69702e+06	3.88172e+08	3.27757e+06
3.23e+07	-4.78461e+06	4.82037e+06	3.88229e+08	-6.73093e+06
3.231e+07	-4.78213e+06	4.94362e+06	3.88029e+08	-1.67319e+07
3.232e+07	-4.77649e+06	5.0667e+06	3.87571e+08	-2.67186e+07
3.233e+07	-4.76769e+06	5.18952e+06	3.86857e+08	-3.66846e+07
3.234e+07	-4.75574e+06	5.31201e+06	3.85887e+08	-4.66232e+07
3.235e+07	-4.74066e+06	5.43408e+06	3.84663e+08	-5.65281e+07
3.236e+07	-4.72245e+06	5.55565e+06	3.83186e+08	-6.63926e+07
3.237e+07	-4.70114e+06	5.67665e+06	3.81457e+08	-7.62105e+07
3.238e+07	-4.67675e+06	5.79699e+06	3.79478e+08	-8.59753e+07
3.239e+07	-4.6493e+06	5.9166e+06	3.7725e+08	-9.56807e+07
3.24e+07	-4.61881e+06	6.0354e+06	3.74776e+08	-1.05321e+08
3.241e+07	-4.5853e+06	6.15332e+06	3.72057e+08	-1.14889e+08
3.242e+07	-4.5488e+06	6.27028e+06	3.69096e+08	-1.24379e+08
3.243e+07	-4.50935e+06	6.3862e+06	3.65894e+08	-1.33785e+08
3.244e+07	-4.46696e+06	6.50102e+06	3.62455e+08	-1.43101e+08
3.245e+07	-4.42168e+06	6.61465e+06	3.58781e+08	-1.52322e+08
3.246e+07	-4.37354e+06	6.72703e+06	3.54875e+08	-1.6144e+08
3.247e+07	-4.32257e+06	6.83809e+06	3.50739e+08	-1.70452e+08
3.248e+07	-4.26881e+06	6.94776e+06	3.46377e+08	-1.7935e+08
3.249e+07	-4.2123e+06	7.05596e+06	3.41791e+08	-1.8813e+08
3.25e+07	-4.15307e+06	7.16263e+06	3.36986e+08	-1.96785e+08
3.251e+07	-4.09118e+06	7.26771e+06	3.31964e+08	-2.05312e+08
3.252e+07	-4.02666e+06	7.37113e+06	3.26729e+08	-2.13703e+08
3.253e+07	-3.95957e+06	7.47282e+06	3.21284e+08	-2.21955e+08
3.254e+07	-3.88994e+06	7.57273e+06	3.15634e+08	-2.30061e+08
3.255e+07	-3.81782e+06	7.67079e+06	3.09783e+08	-2.38018e+08
3.256e+07	-3.74327e+06	7.76693e+06	3.03734e+08	-2.45819e+08
3.257e+07	-3.66633e+06	7.86112e+06	2.97491e+08	-2.53461e+08
3.258e+07	-3.58706e+06	7.95327e+06	2.91058e+08	-2.60939e+08
3.259e+07	-3.5055e+06	8.04335e+06	2.84441e+08	-2.68248e+08
3.26e+07	-3.42173e+06	8.13129e+06	2.77643e+08	-2.75383e+08
3.261e+07	-3.33578e+06	8.21704e+06	2.7067e+08	-2.82341e+08
3.262e+07	-3.24772e+06	8.30055e+06	2.63524e+08	-2.89117e+08
3.263e+07	-3.15761e+06	8.38177e+06	2.56212e+08	-2.95708e+08
3.264e+07	-3.0655e+06	8.46065e+06	2.48738e+08	-3.02108e+08
3.265e+07	-2.97145e+06	8.53715e+06	2.41107e+08	-3.08315e+08
3.266e+07	-2.87553e+06	8.61121e+06	2.33324e+08	-3.14325e+08
3.267e+07	-2.7778e+06	8.68279e+06	2.25395e+08	-3.20133e+08
3.268e+07	-2.67832e+06	8.75186e+06	2.17323e+08	-3.25737e+08
3.269e+07	-2.57716e+06	8.81837e+06	2.09114e+08	-3.31134e+08
3.27e+07	-2.47438e+06	8.88227e+06	2.00774e+08	-3.36319e+08
3.271e+07	-2.37005e+06	8.94354e+06	1.92309e+08	-3.41291e+08
3.272e+07	-2.26423e+06	9.00214e+06	1.83722e+08	-3.46045e+08
3.273e+07	-2.15699e+06	9.05802e+06	1.75021e+08	-3.5058e+08
3.274e+07	-2.0484e+06	9.11117e+06	1.6621e+08	-3.54892e+08
3.275e+07	-1.93853e+06	9.16154e+06	1.57295e+08	-3.58979e+08
3.276e+07	-1.82744e+06	9.20911e+06	1.48281e+08	-3.62839e+08
3.277e+07	-1.71522e+06	9.25385e+06	1.39175e+08	-3.66469e+08
3.278e+07	-1.60192e+06	9.29573e+06	1.29982e+08	-3.69868e+08
3.279e+07	-1.48762e+06	9.33474e+06	1.20708e+08	-3.73033e+08
3.28e+07	-1.3724e+06	9.37084e+06	1.11358e+08	-3.75962e+08
3.281e+07	-1.25632e+06	9.40401e+06	1.0194e+08	-3.78654e+08
3.282e+07	-1.13946e+06	9.43424e+06	9.24572e+07	-3.81107e+08
3.283e+07	-1.02189e+06	9.46151e+06	8.29172e+07	-3.83319e+08
3.284e+07	-903678	9.4858e+06	7.33256e+07	-3.85291e+08
3.285e+07	-784907	9.50711e+06	6.36884e+07	-3.87019e+08
3.286e+07	-665648	9.5254e+06	5.40115e+07	-3.88504e+08
3.287e+07	-545974	9.54068e+06	4.4301e+07	-3.89743e+08
3.288e+07	-425961	9.55294e+06	3.4563e+07	-3.90738e+08
3.289e+07	-305683	9.56217e+06	2.48035e+07	-3.91487e+08
3.29e+07	-185214	9.56836e+06	1.50285e+07	-3.91989e+08
3.291e+07	-64630.9	9.57151e+06	5.24424e+06	-3.92245e+08
3.292e+07	55992.6	9.57162e+06	-4.54332e+06	-3.92254e+08
3.293e+07	176581	9.56869e+06	-1.4328e+07	-3.92016e+08
3.294e+07	297060	9.56272e+06	-2.41039e+07	-3.91532e+08
3.295e+07	417355	9.55371e+06	-3.38647e+07	-3.90801e+08
3.296e+07	537389	9.54168e+06	-4.36045e+07	-3.89824e+08
3.297e+07	657090	9.52661e+06	-5.33171e+07	-3.88602e+08
3.298e+07	776381	9.50854e+06	-6.29966e+07	-3.87135e+08
3.299e+07	895190	9.48746e+06	-7.26369e+07	-3.85424e+08
3.3e+07	1.01344e+06	9.46338e+06	-8.22319e+07	-3.83471e+08
3.301e+07	1.13106e+06	9.43633e+06	-9.17758e+07	-3.81276e+08
3.302e+07	1.24798e+06	9.40631e+06	-1.01263e+08	-3.7884e+08
3.303e+07	1.36412e+06	9.37335e+06	-1.10686e+08	-3.76166e+08
3.304e+07	1.4794e+06	9.33746e+06	-1.20041e+08	-3.73254e+08
3.305e+07	1.59377e+06	9.29867e+06	-1.2932e+08	-3.70106e+08
3.306e+07	1.70714e+06	9.257e+06	-1.38519e+08	-3.66725e+08
3.307e+07	1.81944e+06	9.21246e+06	-1.47632e+08	-3.63111e+08
3.308e+07	1.93061e+06	9.1651e+06	-1.56652e+08	-3.59268e+08
3.309e+07	2.04057e+06	9.11493e+06	-1.65575e+08	-3.55197e+08
3.31e+07	2.14926e+06	9.06199e+06	-1.74393e+08	-3.50901e+08
3.311e+07	2.25659e+06	9.0063e+06	-1.83103e+08	-3.46383e+08
3.312e+07	2.36252e+06	8.9479e+06	-1.91698e+08	-3.41644e+08
3.313e+07	2.46696e+06	8.88683e+06	-2.00173e+08	-3.36689e+08
3.314e+07	2.56986e+06	8.82311e+06	-2.08522e+08	-3.31519e+08
3.315e+07	2.67114e+06	8.75679e+06	-2.1674e+08	-3.26138e+08
3.316e+07	2.77074e+06	8.68792e+06	-2.24821e+08	-3.20549e+08
3.317e+07	2.8686e+06	8.61651e+06	-2.32762e+08	-3.14755e+08
3.318e+07	2.96465e+06	8.54263e+06	-2.40556e+08	-3.0876e+08
3.319e+07	3.05883e+06	8.46631e+06	-2.48198e+08	-3.02568e+08
3.32e+07	3.15108e+06	8.38761e+06	-2.55683e+08	-2.96181e+08
3.321e+07	3.24134e+06	8.30656e+06	-2.63007e+08	-2.89605e+08
3.322e+07	3.32955e+06	8.22321e+06	-2.70164e+08	-2.82842e+08
3.323e+07	3.41566e+06	8.13762e+06	-2.77151e+08	-2.75897e+08
3.324e+07	3.49959e+06	8.04984e+06	-2.83961e+08	-2.68775e+08
3.325e+07	3.58131e+06	7.95992e+06	-2.90592e+08	-2.61479e+08
3.326e+07	3.66074e+06	7.86792e+06	-2.97038e+08	-2.54013e+08
3.327e+07	3.73785e+06	7.77389e+06	-3.03294e+08	-2.46383e+08
3.328e+07	3.81258e+06	7.67788e+06	-3.09358e+08	-2.38593e+08
3.329e+07	3.88487e+06	7.57996e+06	-3.15224e+08	-2.30648e+08
3.33e+07	3.95469e+06	7.48019e+06	-3.20888e+08	-2.22553e+08
3.331e+07	4.02197e+06	7.37863e+06	-3.26348e+08	-2.14312e+08
3.332e+07	4.08668e+06	7.27534e+06	-3.31598e+08	-2.05931e+08
3.333e+07	4.14876e+06	7.17038e+06	-3.36636e+08	-1.97414e+08
3.334e+07	4.20818e+06	7.06383e+06	-3.41457e+08	-1.88768e+08
3.335e+07	4.26489e+06	6.95574e+06	-3.46059e+08	-1.79998e+08
3.336e+07	4.31885e+06	6.84618e+06	-3.50437e+08	-1.71108e+08
3.337e+07	4.37003e+06	6.73522e+06	-3.5459e+08	-1.62105e+08
3.338e+07	4.41838e+06	6.62294e+06	-3.58513e+08	-1.52994e+08
3.339e+07	4.46387e+06	6.5094e+06	-3.62204e+08	-1.43781e+08
3.34e+07	4.50647e+06	6.39467e+06	-3.6566e+08	-1.34472e+08
3.341e+07	4.54614e+06	6.27883e+06	-3.68879e+08	-1.25072e+08
3.342e+07	4.58285e+06	6.16195e+06	-3.71858e+08	-1.15588e+08
3.343e+07	4.61658e+06	6.0441e+06	-3.74595e+08	-1.06026e+08
3.344e+07	4.64729e+06	5.92536e+06	-3.77087e+08	-9.63916e+07
3.345e+07	4.67497e+06	5.80581e+06	-3.79333e+08	-8.66911e+07
3.346e+07	4.69958e+06	5.68552e+06	-3.8133e+08	-7.69307e+07
3.347e+07	4.72112e+06	5.56457e+06	-3.83078e+08	-6.71167e+07
3.348e+07	4.73955e+06	5.44304e+06	-3.84573e+08	-5.72557e+07
3.349e+07	4.75487e+06	5.32101e+06	-3.85816e+08	-4.73538e+07
3.35e+07	4.76705e+06	5.19856e+06	-3.86804e+08	-3.74177e+07
3.351e+07	4.77608e+06	5.07576e+06	-3.87537e+08	-2.74538e+07
3.352e+07	4.78196e+06	4.9527e+06	-3.88014e+08	-1.74686e+07
3.353e+07	4.78466e+06	4.82946e+06	-3.88234e+08	-7.46879e+06
3.354e+07	4.78419e+06	4.70612e+06	-3.88196e+08	2.5391e+06
3.355e+07	4.78055e+06	4.58277e+06	-3.879e+08	1.25484e+07
3.356e+07	4.77371e+06	4.45947e+06	-3.87345e+08	2.25525e+07
3.357e+07	4.7637e+06	4.33633e+06	-3.86533e+08	3.25446e+07
3.358e+07	4.7505e+06	4.21341e+06	-3.85461e+08	4.25182e+07
3.359e+07	4.73412e+06	4.09081e+06	-3.84132e+08	5.24664e+07
3.36e+07	4.71456e+06	3.9686e+06	-3.82546e+08	6.23825e+07
3.361e+07	4.69184e+06	3.84687e+06	-3.80702e+08	7.22599e+07
3.362e+07	4.66597e+06	3.7257e+06	-3.78603e+08	8.20919e+07
3.363e+07	4.63694e+06	3.60517e+06	-3.76248e+08	9.18716e+07
3.364e+07	4.60479e+06	3.48537e+06	-3.73639e+08	1.01593e+08
3.365e+07	4.56953e+06	3.36638e+06	-3.70777e+08	1.11248e+08
3.366e+07	4.53117e+06	3.24827e+06	-3.67665e+08	1.20831e+08
3.367e+07	4.48973e+06	3.13114e+06	-3.64303e+08	1.30335e+08
3.368e+07	4.44525e+06	3.01506e+06	-3.60693e+08	1.39754e+08
3.369e+07	4.39774e+06	2.90011e+06	-3.56838e+08	1.49081e+08
3.37e+07	4.34723e+06	2.78637e+06	-3.5274e+08	1.5831e+08
3.371e+07	4.29375e+06	2.67393e+06	-3.484e+08	1.67434e+08
3.372e+07	4.23734e+06	2.56286e+06	-3.43823e+08	1.76446e+08
3.373e+07	4.17802e+06	2.45324e+06	-3.3901e+08	1.85341e+08
3.374e+07	4.11583e+06	2.34515e+06	-3.33964e+08	1.94112e+08
3.375e+07	4.05082e+06	2.23866e+06	-3.28689e+08	2.02752e+08
3.376e+07	3.98302e+06	2.13385e+06	-3.23188e+08	2.11257e+08
3.377e+07	3.91248e+06	2.0308e+06	-3.17464e+08	2.19618e+08
3.378e+07	3.83924e+06	1.92957e+06	-3.11521e+08	2.27832e+08
3.379e+07	3.76334e+06	1.83025e+06	-3.05362e+08	2.35891e+08
3.38e+07	3.68484e+06	1.73289e+06	-2.98992e+08	2.43791e+08
3.381e+07	3.60378e+06	1.63758e+06	-2.92416e+08	2.51524e+08
3.382e+07	3.52022e+06	1.54438e+06	-2.85636e+08	2.59087e+08
3.383e+07	3.43422e+06	1.45336e+06	-2.78657e+08	2.66472e+08
3.384e+07	3.34583e+06	1.36459e+06	-2.71485e+08	2.73676e+08
3.385e+07	3.25511e+06	1.27812e+06	-2.64123e+08	2.80692e+08
3.386e+07	3.16211e+06	1.19403e+06	-2.56578e+08	2.87515e+08
3.387e+07	3.06691e+06	1.11237e+06	-2.48853e+08	2.94141e+08
3.388e+07	2.96956e+06	1.0332e+06	-2.40954e+08	3.00564e+08
3.389e+07	2.87014e+06	956592	-2.32887e+08	3.06781e+08
3.39e+07	2.7687e+06	882589	-2.24656e+08	3.12786e+08
3.391e+07	2.66532e+06	811249	-2.16268e+08	3.18574e+08
3.392e+07	2.56007e+06	742625	-2.07728e+08	3.24142e+08
3.393e+07	2.45302e+06	676769	-1.99042e+08	3.29486e+08
3.394e+07	2.34425e+06	613728	-1.90215e+08	3.34601e+08
3.395e+07	2.23382e+06	553551	-1.81255e+08	3.39484e+08
3.396e+07	2.12182e+06	496282	-1.72168e+08	3.44131e+08
3.397e+07	2.00833e+06	441963	-1.62958e+08	3.48539e+08
3.398e+07	1.89341e+06	390635	-1.53634e+08	3.52703e+08
3.399e+07	1.77716e+06	342337	-1.44201e+08	3.56622e+08
3.4e+07	1.65966e+06	297105	-1.34667e+08	3.60293e+08
3.401e+07	1.54097e+06	254973	-1.25037e+08	3.63711e+08
3.402e+07	1.4212e+06	215972	-1.15318e+08	3.66876e+08
3.403e+07	1.30042e+06	180132	-1.05518e+08	3.69784e+08
3.404e+07	1.17872e+06	147481	-9.56432e+07	3.72433e+08
3.405e+07	1.05619e+06	118041	-8.57006e+07	3.74822e+08
3.406e+07	932905	91836.8	-7.56971e+07	3.76948e+08
3.407e+07	808959	68886.8	-6.564e+07	3.7881e+08
3.408e+07	684440	49208.7	-5.55363e+07	3.80407e+08
3.409e+07	559434	32817.4	-4.53932e+07	3.81737e+08
3.41e+07	434031	19725.4	-3.52178e+07	3.82799e+08
3.411e+07	308320	9942.39	-2.50175e+07	3.83593e+08
3.412e+07	182390	3475.95	-1.47994e+07	3.84118e+08
3.413e+07	56330.5	330.935	-4.57073e+06	3.84373e+08
3.414e+07	-69769	509.737	5.66115e+06	3.84359e+08
3.415e+07	-195819	4012.22	1.5889e+07	3.84074e+08
3.416e+07	-321730	10835.7	2.61056e+07	3.83521e+08
3.417e+07	-447412	20975.1	3.63036e+07	3.82698e+08
3.418e+07	-572777	34422.7	4.64759e+07	3.81607e+08
3.419e+07	-697735	51168.3	5.66151e+07	3.80248e+08
3.42e+07	-822198	71199.3	6.67142e+07	3.78623e+08
3.421e+07	-946077	94500.4	7.67659e+07	3.76732e+08
3.422e+07	-1.06929e+06	121054	8.67632e+07	3.74578e+08
3.423e+07	-1.19174e+06	150840	9.6699e+07	3.72161e+08
3.424e+07	-1.31334e+06	183837	1.06566e+08	3.69483e+08
3.425e+07	-1.43402e+06	220018	1.16358e+08	3.66547e+08
3.426e+07	-1.55368e+06	259358	1.26067e+08	3.63355e+08
3.427e+07	-1.67224e+06	301826	1.35687e+08	3.59909e+08
3.428e+07	-1.78961e+06	347390	1.45212e+08	3.56212e+08
3.429e+07	-1.90573e+06	396016	1.54633e+08	3.52267e+08
3.43e+07	-2.02049e+06	447668	1.63945e+08	3.48076e+08
3.431e+07	-2.13383e+06	502308	1.73142e+08	3.43642e+08
3.432e+07	-2.24567e+06	559893	1.82216e+08	3.3897e+08
3.433e+07	-2.35592e+06	620382	1.91162e+08	3.34061e+08
3.434e+07	-2.46451e+06	683729	1.99974e+08	3.28921e+08
3.435e+07	-2.57137e+06	749887	2.08645e+08	3.23553e+08
3.436e+07	-2.67643e+06	818806	2.17169e+08	3.17961e+08
3.437e+07	-2.7796e+06	890437	2.2554e+08	3.12149e+08
3.438e+07	-2.88083e+06	964726	2.33754e+08	3.06121e+08
3.439e+07	-2.98003e+06	1.04162e+06	2.41804e+08	2.99882e+08
3.44e+07	-3.07715e+06	1.12105e+06	2.49684e+08	2.93436e+08
3.441e+07	-3.17212e+06	1.20298e+06	2.5739e+08	2.86789e+08
3.442e+07	-3.26487e+06	1.28733e+06	2.64916e+08	2.79944e+08
3.443e+07	-3.35535e+06	1.37405e+06	2.72258e+08	2.72907e+08
3.444e+07	-3.44349e+06	1.46308e+06	2.79409e+08	2.65684e+08
3.445e+07	-3.52923e+06	1.55434e+06	2.86367e+08	2.58279e+08
3.446e+07	-3.61252e+06	1.64777e+06	2.93125e+08	2.50698e+08
3.447e+07	-3.69331e+06	1.74331e+06	2.9968e+08	2.42946e+08
3.448e+07	-3.77153e+06	1.84088e+06	3.06027e+08	2.35029e+08
3.449e+07	-3.84715e+06	1.94041e+06	3.12163e+08	2.26952e+08
3.45e+07	-3.9201e+06	2.04184e+06	3.18082e+08	2.18722e+08
3.451e+07	-3.99036e+06	2.14509e+06	3.23783e+08	2.10344e+08
3.452e+07	-4.05786e+06	2.25009e+06	3.2926e+08	2.01825e+08
3.453e+07	-4.12257e+06	2.35676e+06	3.3451e+08	1.9317e+08
3.454e+07	-4.18444e+06	2.46502e+06	3.39531e+08	1.84385e+08
3.455e+07	-4.24345e+06	2.5748e+06	3.44319e+08	1.75477e+08
3.456e+07	-4.29955e+06	2.68603e+06	3.48871e+08	1.66452e+08
3.457e+07	-4.35271e+06	2.79862e+06	3.53184e+08	1.57317e+08
3.458e+07	-4.4029e+06	2.91249e+06	3.57257e+08	1.48077e+08
3.459e+07	-4.45008e+06	3.02757e+06	3.61085e+08	1.38739e+08
3.46e+07	-4.49424e+06	3.14377e+06	3.64668e+08	1.2931e+08
3.461e+07	-4.53534e+06	3.26101e+06	3.68004e+08	1.19797e+08
3.462e+07	-4.57337e+06	3.37922e+06	3.71089e+08	1.10205e+08
3.463e+07	-4.6083e+06	3.49831e+06	3.73923e+08	1.00542e+08
3.464e+07	-4.64011e+06	3.6182e+06	3.76505e+08	9.08146e+07
3.465e+07	-4.66879e+06	3.7388e+06	3.78832e+08	8.10286e+07
3.466e+07	-4.69433e+06	3.86004e+06	3.80904e+08	7.11911e+07
3.467e+07	-4.71671e+06	3.98183e+06	3.8272e+08	6.13089e+07
3.468e+07	-4.73592e+06	4.10409e+06	3.84279e+08	5.13887e+07
3.469e+07	-4.75195e+06	4.22674e+06	3.8558e+08	4.14372e+07
3.47e+07	-4.76481e+06	4.34968e+06	3.86623e+08	3.1461e+07
3.471e+07	-4.77448e+06	4.47285e+06	3.87408e+08	2.1467e+07
3.472e+07	-4.78097e+06	4.59616e+06	3.87934e+08	1.14617e+07
3.473e+07	-4.78427e+06	4.71952e+06	3.88202e+08	1.45198e+06
3.474e+07	-4.78439e+06	4.84286e+06	3.88212e+08	-8.55563e+06
3.475e+07	-4.78134e+06	4.96608e+06	3.87964e+08	-1.85545e+07
3.476e+07	-4.77512e+06	5.08912e+06	3.8746e+08	-2.85379e+07
3.477e+07	-4.76575e+06	5.21189e+06	3.86699e+08	-3.84994e+07
3.478e+07	-4.75322e+06	5.3343e+06	3.85683e+08	-4.84324e+07
3.479e+07	-4.73757e+06	5.45629e+06	3.84413e+08	-5.83303e+07
3.48e+07	-4.7188e+06	5.57776e+06	3.82889e+08	-6.81868e+07
3.481e+07	-4.69693e+06	5.69865e+06	3.81115e+08	-7.79955e+07
3.482e+07	-4.67197e+06	5.81886e+06	3.7909e+08	-8.775e+07
3.483e+07	-4.64396e+06	5.93833e+06	3.76817e+08	-9.74439e+07
3.484e+07	-4.61292e+06	6.05698e+06	3.74298e+08	-1.07071e+08
3.485e+07	-4.57886e+06	6.17473e+06	3.71535e+08	-1.16625e+08
3.486e+07	-4.54183e+06	6.2915e+06	3.6853e+08	-1.26101e+08
3.487e+07	-4.50183e+06	6.40723e+06	3.65285e+08	-1.35491e+08
3.488e+07	-4.45892e+06	6.52183e+06	3.61803e+08	-1.4479e+08
3.489e+07	-4.41312e+06	6.63524e+06	3.58086e+08	-1.53992e+08
3.49e+07	-4.36445e+06	6.74739e+06	3.54137e+08	-1.63092e+08
3.491e+07	-4.31297e+06	6.8582e+06	3.4996e+08	-1.72083e+08
3.492e+07	-4.2587e+06	6.9676e+06	3.45557e+08	-1.8096e+08
3.493e+07	-4.2017e+06	7.07553e+06	3.40931e+08	-1.89718e+08
3.494e+07	-4.14198e+06	7.18192e+06	3.36086e+08	-1.9835e+08
3.495e+07	-4.07961e+06	7.2867e+06	3.31025e+08	-2.06852e+08
3.496e+07	-4.01462e+06	7.38981e+06	3.25751e+08	-2.15218e+08
3.497e+07	-3.94705e+06	7.49118e+06	3.20269e+08	-2.23444e+08
3.498e+07	-3.87697e+06	7.59075e+06	3.14582e+08	-2.31523e+08
3.499e+07	-3.8044e+06	7.68846e+06	3.08694e+08	-2.39452e+08
3.5e+07	-3.72941e+06	7.78426e+06	3.02609e+08	-2.47225e+08
3.501e+07	-3.65204e+06	7.87808e+06	2.96332e+08	-2.54837e+08
3.502e+07	-3.57235e+06	7.96986e+06	2.89865e+08	-2.62285e+08
3.503e+07	-3.49039e+06	8.05955e+06	2.83215e+08	-2.69562e+08
3.504e+07	-3.40621e+06	8.14709e+06	2.76385e+08	-2.76666e+08
3.505e+07	-3.31988e+06	8.23244e+06	2.69379e+08	-2.83591e+08
3.506e+07	-3.23144e+06	8.31554e+06	2.62203e+08	-2.90333e+08
3.507e+07	-3.14095e+06	8.39633e+06	2.54861e+08	-2.96889e+08
3.508e+07	-3.04849e+06	8.47478e+06	2.47358e+08	-3.03255e+08
3.509e+07	-2.9541e+06	8.55084e+06	2.39699e+08	-3.09426e+08
3.51e+07	-2.85784e+06	8.62445e+06	2.31889e+08	-3.15399e+08
3.511e+07	-2.75979e+06	8.69558e+06	2.23933e+08	-3.21171e+08
3.512e+07	-2.66e+06	8.76418e+06	2.15836e+08	-3.26737e+08
3.513e+07	-2.55854e+06	8.83022e+06	2.07603e+08	-3.32095e+08
3.514e+07	-2.45547e+06	8.89364e+06	1.9924e+08	-3.37242e+08
3.515e+07	-2.35086e+06	8.95443e+06	1.90752e+08	-3.42174e+08
3.516e+07	-2.24477e+06	9.01253e+06	1.82144e+08	-3.46889e+08
3.517e+07	-2.13728e+06	9.06792e+06	1.73422e+08	-3.51383e+08
3.518e+07	-2.02845e+06	9.12056e+06	1.64591e+08	-3.55654e+08
3.519e+07	-1.91835e+06	9.17043e+06	1.55658e+08	-3.597e+08
3.52e+07	-1.80706e+06	9.21748e+06	1.46627e+08	-3.63518e+08
3.521e+07	-1.69463e+06	9.2617e+06	1.37505e+08	-3.67107e+08
3.522e+07	-1.58115e+06	9.30306e+06	1.28296e+08	-3.70463e+08
3.523e+07	-1.46668e+06	9.34154e+06	1.19008e+08	-3.73585e+08
3.524e+07	-1.35129e+06	9.37711e+06	1.09646e+08	-3.76471e+08
3.525e+07	-1.23506e+06	9.40975e+06	1.00215e+08	-3.79119e+08
3.526e+07	-1.11807e+06	9.43944e+06	9.07214e+07	-3.81528e+08
3.527e+07	-1.00037e+06	9.46617e+06	8.11716e+07	-3.83697e+08
3.528e+07	-882057	9.48991e+06	7.15712e+07	-3.85624e+08
3.529e+07	-763191	9.51067e+06	6.19263e+07	-3.87308e+08
3.53e+07	-643850	9.52841e+06	5.22429e+07	-3.88748e+08
3.531e+07	-524109	9.54314e+06	4.25269e+07	-3.89943e+08
3.532e+07	-404042	9.55485e+06	3.27845e+07	-3.90893e+08
3.533e+07	-283724	9.56352e+06	2.30217e+07	-3.91597e+08
3.534e+07	-163229	9.56916e+06	1.32446e+07	-3.92054e+08
3.535e+07	-42632.7	9.57176e+06	3.45927e+06	-3.92265e+08
3.536e+07	77990.1	9.57132e+06	-6.32822e+06	-3.92229e+08
3.537e+07	198564	9.56783e+06	-1.61118e+07	-3.91946e+08
3.538e+07	319015	9.56131e+06	-2.58853e+07	-3.91417e+08
3.539e+07	439268	9.55174e+06	-3.56428e+07	-3.90641e+08
3.54e+07	559247	9.53915e+06	-4.5378e+07	-3.89619e+08
3.541e+07	678879	9.52354e+06	-5.50851e+07	-3.88353e+08
3.542e+07	798088	9.50492e+06	-6.47579e+07	-3.86841e+08
3.543e+07	916800	9.48329e+06	-7.43904e+07	-3.85086e+08
3.544e+07	1.03494e+06	9.45867e+06	-8.39765e+07	-3.83089e+08
3.545e+07	1.15244e+06	9.43107e+06	-9.35104e+07	-3.8085e+08
3.546e+07	1.26922e+06	9.40052e+06	-1.02986e+08	-3.7837e+08
3.547e+07	1.38521e+06	9.36702e+06	-1.12397e+08	-3.75652e+08
3.548e+07	1.50033e+06	9.3306e+06	-1.21739e+08	-3.72697e+08
3.549e+07	1.61452e+06	9.29128e+06	-1.31004e+08	-3.69507e+08
3.55e+07	1.7277e+06	9.24909e+06	-1.40188e+08	-3.66083e+08
3.551e+07	1.8398e+06	9.20403e+06	-1.49284e+08	-3.62427e+08
3.552e+07	1.95076e+06	9.15616e+06	-1.58287e+08	-3.58542e+08
3.553e+07	2.06049e+06	9.10548e+06	-1.67191e+08	-3.5443e+08
3.554e+07	2.16893e+06	9.05203e+06	-1.7599e+08	-3.50094e+08
3.555e+07	2.27602e+06	8.99585e+06	-1.84679e+08	-3.45535e+08
3.556e+07	2.38168e+06	8.93696e+06	-1.93253e+08	-3.40757e+08
3.557e+07	2.48585e+06	8.8754e+06	-2.01705e+08	-3.35762e+08
3.558e+07	2.58845e+06	8.81121e+06	-2.1003e+08	-3.30553e+08
3.559e+07	2.68943e+06	8.74442e+06	-2.18224e+08	-3.25134e+08
3.56e+07	2.78872e+06	8.67508e+06	-2.2628e+08	-3.19507e+08
3.561e+07	2.88625e+06	8.60322e+06	-2.34194e+08	-3.13677e+08
3.562e+07	2.98197e+06	8.52889e+06	-2.41961e+08	-3.07645e+08
3.563e+07	3.0758e+06	8.45214e+06	-2.49575e+08	-3.01417e+08
3.564e+07	3.16769e+06	8.373e+06	-2.57031e+08	-2.94996e+08
3.565e+07	3.25759e+06	8.29153e+06	-2.64325e+08	-2.88385e+08
3.566e+07	3.34542e+06	8.20777e+06	-2.71451e+08	-2.81589e+08
3.567e+07	3.43113e+06	8.12178e+06	-2.78406e+08	-2.74612e+08
3.568e+07	3.51466e+06	8.0336e+06	-2.85184e+08	-2.67457e+08
3.569e+07	3.59596e+06	7.9433e+06	-2.91781e+08	-2.6013e+08
3.57e+07	3.67498e+06	7.85092e+06	-2.98193e+08	-2.52634e+08
3.571e+07	3.75166e+06	7.75652e+06	-3.04415e+08	-2.44974e+08
3.572e+07	3.82595e+06	7.66016e+06	-3.10442e+08	-2.37156e+08
3.573e+07	3.89779e+06	7.5619e+06	-3.16272e+08	-2.29183e+08
3.574e+07	3.96715e+06	7.4618e+06	-3.219e+08	-2.2106e+08
3.575e+07	4.03396e+06	7.35992e+06	-3.27321e+08	-2.12794e+08
3.576e+07	4.0982e+06	7.25632e+06	-3.32533e+08	-2.04387e+08
3.577e+07	4.1598e+06	7.15107e+06	-3.37531e+08	-1.95847e+08
3.578e+07	4.21872e+06	7.04423e+06	-3.42313e+08	-1.87178e+08
3.579e+07	4.27494e+06	6.93586e+06	-3.46874e+08	-1.78385e+08
3.58e+07	4.32839e+06	6.82605e+06	-3.51212e+08	-1.69474e+08
3.581e+07	4.37906e+06	6.71484e+06	-3.55322e+08	-1.60451e+08
3.582e+07	4.42689e+06	6.60232e+06	-3.59204e+08	-1.51321e+08
3.583e+07	4.47185e+06	6.48856e+06	-3.62852e+08	-1.4209e+08
3.584e+07	4.51392e+06	6.37362e+06	-3.66265e+08	-1.32764e+08
3.585e+07	4.55305e+06	6.25759e+06	-3.69441e+08	-1.23349e+08
3.586e+07	4.58922e+06	6.14052e+06	-3.72376e+08	-1.1385e+08
3.587e+07	4.6224e+06	6.02251e+06	-3.75068e+08	-1.04274e+08
3.588e+07	4.65257e+06	5.90362e+06	-3.77515e+08	-9.46272e+07
3.589e+07	4.67969e+06	5.78393e+06	-3.79716e+08	-8.49153e+07
3.59e+07	4.70374e+06	5.66351e+06	-3.81668e+08	-7.51446e+07
3.591e+07	4.72471e+06	5.54245e+06	-3.83369e+08	-6.53216e+07
3.592e+07	4.74258e+06	5.42082e+06	-3.84819e+08	-5.54526e+07
3.593e+07	4.75732e+06	5.29871e+06	-3.86015e+08	-4.55441e+07
3.594e+07	4.76893e+06	5.17618e+06	-3.86957e+08	-3.56024e+07
3.595e+07	4.77739e+06	5.05333e+06	-3.87644e+08	-2.56341e+07
3.596e+07	4.78269e+06	4.93024e+06	-3.88073e+08	-1.56458e+07
3.597e+07	4.78481e+06	4.80697e+06	-3.88246e+08	-5.64398e+06
3.598e+07	4.78377e+06	4.68362e+06	-3.88161e+08	4.36467e+06
3.599e+07	4.77954e+06	4.56027e+06	-3.87818e+08	1.43735e+07
3.6e+07	4.77212e+06	4.437e+06	-3.87216e+08	2.43759e+07
3.601e+07	4.76153e+06	4.31389e+06	-3.86356e+08	3.43652e+07
3.602e+07	4.74775e+06	4.19103e+06	-3.85238e+08	4.43346e+07
3.603e+07	4.73079e+06	4.06849e+06	-3.83862e+08	5.42775e+07
3.604e+07	4.71066e+06	3.94636e+06	-3.82229e+08	6.4187e+07
3.605e+07	4.68736e+06	3.82473e+06	-3.80338e+08	7.40567e+07
3.606e+07	4.66091e+06	3.70367e+06	-3.78192e+08	8.38796e+07
3.607e+07	4.63131e+06	3.58327e+06	-3.75791e+08	9.36491e+07
3.608e+07	4.59859e+06	3.46361e+06	-3.73136e+08	1.03359e+08
3.609e+07	4.56276e+06	3.34477e+06	-3.70228e+08	1.13001e+08
3.61e+07	4.52384e+06	3.22683e+06	-3.6707e+08	1.22571e+08
3.611e+07	4.48185e+06	3.10989e+06	-3.63663e+08	1.3206e+08
3.612e+07	4.43681e+06	2.994e+06	-3.60008e+08	1.41463e+08
3.613e+07	4.38875e+06	2.87927e+06	-3.56109e+08	1.50772e+08
3.614e+07	4.33769e+06	2.76577e+06	-3.51966e+08	1.59982e+08
3.615e+07	4.28368e+06	2.65357e+06	-3.47583e+08	1.69086e+08
3.616e+07	4.22673e+06	2.54276e+06	-3.42963e+08	1.78077e+08
3.617e+07	4.16689e+06	2.43341e+06	-3.38107e+08	1.8695e+08
3.618e+07	4.10419e+06	2.32561e+06	-3.33019e+08	1.95697e+08
3.619e+07	4.03866e+06	2.21942e+06	-3.27703e+08	2.04314e+08
3.62e+07	3.97036e+06	2.11492e+06	-3.2216e+08	2.12792e+08
3.621e+07	3.89932e+06	2.0122e+06	-3.16396e+08	2.21128e+08
3.622e+07	3.82559e+06	1.91131e+06	-3.10413e+08	2.29314e+08
3.623e+07	3.74921e+06	1.81234e+06	-3.04216e+08	2.37344e+08
3.624e+07	3.67024e+06	1.71536e+06	-2.97808e+08	2.45214e+08
3.625e+07	3.58873e+06	1.62043e+06	-2.91194e+08	2.52917e+08
3.626e+07	3.50472e+06	1.52762e+06	-2.84378e+08	2.60447e+08
3.627e+07	3.41828e+06	1.437e+06	-2.77363e+08	2.678e+08
3.628e+07	3.32945e+06	1.34864e+06	-2.70156e+08	2.74969e+08
3.629e+07	3.23831e+06	1.26261e+06	-2.62761e+08	2.81951e+08
3.63e+07	3.14491e+06	1.17895e+06	-2.55182e+08	2.88738e+08
3.631e+07	3.04931e+06	1.09774e+06	-2.47425e+08	2.95328e+08
3.632e+07	2.95158e+06	1.01904e+06	-2.39495e+08	3.01714e+08
3.633e+07	2.85179e+06	942900	-2.31398e+08	3.07892e+08
3.634e+07	2.74999e+06	869378	-2.23138e+08	3.13858e+08
3.635e+07	2.64626e+06	798529	-2.14721e+08	3.19606e+08
3.636e+07	2.54068e+06	730407	-2.06154e+08	3.25134e+08
3.637e+07	2.43331e+06	665060	-1.97442e+08	3.30436e+08
3.638e+07	2.32423e+06	602539	-1.88591e+08	3.35509e+08
3.639e+07	2.21351e+06	542888	-1.79607e+08	3.40349e+08
3.64e+07	2.10123e+06	486154	-1.70497e+08	3.44953e+08
3.641e+07	1.98747e+06	432377	-1.61266e+08	3.49316e+08
3.642e+07	1.87231e+06	381600	-1.51922e+08	3.53437e+08
3.643e+07	1.75582e+06	333858	-1.4247e+08	3.5731e+08
3.644e+07	1.6381e+06	289189	-1.32917e+08	3.60935e+08
3.645e+07	1.51921e+06	247626	-1.23271e+08	3.64307e+08
3.646e+07	1.39925e+06	209199	-1.13537e+08	3.67425e+08
3.647e+07	1.27829e+06	173939	-1.03722e+08	3.70286e+08
3.648e+07	1.15644e+06	141871	-9.38347e+07	3.72888e+08
3.649e+07	1.03376e+06	113020	-8.38805e+07	3.75229e+08
3.65e+07	910347	87408	-7.38667e+07	3.77308e+08
3.651e+07	786290	65053.5	-6.38006e+07	3.79121e+08
3.652e+07	661675	45973.9	-5.36892e+07	3.8067e+08
3.653e+07	536590	30183.4	-4.35396e+07	3.81951e+08
3.654e+07	411125	17694.2	-3.33592e+07	3.82964e+08
3.655e+07	285367	8515.6	-2.3155e+07	3.83709e+08
3.656e+07	159407	2654.62	-1.29345e+07	3.84185e+08
3.657e+07	33333.1	115.698	-2.70469e+06	3.84391e+08
3.658e+07	-92764.1	900.75	7.527e+06	3.84327e+08
3.659e+07	-218795	5009.19	1.77533e+07	3.83994e+08
3.66e+07	-344671	12437.9	2.79671e+07	3.83391e+08
3.661e+07	-470302	23181.3	3.81609e+07	3.82519e+08
3.662e+07	-595600	37231.2	4.83277e+07	3.81379e+08
3.663e+07	-720474	54577	5.84602e+07	3.79972e+08
3.664e+07	-844837	75205.5	6.85512e+07	3.78298e+08
3.665e+07	-968600	99101.3	7.85935e+07	3.76359e+08
3.666e+07	-1.09168e+06	126246	8.85801e+07	3.74156e+08
3.667e+07	-1.21398e+06	156620	9.85039e+07	3.71692e+08
3.668e+07	-1.33542e+06	190199	1.08358e+08	3.68967e+08
3.669e+07	-1.45592e+06	226958	1.18135e+08	3.65984e+08
3.67e+07	-1.57538e+06	266871	1.27829e+08	3.62746e+08
3.671e+07	-1.69373e+06	309906	1.37432e+08	3.59254e+08
3.672e+07	-1.81089e+06	356031	1.46938e+08	3.55511e+08
3.673e+07	-1.92676e+06	405212	1.5634e+08	3.51521e+08
3.674e+07	-2.04127e+06	457412	1.65631e+08	3.47285e+08
3.675e+07	-2.15434e+06	512592	1.74806e+08	3.42808e+08
3.676e+07	-2.26589e+06	570710	1.83858e+08	3.38092e+08
3.677e+07	-2.37585e+06	631723	1.9278e+08	3.33141e+08
3.678e+07	-2.48413e+06	695586	2.01566e+08	3.27959e+08
3.679e+07	-2.59067e+06	762252	2.1021e+08	3.2255e+08
3.68e+07	-2.69539e+06	831670	2.18707e+08	3.16917e+08
3.681e+07	-2.79821e+06	903789	2.2705e+08	3.11065e+08
3.682e+07	-2.89907e+06	978557	2.35234e+08	3.04999e+08
3.683e+07	-2.9979e+06	1.05592e+06	2.43254e+08	2.98722e+08
3.684e+07	-3.09463e+06	1.13581e+06	2.51103e+08	2.92239e+08
3.685e+07	-3.1892e+06	1.21819e+06	2.58776e+08	2.85555e+08
3.686e+07	-3.28155e+06	1.30298e+06	2.66269e+08	2.78675e+08
3.687e+07	-3.3716e+06	1.39012e+06	2.73576e+08	2.71604e+08
3.688e+07	-3.45931e+06	1.47956e+06	2.80693e+08	2.64347e+08
3.689e+07	-3.54461e+06	1.57122e+06	2.87614e+08	2.56909e+08
3.69e+07	-3.62745e+06	1.66504e+06	2.94336e+08	2.49297e+08
3.691e+07	-3.70777e+06	1.76095e+06	3.00853e+08	2.41514e+08
3.692e+07	-3.78552e+06	1.85889e+06	3.07162e+08	2.33568e+08
3.693e+07	-3.86065e+06	1.95877e+06	3.13258e+08	2.25463e+08
3.694e+07	-3.93312e+06	2.06054e+06	3.19138e+08	2.17205e+08
3.695e+07	-4.00287e+06	2.16411e+06	3.24798e+08	2.08801e+08
3.696e+07	-4.06987e+06	2.26942e+06	3.30234e+08	2.00256e+08
3.697e+07	-4.13406e+06	2.37638e+06	3.35443e+08	1.91577e+08
3.698e+07	-4.19542e+06	2.48493e+06	3.40422e+08	1.82769e+08
3.699e+07	-4.2539e+06	2.59498e+06	3.45167e+08	1.7384e+08
3.7e+07	-4.30946e+06	2.70646e+06	3.49676e+08	1.64794e+08
3.701e+07	-4.36208e+06	2.81929e+06	3.53945e+08	1.55639e+08
3.702e+07	-4.41173e+06	2.93339e+06	3.57973e+08	1.46381e+08
3.703e+07	-4.45836e+06	3.04868e+06	3.61757e+08	1.37026e+08
3.704e+07	-4.50196e+06	3.16508e+06	3.65295e+08	1.27582e+08
3.705e+07	-4.54251e+06	3.2825e+06	3.68585e+08	1.18053e+08
3.706e+07	-4.57997e+06	3.40088e+06	3.71625e+08	1.08448e+08
3.707e+07	-4.61433e+06	3.52012e+06	3.74413e+08	9.87729e+07
3.708e+07	-4.64558e+06	3.64014e+06	3.76948e+08	8.90339e+07
3.709e+07	-4.67369e+06	3.76087e+06	3.79229e+08	7.92381e+07
3.71e+07	-4.69865e+06	3.88222e+06	3.81254e+08	6.9392e+07
3.711e+07	-4.72045e+06	4.0041e+06	3.83023e+08	5.95023e+07
3.712e+07	-4.73908e+06	4.12643e+06	3.84535e+08	4.95759e+07
3.713e+07	-4.75454e+06	4.24914e+06	3.85789e+08	3.96194e+07
3.714e+07	-4.76681e+06	4.37213e+06	3.86785e+08	2.96395e+07
3.715e+07	-4.7759e+06	4.49533e+06	3.87523e+08	1.96429e+07
3.716e+07	-4.78181e+06	4.61865e+06	3.88002e+08	9.63632e+06
3.717e+07	-4.78453e+06	4.74202e+06	3.88223e+08	-373540
3.718e+07	-4.78407e+06	4.86534e+06	3.88186e+08	-1.038e+07
3.719e+07	-4.78044e+06	4.98854e+06	3.87891e+08	-2.03766e+07
3.72e+07	-4.77365e+06	5.11153e+06	3.8734e+08	-3.03565e+07
3.721e+07	-4.7637e+06	5.23424e+06	3.86533e+08	-4.03133e+07
3.722e+07	-4.7506e+06	5.35659e+06	3.8547e+08	-5.02403e+07
3.723e+07	-4.73438e+06	5.47848e+06	3.84154e+08	-6.01312e+07
3.724e+07	-4.71504e+06	5.59985e+06	3.82584e+08	-6.99795e+07
3.725e+07	-4.6926e+06	5.72062e+06	3.80764e+08	-7.97787e+07
3.726e+07	-4.66709e+06	5.84071e+06	3.78694e+08	-8.95226e+07
3.727e+07	-4.63853e+06	5.96003e+06	3.76376e+08	-9.92048e+07
3.728e+07	-4.60693e+06	6.07852e+06	3.73812e+08	-1.08819e+08
3.729e+07	-4.57233e+06	6.1961e+06	3.71005e+08	-1.1836e+08
3.73e+07	-4.53475e+06	6.31269e+06	3.67956e+08	-1.2782e+08
3.731e+07	-4.49423e+06	6.42822e+06	3.64667e+08	-1.37194e+08
3.732e+07	-4.45078e+06	6.54261e+06	3.61142e+08	-1.46476e+08
3.733e+07	-4.40445e+06	6.65579e+06	3.57383e+08	-1.5566e+08
3.734e+07	-4.35527e+06	6.7677e+06	3.53393e+08	-1.6474e+08
3.735e+07	-4.30328e+06	6.87826e+06	3.49174e+08	-1.73711e+08
3.736e+07	-4.24851e+06	6.9874e+06	3.4473e+08	-1.82567e+08
3.737e+07	-4.19101e+06	7.09505e+06	3.40064e+08	-1.91302e+08
3.738e+07	-4.1308e+06	7.20115e+06	3.35179e+08	-1.99911e+08
3.739e+07	-4.06795e+06	7.30563e+06	3.30079e+08	-2.08388e+08
3.74e+07	-4.00249e+06	7.40843e+06	3.24767e+08	-2.16729e+08
3.741e+07	-3.93446e+06	7.50947e+06	3.19247e+08	-2.24928e+08
3.742e+07	-3.86392e+06	7.60871e+06	3.13523e+08	-2.32981e+08
3.743e+07	-3.79091e+06	7.70608e+06	3.07599e+08	-2.40881e+08
3.744e+07	-3.71548e+06	7.80152e+06	3.01479e+08	-2.48625e+08
3.745e+07	-3.63768e+06	7.89497e+06	2.95166e+08	-2.56208e+08
3.746e+07	-3.55757e+06	7.98637e+06	2.88666e+08	-2.63625e+08
3.747e+07	-3.4752e+06	8.07567e+06	2.81982e+08	-2.70871e+08
3.748e+07	-3.39063e+06	8.16282e+06	2.7512e+08	-2.77942e+08
3.749e+07	-3.3039e+06	8.24776e+06	2.68083e+08	-2.84834e+08
3.75e+07	-3.21509e+06	8.33044e+06	2.60876e+08	-2.91543e+08
3.751e+07	-3.12424e+06	8.41082e+06	2.53505e+08	-2.98065e+08
3.752e+07	-3.03141e+06	8.48883e+06	2.45973e+08	-3.04395e+08
3.753e+07	-2.93668e+06	8.56445e+06	2.38286e+08	-3.1053e+08
3.754e+07	-2.84009e+06	8.63761e+06	2.30449e+08	-3.16467e+08
3.755e+07	-2.74172e+06	8.70828e+06	2.22466e+08	-3.22201e+08
3.756e+07	-2.64162e+06	8.77642e+06	2.14344e+08	-3.2773e+08
3.757e+07	-2.53986e+06	8.84198e+06	2.06087e+08	-3.3305e+08
3.758e+07	-2.4365e+06	8.90493e+06	1.97701e+08	-3.38157e+08
3.759e+07	-2.33162e+06	8.96523e+06	1.8919e+08	-3.4305e+08
3.76e+07	-2.22527e+06	9.02284e+06	1.80561e+08	-3.47725e+08
3.761e+07	-2.11753e+06	9.07773e+06	1.71819e+08	-3.52179e+08
3.762e+07	-2.00847e+06	9.12986e+06	1.6297e+08	-3.56409e+08
3.763e+07	-1.89814e+06	9.17922e+06	1.54018e+08	-3.60414e+08
3.764e+07	-1.78664e+06	9.22576e+06	1.4497e+08	-3.6419e+08
3.765e+07	-1.67401e+06	9.26946e+06	1.35832e+08	-3.67736e+08
3.766e+07	-1.56034e+06	9.3103e+06	1.26608e+08	-3.7105e+08
3.767e+07	-1.4457e+06	9.34824e+06	1.17306e+08	-3.74129e+08
3.768e+07	-1.33016e+06	9.38328e+06	1.07931e+08	-3.76971e+08
3.769e+07	-1.21378e+06	9.41538e+06	9.84879e+07	-3.79576e+08
3.77e+07	-1.09665e+06	9.44453e+06	8.89838e+07	-3.81942e+08
3.771e+07	-978839	9.47072e+06	7.94243e+07	-3.84067e+08
3.772e+07	-860417	9.49392e+06	6.98154e+07	-3.85949e+08
3.773e+07	-741459	9.51413e+06	6.0163e+07	-3.87589e+08
3.774e+07	-622040	9.53133e+06	5.04731e+07	-3.88984e+08
3.775e+07	-502234	9.54551e+06	4.07519e+07	-3.90135e+08
3.776e+07	-382115	9.55666e+06	3.10053e+07	-3.9104e+08
3.777e+07	-261759	9.56478e+06	2.12395e+07	-3.91699e+08
3.778e+07	-141240	9.56986e+06	1.14604e+07	-3.92111e+08
3.779e+07	-20633.5	9.57191e+06	1.67423e+06	-3.92277e+08
3.78e+07	99986	9.57091e+06	-8.113e+06	-3.92196e+08
3.781e+07	220543	9.56687e+06	-1.78952e+07	-3.91868e+08
3.782e+07	340964	9.55979e+06	-2.76662e+07	-3.91294e+08
3.783e+07	461172	9.54967e+06	-3.74201e+07	-3.90473e+08
3.784e+07	581093	9.53653e+06	-4.71507e+07	-3.89407e+08
3.785e+07	700653	9.52037e+06	-5.68519e+07	-3.88095e+08
3.786e+07	819777	9.50119e+06	-6.65178e+07	-3.86539e+08
3.787e+07	938391	9.47902e+06	-7.61423e+07	-3.8474e+08
3.788e+07	1.05642e+06	9.45386e+06	-8.57194e+07	-3.82698e+08
3.789e+07	1.17379e+06	9.42572e+06	-9.52431e+07	-3.80415e+08
3.79e+07	1.29043e+06	9.39463e+06	-1.04707e+08	-3.77892e+08
3.791e+07	1.40627e+06	9.3606e+06	-1.14107e+08	-3.75131e+08
3.792e+07	1.52123e+06	9.32365e+06	-1.23435e+08	-3.72133e+08
3.793e+07	1.63524e+06	9.2838e+06	-1.32685e+08	-3.689e+08
3.794e+07	1.74823e+06	9.24108e+06	-1.41854e+08	-3.65433e+08
3.795e+07	1.86013e+06	9.19551e+06	-1.50933e+08	-3.61736e+08
3.796e+07	1.97086e+06	9.14712e+06	-1.59918e+08	-3.57809e+08
3.797e+07	2.08037e+06	9.09594e+06	-1.68804e+08	-3.53656e+08
3.798e+07	2.18857e+06	9.04199e+06	-1.77583e+08	-3.49279e+08
3.799e+07	2.2954e+06	8.98531e+06	-1.86252e+08	-3.4468e+08
3.8e+07	2.40079e+06	8.92593e+06	-1.94803e+08	-3.39862e+08
3.801e+07	2.50468e+06	8.86389e+06	-2.03233e+08	-3.34828e+08
3.802e+07	2.60699e+06	8.79922e+06	-2.11535e+08	-3.2958e+08
3.803e+07	2.70767e+06	8.73197e+06	-2.19704e+08	-3.24123e+08
3.804e+07	2.80664e+06	8.66216e+06	-2.27734e+08	-3.18459e+08
3.805e+07	2.90385e+06	8.58985e+06	-2.35622e+08	-3.12592e+08
3.806e+07	2.99922e+06	8.51507e+06	-2.43361e+08	-3.06524e+08
3.807e+07	3.09271e+06	8.43788e+06	-2.50946e+08	-3.00261e+08
3.808e+07	3.18424e+06	8.35831e+06	-2.58373e+08	-2.93804e+08
3.809e+07	3.27376e+06	8.27642e+06	-2.65637e+08	-2.87159e+08
3.81e+07	3.36121e+06	8.19225e+06	-2.72733e+08	-2.8033e+08
3.811e+07	3.44653e+06	8.10586e+06	-2.79656e+08	-2.7332e+08
3.812e+07	3.52966e+06	8.01729e+06	-2.86401e+08	-2.66133e+08
3.813e+07	3.61055e+06	7.9266e+06	-2.92965e+08	-2.58775e+08
3.814e+07	3.68914e+06	7.83385e+06	-2.99342e+08	-2.51249e+08
3.815e+07	3.76539e+06	7.73909e+06	-3.05529e+08	-2.4356e+08
3.816e+07	3.83923e+06	7.64238e+06	-3.1152e+08	-2.35713e+08
3.817e+07	3.91063e+06	7.54378e+06	-3.17314e+08	-2.27712e+08
3.818e+07	3.97952e+06	7.44335e+06	-3.22904e+08	-2.19563e+08
3.819e+07	4.04587e+06	7.34115e+06	-3.28287e+08	-2.11271e+08
3.82e+07	4.10963e+06	7.23725e+06	-3.33461e+08	-2.0284e+08
3.821e+07	4.17074e+06	7.1317e+06	-3.3842e+08	-1.94275e+08
3.822e+07	4.22918e+06	7.02457e+06	-3.43161e+08	-1.85583e+08
3.823e+07	4.28489e+06	6.91594e+06	-3.47682e+08	-1.76768e+08
3.824e+07	4.33784e+06	6.80587e+06	-3.51978e+08	-1.67837e+08
3.825e+07	4.38799e+06	6.69442e+06	-3.56047e+08	-1.58794e+08
3.826e+07	4.4353e+06	6.58167e+06	-3.59886e+08	-1.49645e+08
3.827e+07	4.47974e+06	6.46768e+06	-3.63492e+08	-1.40396e+08
3.828e+07	4.52128e+06	6.35254e+06	-3.66862e+08	-1.31054e+08
3.829e+07	4.55987e+06	6.23631e+06	-3.69994e+08	-1.21623e+08
3.83e+07	4.5955e+06	6.11907e+06	-3.72885e+08	-1.12109e+08
3.831e+07	4.62813e+06	6.00089e+06	-3.75532e+08	-1.0252e+08
3.832e+07	4.65774e+06	5.88185e+06	-3.77935e+08	-9.28606e+07
3.833e+07	4.6843e+06	5.76202e+06	-3.8009e+08	-8.31375e+07
3.834e+07	4.7078e+06	5.64148e+06	-3.81997e+08	-7.33568e+07
3.835e+07	4.7282e+06	5.52031e+06	-3.83653e+08	-6.3525e+07
3.836e+07	4.7455e+06	5.39859e+06	-3.85056e+08	-5.36483e+07
3.837e+07	4.75967e+06	5.27639e+06	-3.86206e+08	-4.37332e+07
3.838e+07	4.77071e+06	5.1538e+06	-3.87101e+08	-3.37862e+07
3.839e+07	4.77859e+06	5.0309e+06	-3.87741e+08	-2.38138e+07
3.84e+07	4.78331e+06	4.90777e+06	-3.88124e+08	-1.38225e+07
3.841e+07	4.78486e+06	4.78448e+06	-3.8825e+08	-3.81894e+06
3.842e+07	4.78323e+06	4.66112e+06	-3.88118e+08	6.19024e+06
3.843e+07	4.77842e+06	4.53778e+06	-3.87727e+08	1.61984e+07
3.844e+07	4.77043e+06	4.41453e+06	-3.87079e+08	2.61989e+07
3.845e+07	4.75925e+06	4.29146e+06	-3.86172e+08	3.61851e+07
3.846e+07	4.74489e+06	4.16865e+06	-3.85007e+08	4.61501e+07
3.847e+07	4.72735e+06	4.04618e+06	-3.83584e+08	5.60874e+07
3.848e+07	4.70664e+06	3.92414e+06	-3.81903e+08	6.59902e+07
3.849e+07	4.68277e+06	3.8026e+06	-3.79966e+08	7.58518e+07
3.85e+07	4.65574e+06	3.68166e+06	-3.77773e+08	8.56655e+07
3.851e+07	4.62558e+06	3.56139e+06	-3.75326e+08	9.54246e+07
3.852e+07	4.59229e+06	3.44187e+06	-3.72624e+08	1.05122e+08
3.853e+07	4.55589e+06	3.32319e+06	-3.69671e+08	1.14752e+08
3.854e+07	4.51641e+06	3.20543e+06	-3.66467e+08	1.24307e+08
3.855e+07	4.47386e+06	3.08867e+06	-3.63015e+08	1.33781e+08
3.856e+07	4.42827e+06	2.97299e+06	-3.59315e+08	1.43168e+08
3.857e+07	4.37966e+06	2.85848e+06	-3.55371e+08	1.52459e+08
3.858e+07	4.32806e+06	2.7452e+06	-3.51185e+08	1.61651e+08
3.859e+07	4.27351e+06	2.63325e+06	-3.46758e+08	1.70734e+08
3.86e+07	4.21603e+06	2.5227e+06	-3.42094e+08	1.79705e+08
3.861e+07	4.15567e+06	2.41363e+06	-3.37196e+08	1.88555e+08
3.862e+07	4.09245e+06	2.30612e+06	-3.32066e+08	1.97279e+08
3.863e+07	4.02641e+06	2.20023e+06	-3.26708e+08	2.0587e+08
3.864e+07	3.95761e+06	2.09605e+06	-3.21126e+08	2.14323e+08
3.865e+07	3.88607e+06	1.99366e+06	-3.15321e+08	2.22632e+08
3.866e+07	3.81186e+06	1.89312e+06	-3.09299e+08	2.3079e+08
3.867e+07	3.735e+06	1.7945e+06	-3.03063e+08	2.38792e+08
3.868e+07	3.65556e+06	1.69789e+06	-2.96617e+08	2.46631e+08
3.869e+07	3.57359e+06	1.60334e+06	-2.89966e+08	2.54303e+08
3.87e+07	3.48913e+06	1.51093e+06	-2.83113e+08	2.61801e+08
3.871e+07	3.40225e+06	1.42072e+06	-2.76063e+08	2.69121e+08
3.872e+07	3.313e+06	1.33278e+06	-2.68821e+08	2.76257e+08
3.873e+07	3.22144e+06	1.24717e+06	-2.61392e+08	2.83203e+08
3.874e+07	3.12764e+06	1.16396e+06	-2.53781e+08	2.89955e+08
3.875e+07	3.03165e+06	1.0832e+06	-2.45992e+08	2.96508e+08
3.876e+07	2.93353e+06	1.00496e+06	-2.38031e+08	3.02856e+08
3.877e+07	2.83337e+06	929294	-2.29903e+08	3.08996e+08
3.878e+07	2.73121e+06	856256	-2.21614e+08	3.14922e+08
3.879e+07	2.62715e+06	785901	-2.1317e+08	3.20631e+08
3.88e+07	2.52123e+06	718281	-2.04576e+08	3.26118e+08
3.881e+07	2.41354e+06	653446	-1.95838e+08	3.31379e+08
3.882e+07	2.30416e+06	591444	-1.86962e+08	3.36409e+08
3.883e+07	2.19315e+06	532322	-1.77955e+08	3.41207e+08
3.884e+07	2.08059e+06	476124	-1.68822e+08	3.45767e+08
3.885e+07	1.96657e+06	422892	-1.5957e+08	3.50086e+08
3.886e+07	1.85116e+06	372665	-1.50206e+08	3.54161e+08
3.887e+07	1.73444e+06	325481	-1.40735e+08	3.5799e+08
3.888e+07	1.6165e+06	281376	-1.31165e+08	3.61569e+08
3.889e+07	1.49741e+06	240383	-1.21502e+08	3.64895e+08
3.89e+07	1.37726e+06	202532	-1.11753e+08	3.67966e+08
3.891e+07	1.25614e+06	167852	-1.01924e+08	3.7078e+08
3.892e+07	1.13412e+06	136369	-9.20241e+07	3.73335e+08
3.893e+07	1.0113e+06	108107	-8.20584e+07	3.75628e+08
3.894e+07	887767	83087.6	-7.20346e+07	3.77658e+08
3.895e+07	763602	61329.2	-6.19597e+07	3.79424e+08
3.896e+07	638895	42848.4	-5.18407e+07	3.80923e+08
3.897e+07	513734	27659.2	-4.1685e+07	3.82156e+08
3.898e+07	388208	15773.1	-3.14997e+07	3.8312e+08
3.899e+07	262407	7199.17	-2.12921e+07	3.83816e+08
3.9e+07	136419	1943.81	-1.10693e+07	3.84242e+08
3.901e+07	10334.9	11.0281	-838590	3.84399e+08
3.902e+07	-115757	1402.31	9.39267e+06	3.84286e+08
3.903e+07	-241767	6116.6	1.96173e+07	3.83904e+08
3.904e+07	-367604	14150.3	2.98279e+07	3.83252e+08
3.905e+07	-493181	25497.4	4.00174e+07	3.82331e+08
3.906e+07	-618408	40149.3	5.01784e+07	3.81142e+08
3.907e+07	-743196	58094.8	6.03039e+07	3.79686e+08
3.908e+07	-867456	79320.5	7.03865e+07	3.77964e+08
3.909e+07	-991101	103810	8.04192e+07	3.75977e+08
3.91e+07	-1.11404e+06	131546	9.03949e+07	3.73726e+08
3.911e+07	-1.23619e+06	162505	1.00306e+08	3.71214e+08
3.912e+07	-1.35747e+06	196667	1.10147e+08	3.68442e+08
3.913e+07	-1.47778e+06	234003	1.19909e+08	3.65413e+08
3.914e+07	-1.59705e+06	274487	1.29587e+08	3.62128e+08
3.915e+07	-1.71519e+06	318088	1.39173e+08	3.5859e+08
3.916e+07	-1.83212e+06	364774	1.4866e+08	3.54802e+08
3.917e+07	-1.94775e+06	414508	1.58043e+08	3.50766e+08
3.918e+07	-2.062e+06	467254	1.67314e+08	3.46486e+08
3.919e+07	-2.1748e+06	522973	1.76466e+08	3.41965e+08
3.92e+07	-2.28607e+06	581623	1.85495e+08	3.37206e+08
3.921e+07	-2.39573e+06	643159	1.94392e+08	3.32213e+08
3.922e+07	-2.5037e+06	707537	2.03153e+08	3.2699e+08
3.923e+07	-2.60991e+06	774708	2.11771e+08	3.21539e+08
3.924e+07	-2.71428e+06	844623	2.2024e+08	3.15866e+08
3.925e+07	-2.81675e+06	917229	2.28555e+08	3.09975e+08
3.926e+07	-2.91725e+06	992474	2.36709e+08	3.03869e+08
3.927e+07	-3.0157e+06	1.0703e+06	2.44698e+08	2.97554e+08
3.928e+07	-3.11204e+06	1.15065e+06	2.52515e+08	2.91035e+08
3.929e+07	-3.20621e+06	1.23347e+06	2.60156e+08	2.84315e+08
3.93e+07	-3.29814e+06	1.3187e+06	2.67616e+08	2.77399e+08
3.931e+07	-3.38777e+06	1.40626e+06	2.74888e+08	2.70294e+08
3.932e+07	-3.47505e+06	1.49611e+06	2.8197e+08	2.63004e+08
3.933e+07	-3.5599e+06	1.58817e+06	2.88855e+08	2.55534e+08
3.934e+07	-3.64228e+06	1.68238e+06	2.9554e+08	2.4789e+08
3.935e+07	-3.72214e+06	1.77866e+06	3.02019e+08	2.40077e+08
3.936e+07	-3.79942e+06	1.87696e+06	3.0829e+08	2.32101e+08
3.937e+07	-3.87407e+06	1.97719e+06	3.14347e+08	2.23968e+08
3.938e+07	-3.94604e+06	2.0793e+06	3.20187e+08	2.15683e+08
3.939e+07	-4.0153e+06	2.18319e+06	3.25806e+08	2.07253e+08
3.94e+07	-4.08179e+06	2.28881e+06	3.31201e+08	1.98683e+08
3.941e+07	-4.14547e+06	2.39606e+06	3.36368e+08	1.8998e+08
3.942e+07	-4.2063e+06	2.50489e+06	3.41305e+08	1.8115e+08
3.943e+07	-4.26425e+06	2.61521e+06	3.46007e+08	1.72198e+08
3.944e+07	-4.31928e+06	2.72694e+06	3.50472e+08	1.63132e+08
3.945e+07	-4.37136e+06	2.84001e+06	3.54698e+08	1.53958e+08
3.946e+07	-4.42046e+06	2.95433e+06	3.58682e+08	1.44682e+08
3.947e+07	-4.46654e+06	3.06983e+06	3.62421e+08	1.3531e+08
3.948e+07	-4.50959e+06	3.18642e+06	3.65914e+08	1.2585e+08
3.949e+07	-4.54957e+06	3.30402e+06	3.69158e+08	1.16307e+08
3.95e+07	-4.58647e+06	3.42256e+06	3.72152e+08	1.06689e+08
3.951e+07	-4.62027e+06	3.54195e+06	3.74894e+08	9.70013e+07
3.952e+07	-4.65094e+06	3.66211e+06	3.77383e+08	8.72514e+07
3.953e+07	-4.67847e+06	3.78296e+06	3.79618e+08	7.74459e+07
3.954e+07	-4.70286e+06	3.90441e+06	3.81596e+08	6.75914e+07
3.955e+07	-4.72408e+06	4.02638e+06	3.83318e+08	5.76945e+07
3.956e+07	-4.74214e+06	4.14879e+06	3.84783e+08	4.77621e+07
3.957e+07	-4.75701e+06	4.27155e+06	3.8599e+08	3.78008e+07
3.958e+07	-4.76871e+06	4.39459e+06	3.86939e+08	2.78174e+07
3.959e+07	-4.77721e+06	4.51782e+06	3.87629e+08	1.78185e+07
3.96e+07	-4.78254e+06	4.64115e+06	3.88062e+08	7.81079e+06
3.961e+07	-4.78468e+06	4.76451e+06	3.88235e+08	-2.19895e+06
3.962e+07	-4.78365e+06	4.88782e+06	3.88151e+08	-1.22041e+07
3.963e+07	-4.77944e+06	5.01099e+06	3.8781e+08	-2.21981e+07
3.964e+07	-4.77207e+06	5.13394e+06	3.87212e+08	-3.21743e+07
3.965e+07	-4.76154e+06	5.25658e+06	3.86358e+08	-4.21261e+07
3.966e+07	-4.74788e+06	5.37885e+06	3.85249e+08	-5.20471e+07
3.967e+07	-4.73108e+06	5.50066e+06	3.83886e+08	-6.19307e+07
3.968e+07	-4.71118e+06	5.62193e+06	3.82271e+08	-7.17705e+07
3.969e+07	-4.68818e+06	5.74258e+06	3.80405e+08	-8.15601e+07
3.97e+07	-4.66211e+06	5.86253e+06	3.7829e+08	-9.12932e+07
3.971e+07	-4.63299e+06	5.98171e+06	3.75927e+08	-1.00964e+08
3.972e+07	-4.60084e+06	6.10004e+06	3.73319e+08	-1.10565e+08
3.973e+07	-4.5657e+06	6.21744e+06	3.70467e+08	-1.20091e+08
3.974e+07	-4.52758e+06	6.33384e+06	3.67374e+08	-1.29536e+08
3.975e+07	-4.48652e+06	6.44917e+06	3.64042e+08	-1.38894e+08
3.976e+07	-4.44255e+06	6.56334e+06	3.60474e+08	-1.48158e+08
3.977e+07	-4.39569e+06	6.6763e+06	3.56672e+08	-1.57324e+08
3.978e+07	-4.346e+06	6.78797e+06	3.5264e+08	-1.66384e+08
3.979e+07	-4.2935e+06	6.89827e+06	3.4838e+08	-1.75335e+08
3.98e+07	-4.23823e+06	7.00714e+06	3.43895e+08	-1.84169e+08
3.981e+07	-4.18023e+06	7.11452e+06	3.39189e+08	-1.92881e+08
3.982e+07	-4.11954e+06	7.22033e+06	3.34265e+08	-2.01467e+08
3.983e+07	-4.0562e+06	7.3245e+06	3.29126e+08	-2.0992e+08
3.984e+07	-3.99027e+06	7.42699e+06	3.23776e+08	-2.18235e+08
3.985e+07	-3.92178e+06	7.52771e+06	3.18218e+08	-2.26408e+08
3.986e+07	-3.85078e+06	7.62661e+06	3.12458e+08	-2.34433e+08
3.987e+07	-3.77733e+06	7.72363e+06	3.06497e+08	-2.42306e+08
3.988e+07	-3.70146e+06	7.81871e+06	3.00342e+08	-2.5002e+08
3.989e+07	-3.62324e+06	7.91179e+06	2.93995e+08	-2.57573e+08
3.99e+07	-3.54272e+06	8.00282e+06	2.87461e+08	-2.64959e+08
3.991e+07	-3.45994e+06	8.09173e+06	2.80744e+08	-2.72174e+08
3.992e+07	-3.37497e+06	8.17848e+06	2.73849e+08	-2.79213e+08
3.993e+07	-3.28786e+06	8.26301e+06	2.66781e+08	-2.86072e+08
3.994e+07	-3.19867e+06	8.34528e+06	2.59544e+08	-2.92747e+08
3.995e+07	-3.10745e+06	8.42522e+06	2.52143e+08	-2.99234e+08
3.996e+07	-3.01428e+06	8.5028e+06	2.44582e+08	-3.05529e+08
3.997e+07	-2.9192e+06	8.57797e+06	2.36868e+08	-3.11628e+08
3.998e+07	-2.82228e+06	8.65069e+06	2.29004e+08	-3.17528e+08
3.999e+07	-2.72359e+06	8.7209e+06	2.20995e+08	-3.23225e+08
4e+07	-2.62318e+06	8.78857e+06	2.12848e+08	-3.28716e+08
4.001e+07	-2.52112e+06	8.85366e+06	2.04567e+08	-3.33997e+08
4.002e+07	-2.41748e+06	8.91612e+06	1.96158e+08	-3.39066e+08
4.003e+07	-2.31233e+06	8.97593e+06	1.87625e+08	-3.43919e+08
4.004e+07	-2.20572e+06	9.03305e+06	1.78975e+08	-3.48554e+08
4.005e+07	-2.09774e+06	9.08744e+06	1.70213e+08	-3.52967e+08
4.006e+07	-1.98844e+06	9.13907e+06	1.61344e+08	-3.57156e+08
4.007e+07	-1.87789e+06	9.18792e+06	1.52375e+08	-3.61119e+08
4.008e+07	-1.76618e+06	9.23394e+06	1.4331e+08	-3.64854e+08
4.009e+07	-1.65336e+06	9.27712e+06	1.34156e+08	-3.68358e+08
4.01e+07	-1.53951e+06	9.31743e+06	1.24917e+08	-3.71629e+08
4.011e+07	-1.42469e+06	9.35485e+06	1.15601e+08	-3.74665e+08
4.012e+07	-1.30899e+06	9.38935e+06	1.06213e+08	-3.77464e+08
4.013e+07	-1.19247e+06	9.42092e+06	9.67589e+07	-3.80026e+08
4.014e+07	-1.07521e+06	9.44953e+06	8.72443e+07	-3.82347e+08
4.015e+07	-957285	9.47517e+06	7.76754e+07	-3.84428e+08
4.016e+07	-838759	9.49783e+06	6.8058e+07	-3.86266e+08
4.017e+07	-719712	9.51749e+06	5.83984e+07	-3.87861e+08
4.018e+07	-600217	9.53414e+06	4.87024e+07	-3.89212e+08
4.019e+07	-480348	9.54777e+06	3.89761e+07	-3.90318e+08
4.02e+07	-360181	9.55837e+06	2.92255e+07	-3.91178e+08
4.021e+07	-239789	9.56593e+06	1.94568e+07	-3.91792e+08
4.022e+07	-119249	9.57046e+06	9.67599e+06	-3.9216e+08
4.023e+07	1366.05	9.57195e+06	-110843	-3.9228e+08
4.024e+07	121980	9.5704e+06	-9.8976e+06	-3.92154e+08
4.025e+07	242518	9.5658e+06	-1.96782e+07	-3.91782e+08
4.026e+07	362905	9.55817e+06	-2.94466e+07	-3.91162e+08
4.027e+07	483066	9.5475e+06	-3.91966e+07	-3.90297e+08
4.028e+07	602928	9.53381e+06	-4.89223e+07	-3.89186e+08
4.029e+07	722414	9.5171e+06	-5.86176e+07	-3.8783e+08
4.03e+07	841450	9.49737e+06	-6.82764e+07	-3.86229e+08
4.031e+07	959963	9.47465e+06	-7.78926e+07	-3.84386e+08
4.032e+07	1.07788e+06	9.44895e+06	-8.74604e+07	-3.823e+08
4.033e+07	1.19512e+06	9.42027e+06	-9.69738e+07	-3.79973e+08
4.034e+07	1.31162e+06	9.38864e+06	-1.06427e+08	-3.77407e+08
4.035e+07	1.4273e+06	9.35408e+06	-1.15813e+08	-3.74602e+08
4.036e+07	1.54209e+06	9.3166e+06	-1.25128e+08	-3.71561e+08
4.037e+07	1.65592e+06	9.27622e+06	-1.34364e+08	-3.68285e+08
4.038e+07	1.76872e+06	9.23298e+06	-1.43516e+08	-3.64776e+08
4.039e+07	1.88041e+06	9.1869e+06	-1.52579e+08	-3.61037e+08
4.04e+07	1.99093e+06	9.13799e+06	-1.61546e+08	-3.57069e+08
4.041e+07	2.1002e+06	9.0863e+06	-1.70413e+08	-3.52875e+08
4.042e+07	2.20816e+06	9.03185e+06	-1.79173e+08	-3.48456e+08
4.043e+07	2.31473e+06	8.97468e+06	-1.8782e+08	-3.43817e+08
4.044e+07	2.41985e+06	8.91481e+06	-1.9635e+08	-3.3896e+08
4.045e+07	2.52346e+06	8.85229e+06	-2.04756e+08	-3.33886e+08
4.046e+07	2.62548e+06	8.78715e+06	-2.13035e+08	-3.28601e+08
4.047e+07	2.72585e+06	8.71942e+06	-2.21179e+08	-3.23105e+08
4.048e+07	2.8245e+06	8.64916e+06	-2.29184e+08	-3.17404e+08
4.049e+07	2.92138e+06	8.57639e+06	-2.37044e+08	-3.115e+08
4.05e+07	3.01642e+06	8.50117e+06	-2.44756e+08	-3.05396e+08
4.051e+07	3.10955e+06	8.42354e+06	-2.52313e+08	-2.99097e+08
4.052e+07	3.20072e+06	8.34355e+06	-2.5971e+08	-2.92606e+08
4.053e+07	3.28986e+06	8.26124e+06	-2.66944e+08	-2.85928e+08
4.054e+07	3.37693e+06	8.17666e+06	-2.74008e+08	-2.79065e+08
4.055e+07	3.46185e+06	8.08986e+06	-2.80899e+08	-2.72022e+08
4.056e+07	3.54458e+06	8.00091e+06	-2.87612e+08	-2.64804e+08
4.057e+07	3.62505e+06	7.90984e+06	-2.94142e+08	-2.57415e+08
4.058e+07	3.70322e+06	7.81672e+06	-3.00484e+08	-2.49859e+08
4.059e+07	3.77904e+06	7.7216e+06	-3.06636e+08	-2.42141e+08
4.06e+07	3.85244e+06	7.62454e+06	-3.12592e+08	-2.34265e+08
4.061e+07	3.92338e+06	7.5256e+06	-3.18348e+08	-2.26237e+08
4.062e+07	3.99182e+06	7.42484e+06	-3.23901e+08	-2.18061e+08
4.063e+07	4.05769e+06	7.32233e+06	-3.29247e+08	-2.09743e+08
4.064e+07	4.12097e+06	7.21812e+06	-3.34381e+08	-2.01287e+08
4.065e+07	4.1816e+06	7.11228e+06	-3.39301e+08	-1.92699e+08
4.066e+07	4.23955e+06	7.00487e+06	-3.44002e+08	-1.83985e+08
4.067e+07	4.29476e+06	6.89597e+06	-3.48482e+08	-1.75148e+08
4.068e+07	4.3472e+06	6.78564e+06	-3.52737e+08	-1.66196e+08
4.069e+07	4.39683e+06	6.67395e+06	-3.56765e+08	-1.57133e+08
4.07e+07	4.44362e+06	6.56097e+06	-3.60561e+08	-1.47966e+08
4.071e+07	4.48754e+06	6.44677e+06	-3.64124e+08	-1.38699e+08
4.072e+07	4.52853e+06	6.33142e+06	-3.67451e+08	-1.2934e+08
4.073e+07	4.56659e+06	6.215e+06	-3.70539e+08	-1.19893e+08
4.074e+07	4.60167e+06	6.09758e+06	-3.73386e+08	-1.10366e+08
4.075e+07	4.63376e+06	5.97924e+06	-3.75989e+08	-1.00763e+08
4.076e+07	4.66281e+06	5.86005e+06	-3.78347e+08	-9.10919e+07
4.077e+07	4.68882e+06	5.74008e+06	-3.80457e+08	-8.13578e+07
4.078e+07	4.71175e+06	5.61942e+06	-3.82318e+08	-7.15674e+07
4.079e+07	4.73159e+06	5.49815e+06	-3.83927e+08	-6.17269e+07
4.08e+07	4.74832e+06	5.37633e+06	-3.85285e+08	-5.18427e+07
4.081e+07	4.76192e+06	5.25406e+06	-3.86388e+08	-4.19213e+07
4.082e+07	4.77238e+06	5.13141e+06	-3.87237e+08	-3.19691e+07
4.083e+07	4.77969e+06	5.00846e+06	-3.8783e+08	-2.19928e+07
4.084e+07	4.78383e+06	4.88529e+06	-3.88166e+08	-1.19988e+07
4.085e+07	4.7848e+06	4.76199e+06	-3.88245e+08	-1.99372e+06
4.086e+07	4.78259e+06	4.63863e+06	-3.88066e+08	8.01578e+06
4.087e+07	4.7772e+06	4.5153e+06	-3.87628e+08	1.80231e+07
4.088e+07	4.76863e+06	4.39207e+06	-3.86933e+08	2.80214e+07
4.089e+07	4.75687e+06	4.26904e+06	-3.85979e+08	3.80042e+07
4.09e+07	4.74193e+06	4.14629e+06	-3.84766e+08	4.79647e+07
4.091e+07	4.72381e+06	4.02389e+06	-3.83296e+08	5.78962e+07
4.092e+07	4.70252e+06	3.90193e+06	-3.81569e+08	6.7792e+07
4.093e+07	4.67808e+06	3.7805e+06	-3.79585e+08	7.76454e+07
4.094e+07	4.65048e+06	3.65967e+06	-3.77346e+08	8.74496e+07
4.095e+07	4.61974e+06	3.53953e+06	-3.74852e+08	9.7198e+07
4.096e+07	4.58588e+06	3.42016e+06	-3.72105e+08	1.06884e+08
4.097e+07	4.54892e+06	3.30164e+06	-3.69105e+08	1.16501e+08
4.098e+07	4.50888e+06	3.18406e+06	-3.65856e+08	1.26041e+08
4.099e+07	4.46577e+06	3.06749e+06	-3.62358e+08	1.355e+08
4.1e+07	4.41963e+06	2.95202e+06	-3.58614e+08	1.44869e+08
4.101e+07	4.37047e+06	2.83772e+06	-3.54626e+08	1.54143e+08
4.102e+07	4.31833e+06	2.72469e+06	-3.50395e+08	1.63315e+08
4.103e+07	4.26325e+06	2.61299e+06	-3.45925e+08	1.72379e+08
4.104e+07	4.20524e+06	2.5027e+06	-3.41219e+08	1.81328e+08
4.105e+07	4.14435e+06	2.39391e+06	-3.36278e+08	1.90155e+08
4.106e+07	4.08061e+06	2.28668e+06	-3.31106e+08	1.98856e+08
4.107e+07	4.01407e+06	2.1811e+06	-3.25707e+08	2.07422e+08
4.108e+07	3.94476e+06	2.07724e+06	-3.20083e+08	2.1585e+08
4.109e+07	3.87274e+06	1.97518e+06	-3.14239e+08	2.24131e+08
4.11e+07	3.79804e+06	1.87499e+06	-3.08178e+08	2.32261e+08
4.111e+07	3.72071e+06	1.77673e+06	-3.01903e+08	2.40234e+08
4.112e+07	3.6408e+06	1.68049e+06	-2.95419e+08	2.48043e+08
4.113e+07	3.55837e+06	1.58632e+06	-2.88731e+08	2.55684e+08
4.114e+07	3.47347e+06	1.49431e+06	-2.81842e+08	2.6315e+08
4.115e+07	3.38615e+06	1.40451e+06	-2.74757e+08	2.70436e+08
4.116e+07	3.29648e+06	1.31699e+06	-2.6748e+08	2.77538e+08
4.117e+07	3.2045e+06	1.23181e+06	-2.60018e+08	2.84449e+08
4.118e+07	3.11029e+06	1.14904e+06	-2.52373e+08	2.91165e+08
4.119e+07	3.01391e+06	1.06874e+06	-2.44552e+08	2.97681e+08
4.12e+07	2.91542e+06	990968	-2.36561e+08	3.03992e+08
4.121e+07	2.81488e+06	915776	-2.28403e+08	3.10093e+08
4.122e+07	2.71238e+06	843223	-2.20086e+08	3.1598e+08
4.123e+07	2.60796e+06	773363	-2.11614e+08	3.21648e+08
4.124e+07	2.50172e+06	706247	-2.02993e+08	3.27094e+08
4.125e+07	2.39372e+06	641925	-1.94229e+08	3.32313e+08
4.126e+07	2.28403e+06	580446	-1.85329e+08	3.37302e+08
4.127e+07	2.17273e+06	521854	-1.76299e+08	3.42056e+08
4.128e+07	2.05991e+06	466194	-1.67144e+08	3.46572e+08
4.129e+07	1.94562e+06	413507	-1.57871e+08	3.50848e+08
4.13e+07	1.82997e+06	363832	-1.48486e+08	3.54878e+08
4.131e+07	1.71302e+06	317207	-1.38997e+08	3.58661e+08
4.132e+07	1.59486e+06	273667	-1.29409e+08	3.62194e+08
4.133e+07	1.47557e+06	233244	-1.1973e+08	3.65474e+08
4.134e+07	1.35524e+06	195970	-1.09966e+08	3.68499e+08
4.135e+07	1.23395e+06	161871	-1.00124e+08	3.71266e+08
4.136e+07	1.11178e+06	130974	-9.02112e+07	3.73773e+08
4.137e+07	988824	103302	-8.02344e+07	3.76018e+08
4.138e+07	865167	78875.7	-7.02008e+07	3.78e+08
4.139e+07	740896	57713.9	-6.01173e+07	3.79717e+08
4.14e+07	616099	39832.5	-4.99911e+07	3.81168e+08
4.141e+07	490865	25244.9	-3.98295e+07	3.82352e+08
4.142e+07	365283	13962.3	-2.96395e+07	3.83267e+08
4.143e+07	239441	5993.13	-1.94286e+07	3.83914e+08
4.144e+07	113429	1343.51	-9.20378e+06	3.84291e+08
4.145e+07	-12663.5	16.9288	1.02753e+06	3.84399e+08
4.146e+07	-138747	2014.41	1.12581e+07	3.84237e+08
4.147e+07	-264732	7334.43	2.14807e+07	3.83805e+08
4.148e+07	-390529	15973	3.1688e+07	3.83104e+08
4.149e+07	-516049	27923.5	4.18729e+07	3.82134e+08
4.15e+07	-641202	43176.9	5.2028e+07	3.80897e+08
4.151e+07	-765900	61721.8	6.21461e+07	3.79392e+08
4.152e+07	-890054	83544	7.22202e+07	3.77621e+08
4.153e+07	-1.01358e+06	108627	8.2243e+07	3.75586e+08
4.154e+07	-1.13638e+06	136952	9.22075e+07	3.73288e+08
4.155e+07	-1.25838e+06	168498	1.02107e+08	3.70728e+08
4.156e+07	-1.37949e+06	203240	1.11933e+08	3.67909e+08
4.157e+07	-1.49962e+06	241153	1.21681e+08	3.64833e+08
4.158e+07	-1.61869e+06	282208	1.31342e+08	3.61501e+08
4.159e+07	-1.73661e+06	326374	1.40911e+08	3.57918e+08
4.16e+07	-1.8533e+06	373618	1.50379e+08	3.54084e+08
4.161e+07	-1.96869e+06	423904	1.59742e+08	3.50004e+08
4.162e+07	-2.08269e+06	477196	1.68992e+08	3.4568e+08
4.163e+07	-2.19521e+06	533452	1.78122e+08	3.41115e+08
4.164e+07	-2.30619e+06	592632	1.87127e+08	3.36313e+08
4.165e+07	-2.41555e+06	654690	1.96e+08	3.31278e+08
4.166e+07	-2.5232e+06	719581	2.04736e+08	3.26012e+08
4.167e+07	-2.62908e+06	787256	2.13327e+08	3.20521e+08
4.168e+07	-2.73311e+06	857665	2.21768e+08	3.14808e+08
4.169e+07	-2.83523e+06	930757	2.30054e+08	3.08877e+08
4.17e+07	-2.93536e+06	1.00648e+06	2.38179e+08	3.02733e+08
4.171e+07	-3.03343e+06	1.08477e+06	2.46137e+08	2.9638e+08
4.172e+07	-3.12938e+06	1.16557e+06	2.53922e+08	2.89824e+08
4.173e+07	-3.22315e+06	1.24884e+06	2.6153e+08	2.83068e+08
4.174e+07	-3.31466e+06	1.33449e+06	2.68956e+08	2.76118e+08
4.175e+07	-3.40387e+06	1.42248e+06	2.76194e+08	2.68978e+08
4.176e+07	-3.4907e+06	1.51274e+06	2.8324e+08	2.61655e+08
4.177e+07	-3.57511e+06	1.60519e+06	2.90089e+08	2.54153e+08
4.178e+07	-3.65704e+06	1.69978e+06	2.96737e+08	2.46477e+08
4.179e+07	-3.73643e+06	1.79644e+06	3.03179e+08	2.38634e+08
4.18e+07	-3.81323e+06	1.8951e+06	3.09411e+08	2.30629e+08
4.181e+07	-3.8874e+06	1.99568e+06	3.15429e+08	2.22468e+08
4.182e+07	-3.95888e+06	2.09811e+06	3.21229e+08	2.14156e+08
4.183e+07	-4.02763e+06	2.20233e+06	3.26807e+08	2.057e+08
4.184e+07	-4.09361e+06	2.30825e+06	3.32161e+08	1.97106e+08
4.185e+07	-4.15677e+06	2.4158e+06	3.37286e+08	1.88379e+08
4.186e+07	-4.21708e+06	2.5249e+06	3.4218e+08	1.79526e+08
4.187e+07	-4.27451e+06	2.63548e+06	3.46839e+08	1.70553e+08
4.188e+07	-4.329e+06	2.74746e+06	3.51261e+08	1.61467e+08
4.189e+07	-4.38054e+06	2.86077e+06	3.55443e+08	1.52274e+08
4.19e+07	-4.42909e+06	2.97531e+06	3.59382e+08	1.4298e+08
4.191e+07	-4.47462e+06	3.09101e+06	3.63076e+08	1.33591e+08
4.192e+07	-4.51711e+06	3.20779e+06	3.66524e+08	1.24115e+08
4.193e+07	-4.55653e+06	3.32558e+06	3.69723e+08	1.14558e+08
4.194e+07	-4.59287e+06	3.44428e+06	3.72671e+08	1.04927e+08
4.195e+07	-4.62609e+06	3.56381e+06	3.75367e+08	9.52276e+07
4.196e+07	-4.65619e+06	3.6841e+06	3.7781e+08	8.54671e+07
4.197e+07	-4.68316e+06	3.80506e+06	3.79997e+08	7.56521e+07
4.198e+07	-4.70697e+06	3.92661e+06	3.81929e+08	6.57894e+07
4.199e+07	-4.72761e+06	4.04867e+06	3.83605e+08	5.58855e+07
4.2e+07	-4.74509e+06	4.17115e+06	3.85022e+08	4.59473e+07
4.201e+07	-4.75938e+06	4.29397e+06	3.86182e+08	3.59815e+07
4.202e+07	-4.77049e+06	4.41705e+06	3.87084e+08	2.59947e+07
4.203e+07	-4.77842e+06	4.5403e+06	3.87728e+08	1.59937e+07
4.204e+07	-4.78317e+06	4.66365e+06	3.88113e+08	5.9852e+06
4.205e+07	-4.78473e+06	4.78701e+06	3.88239e+08	-4.02421e+06
4.206e+07	-4.78312e+06	4.9103e+06	3.88108e+08	-1.40278e+07
4.207e+07	-4.77833e+06	5.03343e+06	3.8772e+08	-2.40191e+07
4.208e+07	-4.77038e+06	5.15633e+06	3.87075e+08	-3.39913e+07
4.209e+07	-4.75928e+06	5.27891e+06	3.86175e+08	-4.3938e+07
4.21e+07	-4.74505e+06	5.4011e+06	3.85019e+08	-5.38526e+07
4.211e+07	-4.72768e+06	5.52282e+06	3.8361e+08	-6.37287e+07
4.212e+07	-4.70721e+06	5.64398e+06	3.81949e+08	-7.35598e+07
4.213e+07	-4.68365e+06	5.76451e+06	3.80038e+08	-8.33396e+07
4.214e+07	-4.65703e+06	5.88432e+06	3.77877e+08	-9.30617e+07
4.215e+07	-4.62735e+06	6.00335e+06	3.75469e+08	-1.0272e+08
4.216e+07	-4.59466e+06	6.12152e+06	3.72816e+08	-1.12308e+08
4.217e+07	-4.55897e+06	6.23874e+06	3.69921e+08	-1.2182e+08
4.218e+07	-4.52031e+06	6.35495e+06	3.66784e+08	-1.31249e+08
4.219e+07	-4.47872e+06	6.47008e+06	3.63409e+08	-1.4059e+08
4.22e+07	-4.43421e+06	6.58404e+06	3.59798e+08	-1.49837e+08
4.221e+07	-4.38684e+06	6.69676e+06	3.55954e+08	-1.58984e+08
4.222e+07	-4.33663e+06	6.80819e+06	3.5188e+08	-1.68025e+08
4.223e+07	-4.28362e+06	6.91823e+06	3.47579e+08	-1.76955e+08
4.224e+07	-4.22785e+06	7.02684e+06	3.43053e+08	-1.85767e+08
4.225e+07	-4.16936e+06	7.13393e+06	3.38307e+08	-1.94457e+08
4.226e+07	-4.10818e+06	7.23945e+06	3.33343e+08	-2.03018e+08
4.227e+07	-4.04437e+06	7.34332e+06	3.28166e+08	-2.11447e+08
4.228e+07	-3.97797e+06	7.44549e+06	3.22777e+08	-2.19737e+08
4.229e+07	-3.90902e+06	7.54588e+06	3.17183e+08	-2.27883e+08
4.23e+07	-3.83757e+06	7.64445e+06	3.11385e+08	-2.3588e+08
4.231e+07	-3.76367e+06	7.74112e+06	3.05389e+08	-2.43724e+08
4.232e+07	-3.68737e+06	7.83584e+06	2.99198e+08	-2.5141e+08
4.233e+07	-3.60873e+06	7.92855e+06	2.92817e+08	-2.58933e+08
4.234e+07	-3.52779e+06	8.01919e+06	2.86249e+08	-2.66288e+08
4.235e+07	-3.4446e+06	8.10771e+06	2.795e+08	-2.73471e+08
4.236e+07	-3.35924e+06	8.19406e+06	2.72573e+08	-2.80477e+08
4.237e+07	-3.27175e+06	8.27819e+06	2.65474e+08	-2.87303e+08
4.238e+07	-3.18218e+06	8.36003e+06	2.58206e+08	-2.93944e+08
4.239e+07	-3.0906e+06	8.43955e+06	2.50776e+08	-3.00396e+08
4.24e+07	-2.99708e+06	8.51669e+06	2.43187e+08	-3.06656e+08
4.241e+07	-2.90166e+06	8.59142e+06	2.35444e+08	-3.12719e+08
4.242e+07	-2.80441e+06	8.66368e+06	2.27554e+08	-3.18582e+08
4.243e+07	-2.7054e+06	8.73343e+06	2.1952e+08	-3.24242e+08
4.244e+07	-2.60469e+06	8.80063e+06	2.11348e+08	-3.29695e+08
4.245e+07	-2.50234e+06	8.86525e+06	2.03043e+08	-3.34938e+08
4.246e+07	-2.39842e+06	8.92723e+06	1.94611e+08	-3.39967e+08
4.247e+07	-2.29299e+06	8.98655e+06	1.86056e+08	-3.44781e+08
4.248e+07	-2.18613e+06	9.04317e+06	1.77385e+08	-3.49375e+08
4.249e+07	-2.0779e+06	9.09706e+06	1.68603e+08	-3.53748e+08
4.25e+07	-1.96837e+06	9.14819e+06	1.59716e+08	-3.57896e+08
4.251e+07	-1.8576e+06	9.19652e+06	1.50728e+08	-3.61818e+08
4.252e+07	-1.74568e+06	9.24203e+06	1.41647e+08	-3.6551e+08
4.253e+07	-1.63267e+06	9.28469e+06	1.32477e+08	-3.68972e+08
4.254e+07	-1.51864e+06	9.32447e+06	1.23224e+08	-3.722e+08
4.255e+07	-1.40366e+06	9.36136e+06	1.13894e+08	-3.75193e+08
4.256e+07	-1.2878e+06	9.39533e+06	1.04494e+08	-3.77949e+08
4.257e+07	-1.17114e+06	9.42636e+06	9.5028e+07	-3.80467e+08
4.258e+07	-1.05375e+06	9.45443e+06	8.5503e+07	-3.82745e+08
4.259e+07	-935711	9.47953e+06	7.59248e+07	-3.84781e+08
4.26e+07	-817085	9.50164e+06	6.62993e+07	-3.86575e+08
4.261e+07	-697950	9.52075e+06	5.66326e+07	-3.88126e+08
4.262e+07	-578381	9.53685e+06	4.69306e+07	-3.89432e+08
4.263e+07	-458452	9.54992e+06	3.71994e+07	-3.90493e+08
4.264e+07	-338238	9.55997e+06	2.74451e+07	-3.91309e+08
4.265e+07	-217814	9.56699e+06	1.76737e+07	-3.91878e+08
4.266e+07	-97254.5	9.57096e+06	7.89136e+06	-3.922e+08
4.267e+07	23365.6	9.57189e+06	-1.89591e+06	-3.92276e+08
4.268e+07	143971	9.56978e+06	-1.1682e+07	-3.92105e+08
4.269e+07	264487	9.56464e+06	-2.14608e+07	-3.91687e+08
4.27e+07	384839	9.55645e+06	-3.12263e+07	-3.91023e+08
4.271e+07	504951	9.54523e+06	-4.09724e+07	-3.90113e+08
4.272e+07	624749	9.53099e+06	-5.0693e+07	-3.88957e+08
4.273e+07	744159	9.51372e+06	-6.0382e+07	-3.87556e+08
4.274e+07	863105	9.49345e+06	-7.00335e+07	-3.85911e+08
4.275e+07	981515	9.47019e+06	-7.96414e+07	-3.84023e+08
4.276e+07	1.09931e+06	9.44394e+06	-8.91997e+07	-3.81893e+08
4.277e+07	1.21643e+06	9.41472e+06	-9.87024e+07	-3.79523e+08
4.278e+07	1.33278e+06	9.38256e+06	-1.08144e+08	-3.76913e+08
4.279e+07	1.44831e+06	9.34746e+06	-1.17518e+08	-3.74065e+08
4.28e+07	1.56293e+06	9.30945e+06	-1.26818e+08	-3.70981e+08
4.281e+07	1.67658e+06	9.26855e+06	-1.3604e+08	-3.67662e+08
4.282e+07	1.78918e+06	9.22479e+06	-1.45176e+08	-3.64111e+08
4.283e+07	1.90066e+06	9.17819e+06	-1.54222e+08	-3.6033e+08
4.284e+07	2.01095e+06	9.12877e+06	-1.63171e+08	-3.56321e+08
4.285e+07	2.11999e+06	9.07658e+06	-1.72019e+08	-3.52085e+08
4.286e+07	2.2277e+06	9.02163e+06	-1.80758e+08	-3.47627e+08
4.287e+07	2.33401e+06	8.96396e+06	-1.89385e+08	-3.42948e+08
4.288e+07	2.43886e+06	8.90361e+06	-1.97892e+08	-3.3805e+08
4.289e+07	2.54218e+06	8.8406e+06	-2.06276e+08	-3.32938e+08
4.29e+07	2.64391e+06	8.77499e+06	-2.1453e+08	-3.27614e+08
4.291e+07	2.74397e+06	8.7068e+06	-2.22649e+08	-3.22081e+08
4.292e+07	2.8423e+06	8.63607e+06	-2.30628e+08	-3.16342e+08
4.293e+07	2.93885e+06	8.56286e+06	-2.38462e+08	-3.10401e+08
4.294e+07	3.03354e+06	8.48719e+06	-2.46146e+08	-3.04262e+08
4.295e+07	3.12632e+06	8.40913e+06	-2.53674e+08	-2.97928e+08
4.296e+07	3.21713e+06	8.32871e+06	-2.61042e+08	-2.91402e+08
4.297e+07	3.3059e+06	8.24598e+06	-2.68245e+08	-2.8469e+08
4.298e+07	3.39258e+06	8.16099e+06	-2.75278e+08	-2.77794e+08
4.299e+07	3.4771e+06	8.0738e+06	-2.82137e+08	-2.70719e+08
4.3e+07	3.55943e+06	7.98445e+06	-2.88816e+08	-2.63469e+08
4.301e+07	3.63948e+06	7.89301e+06	-2.95313e+08	-2.56049e+08
4.302e+07	3.71723e+06	7.79952e+06	-3.01621e+08	-2.48463e+08
4.303e+07	3.79261e+06	7.70404e+06	-3.07737e+08	-2.40716e+08
4.304e+07	3.86556e+06	7.60663e+06	-3.13657e+08	-2.32812e+08
4.305e+07	3.93605e+06	7.50736e+06	-3.19376e+08	-2.24757e+08
4.306e+07	4.00402e+06	7.40628e+06	-3.24892e+08	-2.16555e+08
4.307e+07	4.06943e+06	7.30345e+06	-3.30199e+08	-2.08211e+08
4.308e+07	4.13223e+06	7.19893e+06	-3.35294e+08	-1.99731e+08
4.309e+07	4.19237e+06	7.0928e+06	-3.40175e+08	-1.91119e+08
4.31e+07	4.24982e+06	6.98512e+06	-3.44836e+08	-1.82382e+08
4.311e+07	4.30453e+06	6.87595e+06	-3.49275e+08	-1.73524e+08
4.312e+07	4.35646e+06	6.76537e+06	-3.53489e+08	-1.64551e+08
4.313e+07	4.40558e+06	6.65344e+06	-3.57475e+08	-1.55469e+08
4.314e+07	4.45185e+06	6.54023e+06	-3.61229e+08	-1.46283e+08
4.315e+07	4.49523e+06	6.42582e+06	-3.64749e+08	-1.36999e+08
4.316e+07	4.5357e+06	6.31027e+06	-3.68032e+08	-1.27623e+08
4.317e+07	4.57321e+06	6.19366e+06	-3.71076e+08	-1.18162e+08
4.318e+07	4.60775e+06	6.07607e+06	-3.73879e+08	-1.0862e+08
4.319e+07	4.63928e+06	5.95756e+06	-3.76437e+08	-9.90044e+07
4.32e+07	4.66778e+06	5.83822e+06	-3.7875e+08	-8.93211e+07
4.321e+07	4.69323e+06	5.71813e+06	-3.80815e+08	-7.95763e+07
4.322e+07	4.7156e+06	5.59735e+06	-3.8263e+08	-6.97762e+07
4.323e+07	4.73487e+06	5.47597e+06	-3.84194e+08	-5.99273e+07
4.324e+07	4.75103e+06	5.35407e+06	-3.85505e+08	-5.00358e+07
4.325e+07	4.76406e+06	5.23172e+06	-3.86562e+08	-4.01083e+07
4.326e+07	4.77395e+06	5.109e+06	-3.87364e+08	-3.01513e+07
4.327e+07	4.78068e+06	4.98601e+06	-3.87911e+08	-2.01712e+07
4.328e+07	4.78424e+06	4.86281e+06	-3.882e+08	-1.01747e+07
4.329e+07	4.78463e+06	4.73949e+06	-3.88231e+08	-168342
4.33e+07	4.78185e+06	4.61613e+06	-3.88005e+08	9.84125e+06
4.331e+07	4.77588e+06	4.49281e+06	-3.87521e+08	1.98474e+07
4.332e+07	4.76672e+06	4.36962e+06	-3.86778e+08	2.98434e+07
4.333e+07	4.75438e+06	4.24663e+06	-3.85777e+08	3.98227e+07
4.334e+07	4.73886e+06	4.12394e+06	-3.84517e+08	4.97784e+07
4.335e+07	4.72016e+06	4.00161e+06	-3.83e+08	5.97039e+07
4.336e+07	4.6983e+06	3.87975e+06	-3.81226e+08	6.95924e+07
4.337e+07	4.67328e+06	3.75841e+06	-3.79196e+08	7.94373e+07
4.338e+07	4.6451e+06	3.63771e+06	-3.7691e+08	8.92318e+07
4.339e+07	4.6138e+06	3.5177e+06	-3.7437e+08	9.89693e+07
4.34e+07	4.57937e+06	3.39848e+06	-3.71576e+08	1.08643e+08
4.341e+07	4.54185e+06	3.28012e+06	-3.68531e+08	1.18246e+08
4.342e+07	4.50124e+06	3.16272e+06	-3.65237e+08	1.27773e+08
4.343e+07	4.45758e+06	3.04635e+06	-3.61694e+08	1.37216e+08
4.344e+07	4.41089e+06	2.93108e+06	-3.57905e+08	1.46568e+08
4.345e+07	4.36118e+06	2.81701e+06	-3.53872e+08	1.55824e+08
4.346e+07	4.30851e+06	2.70421e+06	-3.49598e+08	1.64977e+08
4.347e+07	4.25288e+06	2.59276e+06	-3.45084e+08	1.7402e+08
4.348e+07	4.19435e+06	2.48274e+06	-3.40335e+08	1.82947e+08
4.349e+07	4.13294e+06	2.37423e+06	-3.35352e+08	1.91752e+08
4.35e+07	4.06868e+06	2.2673e+06	-3.30138e+08	2.00428e+08
4.351e+07	4.00164e+06	2.16203e+06	-3.24698e+08	2.0897e+08
4.352e+07	3.93183e+06	2.05849e+06	-3.19034e+08	2.17371e+08
4.353e+07	3.85931e+06	1.95677e+06	-3.1315e+08	2.25625e+08
4.354e+07	3.78413e+06	1.85692e+06	-3.07049e+08	2.33727e+08
4.355e+07	3.70633e+06	1.75903e+06	-3.00736e+08	2.4167e+08
4.356e+07	3.62595e+06	1.66316e+06	-2.94215e+08	2.49449e+08
4.357e+07	3.54307e+06	1.56938e+06	-2.87489e+08	2.57058e+08
4.358e+07	3.45772e+06	1.47776e+06	-2.80564e+08	2.64492e+08
4.359e+07	3.36997e+06	1.38838e+06	-2.73444e+08	2.71745e+08
4.36e+07	3.27987e+06	1.30128e+06	-2.66133e+08	2.78813e+08
4.361e+07	3.18749e+06	1.21654e+06	-2.58637e+08	2.85689e+08
4.362e+07	3.09287e+06	1.13421e+06	-2.5096e+08	2.92368e+08
4.363e+07	2.9961e+06	1.05437e+06	-2.43108e+08	2.98847e+08
4.364e+07	2.89723e+06	977060	-2.35085e+08	3.0512e+08
4.365e+07	2.79633e+06	902345	-2.26898e+08	3.11183e+08
4.366e+07	2.69347e+06	830280	-2.18552e+08	3.1703e+08
4.367e+07	2.58872e+06	760916	-2.10052e+08	3.22658e+08
4.368e+07	2.48215e+06	694306	-2.01405e+08	3.28063e+08
4.369e+07	2.37384e+06	630500	-1.92616e+08	3.3324e+08
4.37e+07	2.26385e+06	569543	-1.83692e+08	3.38187e+08
4.371e+07	2.15227e+06	511483	-1.74638e+08	3.42898e+08
4.372e+07	2.03917e+06	456362	-1.65461e+08	3.4737e+08
4.373e+07	1.92463e+06	404221	-1.56167e+08	3.51601e+08
4.374e+07	1.80873e+06	355100	-1.46763e+08	3.55587e+08
4.375e+07	1.69156e+06	309035	-1.37255e+08	3.59324e+08
4.376e+07	1.57319e+06	266061	-1.2765e+08	3.62811e+08
4.377e+07	1.4537e+06	226211	-1.17955e+08	3.66045e+08
4.378e+07	1.33319e+06	189513	-1.08177e+08	3.69023e+08
4.379e+07	1.21173e+06	155997	-9.83212e+07	3.71742e+08
4.38e+07	1.08941e+06	125686	-8.83962e+07	3.74202e+08
4.381e+07	966321	98604.5	-7.84085e+07	3.76399e+08
4.382e+07	842546	74772.4	-6.83653e+07	3.78333e+08
4.383e+07	718172	54207.7	-5.82734e+07	3.80002e+08
4.384e+07	593289	36926.1	-4.81403e+07	3.81404e+08
4.385e+07	467985	22940.5	-3.79729e+07	3.82539e+08
4.386e+07	342349	12261.6	-2.77786e+07	3.83405e+08
4.387e+07	216469	4897.51	-1.75646e+07	3.84003e+08
4.388e+07	90435.9	853.745	-7.33809e+06	3.84331e+08
4.389e+07	-35661.6	133.4	2.89363e+06	3.84389e+08
4.39e+07	-161734	2737.02	1.31233e+07	3.84178e+08
4.391e+07	-287691	8662.64	2.33436e+07	3.83697e+08
4.392e+07	-413444	17905.8	3.35474e+07	3.82947e+08
4.393e+07	-538904	30459.4	4.37273e+07	3.81928e+08
4.394e+07	-663981	46314.1	5.38762e+07	3.80642e+08
4.395e+07	-788586	65457.8	6.39869e+07	3.79089e+08
4.396e+07	-912632	87876	7.40521e+07	3.7727e+08
4.397e+07	-1.03603e+06	113552	8.40648e+07	3.75186e+08
4.398e+07	-1.15869e+06	142466	9.40179e+07	3.7284e+08
4.399e+07	-1.28054e+06	174596	1.03904e+08	3.70233e+08
4.4e+07	-1.40147e+06	209919	1.13717e+08	3.67367e+08
4.401e+07	-1.52141e+06	248407	1.2345e+08	3.64244e+08
4.402e+07	-1.64028e+06	290032	1.33094e+08	3.60866e+08
4.403e+07	-1.75798e+06	334762	1.42645e+08	3.57237e+08
4.404e+07	-1.87445e+06	382563	1.52095e+08	3.53358e+08
4.405e+07	-1.98959e+06	433401	1.61438e+08	3.49233e+08
4.406e+07	-2.10332e+06	487236	1.70666e+08	3.44865e+08
4.407e+07	-2.21557e+06	544029	1.79774e+08	3.40257e+08
4.408e+07	-2.32626e+06	603736	1.88756e+08	3.35412e+08
4.409e+07	-2.43531e+06	666315	1.97604e+08	3.30334e+08
4.41e+07	-2.54264e+06	731717	2.06313e+08	3.25028e+08
4.411e+07	-2.64819e+06	799895	2.14878e+08	3.19495e+08
4.412e+07	-2.75188e+06	870797	2.23291e+08	3.13742e+08
4.413e+07	-2.85364e+06	944372	2.31548e+08	3.07772e+08
4.414e+07	-2.9534e+06	1.02057e+06	2.39643e+08	3.0159e+08
4.415e+07	-3.05109e+06	1.09932e+06	2.47569e+08	2.952e+08
4.416e+07	-3.14665e+06	1.18058e+06	2.55323e+08	2.88606e+08
4.417e+07	-3.24001e+06	1.26428e+06	2.62898e+08	2.81815e+08
4.418e+07	-3.33111e+06	1.35037e+06	2.7029e+08	2.74829e+08
4.419e+07	-3.41988e+06	1.43877e+06	2.77494e+08	2.67656e+08
4.42e+07	-3.50628e+06	1.52944e+06	2.84504e+08	2.603e+08
4.421e+07	-3.59024e+06	1.62229e+06	2.91317e+08	2.52766e+08
4.422e+07	-3.67171e+06	1.71726e+06	2.97927e+08	2.45059e+08
4.423e+07	-3.75063e+06	1.81429e+06	3.04331e+08	2.37186e+08
4.424e+07	-3.82696e+06	1.9133e+06	3.10524e+08	2.29152e+08
4.425e+07	-3.90064e+06	2.01422e+06	3.16503e+08	2.20963e+08
4.426e+07	-3.97162e+06	2.11699e+06	3.22263e+08	2.12625e+08
4.427e+07	-4.03987e+06	2.22152e+06	3.278e+08	2.04143e+08
4.428e+07	-4.10534e+06	2.32774e+06	3.33113e+08	1.95524e+08
4.429e+07	-4.16799e+06	2.43558e+06	3.38196e+08	1.86774e+08
4.43e+07	-4.22777e+06	2.54496e+06	3.43047e+08	1.77898e+08
4.431e+07	-4.28466e+06	2.65581e+06	3.47663e+08	1.68905e+08
4.432e+07	-4.33862e+06	2.76803e+06	3.52041e+08	1.59798e+08
4.433e+07	-4.38962e+06	2.88157e+06	3.56179e+08	1.50586e+08
4.434e+07	-4.43762e+06	2.99633e+06	3.60074e+08	1.41274e+08
4.435e+07	-4.4826e+06	3.11223e+06	3.63724e+08	1.3187e+08
4.436e+07	-4.52453e+06	3.2292e+06	3.67126e+08	1.22378e+08
4.437e+07	-4.56339e+06	3.34716e+06	3.70279e+08	1.12807e+08
4.438e+07	-4.59916e+06	3.46602e+06	3.73182e+08	1.03163e+08
4.439e+07	-4.63182e+06	3.5857e+06	3.75832e+08	9.34518e+07
4.44e+07	-4.66135e+06	3.70612e+06	3.78228e+08	8.36809e+07
4.441e+07	-4.68773e+06	3.82719e+06	3.80369e+08	7.38567e+07
4.442e+07	-4.71097e+06	3.94884e+06	3.82254e+08	6.3986e+07
4.443e+07	-4.73104e+06	4.07098e+06	3.83882e+08	5.40754e+07
4.444e+07	-4.74793e+06	4.19353e+06	3.85253e+08	4.41316e+07
4.445e+07	-4.76165e+06	4.3164e+06	3.86366e+08	3.41615e+07
4.446e+07	-4.77218e+06	4.43952e+06	3.87221e+08	2.41716e+07
4.447e+07	-4.77953e+06	4.5628e+06	3.87817e+08	1.41688e+07
4.448e+07	-4.78369e+06	4.68615e+06	3.88155e+08	4.15958e+06
4.449e+07	-4.78467e+06	4.8095e+06	3.88235e+08	-5.84927e+06
4.45e+07	-4.78248e+06	4.93277e+06	3.88057e+08	-1.58511e+07
4.451e+07	-4.77712e+06	5.05586e+06	3.87622e+08	-2.58394e+07
4.452e+07	-4.76859e+06	5.17871e+06	3.8693e+08	-3.58075e+07
4.453e+07	-4.75692e+06	5.30123e+06	3.85983e+08	-4.57488e+07
4.454e+07	-4.74211e+06	5.42334e+06	3.84781e+08	-5.56569e+07
4.455e+07	-4.72418e+06	5.54496e+06	3.83326e+08	-6.55252e+07
4.456e+07	-4.70315e+06	5.66601e+06	3.81619e+08	-7.53475e+07
4.457e+07	-4.67903e+06	5.78641e+06	3.79662e+08	-8.51172e+07
4.458e+07	-4.65184e+06	5.90609e+06	3.77456e+08	-9.48281e+07
4.459e+07	-4.62161e+06	6.02497e+06	3.75004e+08	-1.04474e+08
4.46e+07	-4.58837e+06	6.14297e+06	3.72306e+08	-1.14049e+08
4.461e+07	-4.55214e+06	6.26002e+06	3.69366e+08	-1.23546e+08
4.462e+07	-4.51294e+06	6.37603e+06	3.66186e+08	-1.3296e+08
4.463e+07	-4.47081e+06	6.49095e+06	3.62768e+08	-1.42284e+08
4.464e+07	-4.42579e+06	6.60469e+06	3.59114e+08	-1.51513e+08
4.465e+07	-4.3779e+06	6.71718e+06	3.55228e+08	-1.60641e+08
4.466e+07	-4.32717e+06	6.82836e+06	3.51112e+08	-1.69662e+08
4.467e+07	-4.27366e+06	6.93815e+06	3.4677e+08	-1.78571e+08
4.468e+07	-4.21738e+06	7.04649e+06	3.42204e+08	-1.87361e+08
4.469e+07	-4.1584e+06	7.1533e+06	3.37418e+08	-1.96028e+08
4.47e+07	-4.09674e+06	7.25852e+06	3.32415e+08	-2.04566e+08
4.471e+07	-4.03245e+06	7.36209e+06	3.27198e+08	-2.12969e+08
4.472e+07	-3.96558e+06	7.46393e+06	3.21772e+08	-2.21233e+08
4.473e+07	-3.89617e+06	7.564e+06	3.1614e+08	-2.29353e+08
4.474e+07	-3.82427e+06	7.66222e+06	3.10306e+08	-2.37323e+08
4.475e+07	-3.74993e+06	7.75854e+06	3.04274e+08	-2.45138e+08
4.476e+07	-3.6732e+06	7.8529e+06	2.98048e+08	-2.52794e+08
4.477e+07	-3.59413e+06	7.94523e+06	2.91633e+08	-2.60287e+08
4.478e+07	-3.51278e+06	8.0355e+06	2.85032e+08	-2.67611e+08
4.479e+07	-3.4292e+06	8.12363e+06	2.7825e+08	-2.74762e+08
4.48e+07	-3.34344e+06	8.20957e+06	2.71291e+08	-2.81735e+08
4.481e+07	-3.25556e+06	8.29328e+06	2.64161e+08	-2.88528e+08
4.482e+07	-3.16563e+06	8.37471e+06	2.56863e+08	-2.95135e+08
4.483e+07	-3.07369e+06	8.4538e+06	2.49403e+08	-3.01552e+08
4.484e+07	-2.97981e+06	8.5305e+06	2.41786e+08	-3.07776e+08
4.485e+07	-2.88406e+06	8.60478e+06	2.34016e+08	-3.13803e+08
4.486e+07	-2.78648e+06	8.67659e+06	2.26099e+08	-3.1963e+08
4.487e+07	-2.68716e+06	8.74588e+06	2.1804e+08	-3.25252e+08
4.488e+07	-2.58614e+06	8.81261e+06	2.09843e+08	-3.30667e+08
4.489e+07	-2.4835e+06	8.87675e+06	2.01514e+08	-3.35871e+08
4.49e+07	-2.3793e+06	8.93825e+06	1.9306e+08	-3.40861e+08
4.491e+07	-2.27361e+06	8.99708e+06	1.84484e+08	-3.45635e+08
4.492e+07	-2.16649e+06	9.05321e+06	1.75792e+08	-3.50189e+08
4.493e+07	-2.05802e+06	9.1066e+06	1.6699e+08	-3.54521e+08
4.494e+07	-1.94826e+06	9.15721e+06	1.58084e+08	-3.58628e+08
4.495e+07	-1.83728e+06	9.20503e+06	1.49079e+08	-3.62508e+08
4.496e+07	-1.72515e+06	9.25002e+06	1.39981e+08	-3.66159e+08
4.497e+07	-1.61194e+06	9.29216e+06	1.30795e+08	-3.69578e+08
4.498e+07	-1.49773e+06	9.33142e+06	1.21528e+08	-3.72763e+08
4.499e+07	-1.38259e+06	9.36777e+06	1.12185e+08	-3.75713e+08
4.5e+07	-1.26658e+06	9.40121e+06	1.02772e+08	-3.78426e+08
4.501e+07	-1.14979e+06	9.4317e+06	9.32951e+07	-3.809e+08
4.502e+07	-1.03227e+06	9.45923e+06	8.376e+07	-3.83134e+08
4.503e+07	-914117	9.48378e+06	7.41727e+07	-3.85127e+08
4.504e+07	-795393	9.50535e+06	6.45392e+07	-3.86876e+08
4.505e+07	-676173	9.52391e+06	5.48656e+07	-3.88383e+08
4.506e+07	-556533	9.53946e+06	4.51578e+07	-3.89644e+08
4.507e+07	-436547	9.55198e+06	3.5422e+07	-3.9066e+08
4.508e+07	-316289	9.56148e+06	2.56641e+07	-3.91431e+08
4.509e+07	-195835	9.56794e+06	1.58903e+07	-3.91955e+08
4.51e+07	-75258.4	9.57136e+06	6.10656e+06	-3.92232e+08
4.511e+07	45364.6	9.57174e+06	-3.68095e+06	-3.92263e+08
4.512e+07	165959	9.56907e+06	-1.34662e+07	-3.92047e+08
4.513e+07	286451	9.56337e+06	-2.3243e+07	-3.91584e+08
4.514e+07	406765	9.55463e+06	-3.30054e+07	-3.90875e+08
4.515e+07	526825	9.54286e+06	-4.27473e+07	-3.8992e+08
4.516e+07	646558	9.52806e+06	-5.24626e+07	-3.88719e+08
4.517e+07	765889	9.51025e+06	-6.21452e+07	-3.87274e+08
4.518e+07	884743	9.48943e+06	-7.17892e+07	-3.85585e+08
4.519e+07	1.00305e+06	9.46562e+06	-8.13885e+07	-3.83653e+08
4.52e+07	1.12073e+06	9.43883e+06	-9.09371e+07	-3.81479e+08
4.521e+07	1.23771e+06	9.40907e+06	-1.00429e+08	-3.79065e+08
4.522e+07	1.35392e+06	9.37637e+06	-1.09858e+08	-3.76411e+08
4.523e+07	1.46928e+06	9.34074e+06	-1.19219e+08	-3.7352e+08
4.524e+07	1.58373e+06	9.3022e+06	-1.28506e+08	-3.70393e+08
4.525e+07	1.69719e+06	9.26078e+06	-1.37712e+08	-3.67032e+08
4.526e+07	1.80959e+06	9.2165e+06	-1.46833e+08	-3.63439e+08
4.527e+07	1.92086e+06	9.16938e+06	-1.55861e+08	-3.59616e+08
4.528e+07	2.03093e+06	9.11946e+06	-1.64793e+08	-3.55565e+08
4.529e+07	2.13973e+06	9.06676e+06	-1.73621e+08	-3.51289e+08
4.53e+07	2.24719e+06	9.01131e+06	-1.8234e+08	-3.4679e+08
4.531e+07	2.35324e+06	8.95315e+06	-1.90945e+08	-3.42071e+08
4.532e+07	2.45782e+06	8.89231e+06	-1.99431e+08	-3.37134e+08
4.533e+07	2.56085e+06	8.82883e+06	-2.07791e+08	-3.31983e+08
4.534e+07	2.66228e+06	8.76274e+06	-2.16021e+08	-3.2662e+08
4.535e+07	2.76203e+06	8.69409e+06	-2.24115e+08	-3.21049e+08
4.536e+07	2.86005e+06	8.6229e+06	-2.32068e+08	-3.15274e+08
4.537e+07	2.95626e+06	8.54924e+06	-2.39875e+08	-3.09296e+08
4.538e+07	3.05061e+06	8.47314e+06	-2.4753e+08	-3.03121e+08
4.539e+07	3.14303e+06	8.39464e+06	-2.5503e+08	-2.96752e+08
4.54e+07	3.23347e+06	8.31379e+06	-2.62368e+08	-2.90192e+08
4.541e+07	3.32187e+06	8.23065e+06	-2.6954e+08	-2.83445e+08
4.542e+07	3.40815e+06	8.14525e+06	-2.76542e+08	-2.76517e+08
4.543e+07	3.49228e+06	8.05766e+06	-2.83368e+08	-2.69409e+08
4.544e+07	3.5742e+06	7.96793e+06	-2.90015e+08	-2.62128e+08
4.545e+07	3.65384e+06	7.87611e+06	-2.96477e+08	-2.54678e+08
4.546e+07	3.73115e+06	7.78225e+06	-3.02751e+08	-2.47062e+08
4.547e+07	3.80609e+06	7.68642e+06	-3.08831e+08	-2.39286e+08
4.548e+07	3.8786e+06	7.58867e+06	-3.14715e+08	-2.31354e+08
4.549e+07	3.94864e+06	7.48906e+06	-3.20398e+08	-2.23272e+08
4.55e+07	4.01614e+06	7.38765e+06	-3.25875e+08	-2.15044e+08
4.551e+07	4.08108e+06	7.28451e+06	-3.31144e+08	-2.06675e+08
4.552e+07	4.1434e+06	7.1797e+06	-3.36201e+08	-1.9817e+08
4.553e+07	4.20305e+06	7.07328e+06	-3.41041e+08	-1.89535e+08
4.554e+07	4.26e+06	6.96532e+06	-3.45662e+08	-1.80775e+08
4.555e+07	4.31421e+06	6.85589e+06	-3.50061e+08	-1.71896e+08
4.556e+07	4.36563e+06	6.74505e+06	-3.54233e+08	-1.62903e+08
4.557e+07	4.41423e+06	6.63289e+06	-3.58177e+08	-1.53801e+08
4.558e+07	4.45998e+06	6.51945e+06	-3.61888e+08	-1.44597e+08
4.559e+07	4.50283e+06	6.40483e+06	-3.65365e+08	-1.35296e+08
4.56e+07	4.54276e+06	6.28908e+06	-3.68605e+08	-1.25904e+08
4.561e+07	4.57973e+06	6.17229e+06	-3.71606e+08	-1.16427e+08
4.562e+07	4.61372e+06	6.05452e+06	-3.74364e+08	-1.06872e+08
4.563e+07	4.64471e+06	5.93586e+06	-3.76877e+08	-9.72433e+07
4.564e+07	4.67265e+06	5.81638e+06	-3.79145e+08	-8.75483e+07
4.565e+07	4.69754e+06	5.69615e+06	-3.81164e+08	-7.77929e+07
4.566e+07	4.71935e+06	5.57525e+06	-3.82934e+08	-6.79834e+07
4.567e+07	4.73805e+06	5.45377e+06	-3.84452e+08	-5.81263e+07
4.568e+07	4.75364e+06	5.33178e+06	-3.85717e+08	-4.82278e+07
4.569e+07	4.7661e+06	5.20936e+06	-3.86728e+08	-3.82944e+07
4.57e+07	4.77541e+06	5.08659e+06	-3.87483e+08	-2.83327e+07
4.571e+07	4.78157e+06	4.96355e+06	-3.87982e+08	-1.83491e+07
4.572e+07	4.78455e+06	4.84033e+06	-3.88225e+08	-8.35031e+06
4.573e+07	4.78436e+06	4.71699e+06	-3.88209e+08	1.65714e+06
4.574e+07	4.78099e+06	4.59363e+06	-3.87936e+08	1.16666e+07
4.575e+07	4.77444e+06	4.47033e+06	-3.87405e+08	2.16714e+07
4.576e+07	4.76471e+06	4.34717e+06	-3.86615e+08	3.16649e+07
4.577e+07	4.75179e+06	4.22423e+06	-3.85566e+08	4.16403e+07
4.578e+07	4.73569e+06	4.1016e+06	-3.8426e+08	5.1591e+07
4.579e+07	4.71641e+06	3.97935e+06	-3.82696e+08	6.15103e+07
4.58e+07	4.69397e+06	3.85757e+06	-3.80875e+08	7.13914e+07
4.581e+07	4.66837e+06	3.73635e+06	-3.78798e+08	8.12276e+07
4.582e+07	4.63963e+06	3.61576e+06	-3.76465e+08	9.10122e+07
4.583e+07	4.60775e+06	3.49589e+06	-3.73879e+08	1.00739e+08
4.584e+07	4.57276e+06	3.37683e+06	-3.7104e+08	1.104e+08
4.585e+07	4.53467e+06	3.25864e+06	-3.67949e+08	1.1999e+08
4.586e+07	4.49351e+06	3.14142e+06	-3.64609e+08	1.29501e+08
4.587e+07	4.44929e+06	3.02524e+06	-3.61021e+08	1.38928e+08
4.588e+07	4.40204e+06	2.91019e+06	-3.57188e+08	1.48264e+08
4.589e+07	4.3518e+06	2.79634e+06	-3.53111e+08	1.57501e+08
4.59e+07	4.29858e+06	2.68378e+06	-3.48792e+08	1.66634e+08
4.591e+07	4.24242e+06	2.57259e+06	-3.44236e+08	1.75657e+08
4.592e+07	4.18336e+06	2.46284e+06	-3.39443e+08	1.84562e+08
4.593e+07	4.12143e+06	2.35461e+06	-3.34418e+08	1.93344e+08
4.594e+07	4.05666e+06	2.24798e+06	-3.29163e+08	2.01996e+08
4.595e+07	3.98911e+06	2.14302e+06	-3.23682e+08	2.10513e+08
4.596e+07	3.91881e+06	2.0398e+06	-3.17977e+08	2.18888e+08
4.597e+07	3.8458e+06	1.93842e+06	-3.12053e+08	2.27114e+08
4.598e+07	3.77013e+06	1.83892e+06	-3.05913e+08	2.35188e+08
4.599e+07	3.69186e+06	1.74139e+06	-2.99562e+08	2.43101e+08
4.6e+07	3.61102e+06	1.6459e+06	-2.93003e+08	2.5085e+08
4.601e+07	3.52769e+06	1.55251e+06	-2.86241e+08	2.58427e+08
4.602e+07	3.4419e+06	1.46129e+06	-2.7928e+08	2.65829e+08
4.603e+07	3.35371e+06	1.37232e+06	-2.72125e+08	2.73048e+08
4.604e+07	3.26319e+06	1.28565e+06	-2.6478e+08	2.80081e+08
4.605e+07	3.17039e+06	1.20134e+06	-2.5725e+08	2.86922e+08
4.606e+07	3.07538e+06	1.11947e+06	-2.49541e+08	2.93565e+08
4.607e+07	2.97822e+06	1.04008e+06	-2.41657e+08	3.00007e+08
4.608e+07	2.87898e+06	963239	-2.33604e+08	3.06242e+08
4.609e+07	2.77772e+06	889003	-2.25388e+08	3.12265e+08
4.61e+07	2.67451e+06	817426	-2.17013e+08	3.18073e+08
4.611e+07	2.56942e+06	748561	-2.08486e+08	3.23661e+08
4.612e+07	2.46253e+06	682459	-1.99813e+08	3.29024e+08
4.613e+07	2.3539e+06	619169	-1.90999e+08	3.3416e+08
4.614e+07	2.24362e+06	558737	-1.8205e+08	3.39063e+08
4.615e+07	2.13175e+06	501210	-1.72973e+08	3.43731e+08
4.616e+07	2.01839e+06	446629	-1.63774e+08	3.4816e+08
4.617e+07	1.90359e+06	395036	-1.5446e+08	3.52346e+08
4.618e+07	1.78746e+06	346470	-1.45037e+08	3.56287e+08
4.619e+07	1.67006e+06	300966	-1.35511e+08	3.59979e+08
4.62e+07	1.55148e+06	258560	-1.25889e+08	3.6342e+08
4.621e+07	1.4318e+06	219282	-1.16178e+08	3.66607e+08
4.622e+07	1.3111e+06	183163	-1.06385e+08	3.69538e+08
4.623e+07	1.18948e+06	150229	-9.65161e+07	3.7221e+08
4.624e+07	1.06702e+06	120506	-8.65792e+07	3.74622e+08
4.625e+07	943796	94015.2	-7.65808e+07	3.76771e+08
4.626e+07	819905	70777.8	-6.65281e+07	3.78657e+08
4.627e+07	695432	50810.7	-5.64283e+07	3.80277e+08
4.628e+07	570466	34129.3	-4.62883e+07	3.81631e+08
4.629e+07	445094	20746.1	-3.61155e+07	3.82717e+08
4.63e+07	319407	10671.2	-2.59171e+07	3.83534e+08
4.631e+07	193492	3912.33	-1.57002e+07	3.84083e+08
4.632e+07	67440.7	474.533	-5.47223e+06	3.84361e+08
4.633e+07	-58658.9	360.438	4.75966e+06	3.84371e+08
4.634e+07	-184717	3570.14	1.49882e+07	3.8411e+08
4.635e+07	-310644	10101.2	2.5206e+07	3.8358e+08
4.636e+07	-436350	19948.7	3.5406e+07	3.82781e+08
4.637e+07	-561746	33105.2	4.55808e+07	3.81714e+08
4.638e+07	-686744	49560.6	5.57233e+07	3.80379e+08
4.639e+07	-811254	69302.7	6.58262e+07	3.78777e+08
4.64e+07	-935188	92316.4	7.58824e+07	3.76909e+08
4.641e+07	-1.05846e+06	118584	8.58847e+07	3.74778e+08
4.642e+07	-1.18098e+06	148087	9.58262e+07	3.72384e+08
4.643e+07	-1.30266e+06	180801	1.057e+08	3.6973e+08
4.644e+07	-1.42342e+06	216703	1.15498e+08	3.66816e+08
4.645e+07	-1.54318e+06	255765	1.25215e+08	3.63647e+08
4.646e+07	-1.66184e+06	297959	1.34843e+08	3.60223e+08
4.647e+07	-1.77932e+06	343252	1.44376e+08	3.56548e+08
4.648e+07	-1.89555e+06	391610	1.53807e+08	3.52624e+08
4.649e+07	-2.01044e+06	442997	1.63129e+08	3.48455e+08
4.65e+07	-2.1239e+06	497374	1.72336e+08	3.44042e+08
4.651e+07	-2.23588e+06	554702	1.81422e+08	3.39391e+08
4.652e+07	-2.34627e+06	614937	1.90379e+08	3.34503e+08
4.653e+07	-2.45501e+06	678034	1.99203e+08	3.29383e+08
4.654e+07	-2.56203e+06	743946	2.07886e+08	3.24035e+08
4.655e+07	-2.66724e+06	812624	2.16424e+08	3.18463e+08
4.656e+07	-2.77059e+06	884018	2.24809e+08	3.1267e+08
4.657e+07	-2.87199e+06	958075	2.33037e+08	3.06661e+08
4.658e+07	-2.97137e+06	1.03474e+06	2.41101e+08	3.0044e+08
4.659e+07	-3.06868e+06	1.11395e+06	2.48997e+08	2.94012e+08
4.66e+07	-3.16384e+06	1.19566e+06	2.56718e+08	2.87382e+08
4.661e+07	-3.25679e+06	1.27981e+06	2.6426e+08	2.80555e+08
4.662e+07	-3.34747e+06	1.36632e+06	2.71618e+08	2.73535e+08
4.663e+07	-3.43582e+06	1.45514e+06	2.78787e+08	2.66328e+08
4.664e+07	-3.52178e+06	1.54621e+06	2.85761e+08	2.58939e+08
4.665e+07	-3.60529e+06	1.63945e+06	2.92538e+08	2.51373e+08
4.666e+07	-3.68629e+06	1.73481e+06	2.99111e+08	2.43636e+08
4.667e+07	-3.76475e+06	1.8322e+06	3.05476e+08	2.35733e+08
4.668e+07	-3.84059e+06	1.93157e+06	3.11631e+08	2.2767e+08
4.669e+07	-3.91378e+06	2.03283e+06	3.1757e+08	2.19453e+08
4.67e+07	-3.98428e+06	2.13592e+06	3.23289e+08	2.11088e+08
4.671e+07	-4.05202e+06	2.24077e+06	3.28786e+08	2.02581e+08
4.672e+07	-4.11698e+06	2.34729e+06	3.34057e+08	1.93938e+08
4.673e+07	-4.17911e+06	2.45542e+06	3.39098e+08	1.85164e+08
4.674e+07	-4.23837e+06	2.56507e+06	3.43907e+08	1.76267e+08
4.675e+07	-4.29472e+06	2.67617e+06	3.48479e+08	1.67252e+08
4.676e+07	-4.34814e+06	2.78864e+06	3.52814e+08	1.58126e+08
4.677e+07	-4.39859e+06	2.90241e+06	3.56908e+08	1.48895e+08
4.678e+07	-4.44605e+06	3.01738e+06	3.60758e+08	1.39566e+08
4.679e+07	-4.49047e+06	3.13349e+06	3.64363e+08	1.30145e+08
4.68e+07	-4.53184e+06	3.25064e+06	3.6772e+08	1.20638e+08
4.681e+07	-4.57014e+06	3.36877e+06	3.70827e+08	1.11054e+08
4.682e+07	-4.60535e+06	3.48779e+06	3.73684e+08	1.01397e+08
4.683e+07	-4.63744e+06	3.60761e+06	3.76288e+08	9.16741e+07
4.684e+07	-4.66639e+06	3.72815e+06	3.78637e+08	8.1893e+07
4.685e+07	-4.69221e+06	3.84934e+06	3.80732e+08	7.20598e+07
4.686e+07	-4.71486e+06	3.97108e+06	3.8257e+08	6.21813e+07
4.687e+07	-4.73435e+06	4.0933e+06	3.84152e+08	5.22641e+07
4.688e+07	-4.75067e+06	4.21592e+06	3.85475e+08	4.23151e+07
4.689e+07	-4.7638e+06	4.33884e+06	3.86541e+08	3.23408e+07
4.69e+07	-4.77376e+06	4.46199e+06	3.87349e+08	2.23481e+07
4.691e+07	-4.78052e+06	4.58529e+06	3.87898e+08	1.23436e+07
4.692e+07	-4.78411e+06	4.70865e+06	3.88189e+08	2.33396e+06
4.693e+07	-4.78451e+06	4.83199e+06	3.88221e+08	-7.6741e+06
4.694e+07	-4.78174e+06	4.95523e+06	3.87996e+08	-1.7674e+07
4.695e+07	-4.7758e+06	5.07829e+06	3.87514e+08	-2.7659e+07
4.696e+07	-4.7667e+06	5.20108e+06	3.86776e+08	-3.76227e+07
4.697e+07	-4.75445e+06	5.32353e+06	3.85783e+08	-4.75585e+07
4.698e+07	-4.73907e+06	5.44556e+06	3.84535e+08	-5.74598e+07
4.699e+07	-4.72058e+06	5.56708e+06	3.83034e+08	-6.73202e+07
4.7e+07	-4.69898e+06	5.68802e+06	3.81281e+08	-7.71333e+07
4.701e+07	-4.6743e+06	5.8083e+06	3.79278e+08	-8.68928e+07
4.702e+07	-4.64655e+06	5.92784e+06	3.77027e+08	-9.65923e+07
4.703e+07	-4.61578e+06	6.04656e+06	3.7453e+08	-1.06226e+08
4.704e+07	-4.58198e+06	6.16439e+06	3.71788e+08	-1.15787e+08
4.705e+07	-4.54521e+06	6.28125e+06	3.68804e+08	-1.25269e+08
4.706e+07	-4.50548e+06	6.39708e+06	3.6558e+08	-1.34667e+08
4.707e+07	-4.46282e+06	6.51178e+06	3.62119e+08	-1.43975e+08
4.708e+07	-4.41727e+06	6.6253e+06	3.58423e+08	-1.53186e+08
4.709e+07	-4.36885e+06	6.73756e+06	3.54495e+08	-1.62294e+08
4.71e+07	-4.31762e+06	6.84849e+06	3.50337e+08	-1.71295e+08
4.711e+07	-4.2636e+06	6.95802e+06	3.45954e+08	-1.80183e+08
4.712e+07	-4.20683e+06	7.06608e+06	3.41347e+08	-1.88951e+08
4.713e+07	-4.14735e+06	7.17261e+06	3.36521e+08	-1.97595e+08
4.714e+07	-4.08521e+06	7.27753e+06	3.31479e+08	-2.06108e+08
4.715e+07	-4.02045e+06	7.38079e+06	3.26224e+08	-2.14487e+08
4.716e+07	-3.95311e+06	7.48232e+06	3.2076e+08	-2.22725e+08
4.717e+07	-3.88324e+06	7.58205e+06	3.15091e+08	-2.30818e+08
4.718e+07	-3.81089e+06	7.67993e+06	3.09221e+08	-2.3876e+08
4.719e+07	-3.73611e+06	7.7759e+06	3.03153e+08	-2.46546e+08
4.72e+07	-3.65895e+06	7.86989e+06	2.96892e+08	-2.54173e+08
4.721e+07	-3.57947e+06	7.96185e+06	2.90443e+08	-2.61635e+08
4.722e+07	-3.4977e+06	8.05173e+06	2.83808e+08	-2.68928e+08
4.723e+07	-3.41372e+06	8.13947e+06	2.76993e+08	-2.76047e+08
4.724e+07	-3.32757e+06	8.22501e+06	2.70003e+08	-2.82988e+08
4.725e+07	-3.23931e+06	8.30831e+06	2.62842e+08	-2.89747e+08
4.726e+07	-3.14901e+06	8.38931e+06	2.55515e+08	-2.96319e+08
4.727e+07	-3.05671e+06	8.46797e+06	2.48026e+08	-3.02702e+08
4.728e+07	-2.96249e+06	8.54423e+06	2.4038e+08	-3.0889e+08
4.729e+07	-2.8664e+06	8.61806e+06	2.32583e+08	-3.14881e+08
4.73e+07	-2.7685e+06	8.68941e+06	2.2464e+08	-3.2067e+08
4.731e+07	-2.66886e+06	8.75824e+06	2.16555e+08	-3.26255e+08
4.732e+07	-2.56754e+06	8.8245e+06	2.08334e+08	-3.31632e+08
4.733e+07	-2.46461e+06	8.88816e+06	1.99982e+08	-3.36797e+08
4.734e+07	-2.36013e+06	8.94918e+06	1.91504e+08	-3.41748e+08
4.735e+07	-2.25418e+06	9.00752e+06	1.82907e+08	-3.46482e+08
4.736e+07	-2.14681e+06	9.06315e+06	1.74195e+08	-3.50996e+08
4.737e+07	-2.03809e+06	9.11603e+06	1.65374e+08	-3.55287e+08
4.738e+07	-1.92811e+06	9.16614e+06	1.56449e+08	-3.59353e+08
4.739e+07	-1.81691e+06	9.21345e+06	1.47427e+08	-3.63191e+08
4.74e+07	-1.70458e+06	9.25792e+06	1.38312e+08	-3.668e+08
4.741e+07	-1.59119e+06	9.29953e+06	1.29111e+08	-3.70176e+08
4.742e+07	-1.4768e+06	9.33826e+06	1.1983e+08	-3.73319e+08
4.743e+07	-1.36149e+06	9.37409e+06	1.10473e+08	-3.76226e+08
4.744e+07	-1.24534e+06	9.40699e+06	1.01048e+08	-3.78895e+08
4.745e+07	-1.1284e+06	9.43694e+06	9.15602e+07	-3.81326e+08
4.746e+07	-1.01077e+06	9.46393e+06	8.20152e+07	-3.83516e+08
4.747e+07	-892505	9.48794e+06	7.2419e+07	-3.85464e+08
4.748e+07	-773685	9.50896e+06	6.27778e+07	-3.87169e+08
4.749e+07	-654383	9.52697e+06	5.30975e+07	-3.88631e+08
4.75e+07	-534674	9.54197e+06	4.33841e+07	-3.89848e+08
4.751e+07	-414633	9.55394e+06	3.36438e+07	-3.90819e+08
4.752e+07	-294333	9.56288e+06	2.38826e+07	-3.91545e+08
4.753e+07	-173851	9.56879e+06	1.41065e+07	-3.92024e+08
4.754e+07	-53260.7	9.57165e+06	4.32164e+06	-3.92256e+08
4.755e+07	67362.8	9.57148e+06	-5.4659e+06	-3.92242e+08
4.756e+07	187944	9.56826e+06	-1.52501e+07	-3.91981e+08
4.757e+07	308409	9.562e+06	-2.50247e+07	-3.91473e+08
4.758e+07	428682	9.55271e+06	-3.47838e+07	-3.90719e+08
4.759e+07	548688	9.54039e+06	-4.45213e+07	-3.89719e+08
4.76e+07	668354	9.52504e+06	-5.42311e+07	-3.88474e+08
4.761e+07	787603	9.50668e+06	-6.39071e+07	-3.86984e+08
4.762e+07	906362	9.48531e+06	-7.35434e+07	-3.85251e+08
4.763e+07	1.02456e+06	9.46096e+06	-8.31339e+07	-3.83274e+08
4.764e+07	1.14211e+06	9.43362e+06	-9.26726e+07	-3.81057e+08
4.765e+07	1.25896e+06	9.40333e+06	-1.02154e+08	-3.78598e+08
4.766e+07	1.37502e+06	9.37009e+06	-1.11571e+08	-3.75901e+08
4.767e+07	1.49022e+06	9.33393e+06	-1.20919e+08	-3.72967e+08
4.768e+07	1.6045e+06	9.29486e+06	-1.30191e+08	-3.69797e+08
4.769e+07	1.71777e+06	9.25292e+06	-1.39382e+08	-3.66394e+08
4.77e+07	1.82997e+06	9.20812e+06	-1.48486e+08	-3.62759e+08
4.771e+07	1.94103e+06	9.16049e+06	-1.57498e+08	-3.58894e+08
4.772e+07	2.05087e+06	9.11006e+06	-1.6641e+08	-3.54802e+08
4.773e+07	2.15943e+06	9.05685e+06	-1.75219e+08	-3.50485e+08
4.774e+07	2.26664e+06	9.00091e+06	-1.83918e+08	-3.45945e+08
4.775e+07	2.37243e+06	8.94226e+06	-1.92502e+08	-3.41186e+08
4.776e+07	2.47673e+06	8.88093e+06	-2.00965e+08	-3.3621e+08
4.777e+07	2.57947e+06	8.81697e+06	-2.09302e+08	-3.31021e+08
4.778e+07	2.6806e+06	8.75041e+06	-2.17507e+08	-3.2562e+08
4.779e+07	2.78004e+06	8.68129e+06	-2.25576e+08	-3.20011e+08
4.78e+07	2.87773e+06	8.60965e+06	-2.33503e+08	-3.14199e+08
4.781e+07	2.97361e+06	8.53554e+06	-2.41282e+08	-3.08185e+08
4.782e+07	3.06761e+06	8.459e+06	-2.4891e+08	-3.01974e+08
4.783e+07	3.15968e+06	8.38007e+06	-2.5638e+08	-2.95569e+08
4.784e+07	3.24975e+06	8.2988e+06	-2.63689e+08	-2.88975e+08
4.785e+07	3.33776e+06	8.21524e+06	-2.7083e+08	-2.82195e+08
4.786e+07	3.42366e+06	8.12944e+06	-2.778e+08	-2.75234e+08
4.787e+07	3.50739e+06	8.04146e+06	-2.84594e+08	-2.68094e+08
4.788e+07	3.58889e+06	7.95134e+06	-2.91207e+08	-2.60782e+08
4.789e+07	3.66811e+06	7.85914e+06	-2.97635e+08	-2.53301e+08
4.79e+07	3.745e+06	7.76492e+06	-3.03874e+08	-2.45656e+08
4.791e+07	3.8195e+06	7.66873e+06	-3.09919e+08	-2.37851e+08
4.792e+07	3.89156e+06	7.57064e+06	-3.15766e+08	-2.29891e+08
4.793e+07	3.96114e+06	7.47069e+06	-3.21412e+08	-2.21782e+08
4.794e+07	4.02818e+06	7.36897e+06	-3.26852e+08	-2.13528e+08
4.795e+07	4.09264e+06	7.26552e+06	-3.32082e+08	-2.05133e+08
4.796e+07	4.15448e+06	7.16041e+06	-3.371e+08	-1.96605e+08
4.797e+07	4.21364e+06	7.0537e+06	-3.419e+08	-1.87947e+08
4.798e+07	4.27009e+06	6.94547e+06	-3.46481e+08	-1.79165e+08
4.799e+07	4.3238e+06	6.83578e+06	-3.50838e+08	-1.70264e+08
4.8e+07	4.37471e+06	6.72469e+06	-3.54969e+08	-1.61251e+08
4.801e+07	4.42279e+06	6.61229e+06	-3.58871e+08	-1.5213e+08
4.802e+07	4.46801e+06	6.49863e+06	-3.6254e+08	-1.42908e+08
4.803e+07	4.51033e+06	6.3838e+06	-3.65974e+08	-1.3359e+08
4.804e+07	4.54972e+06	6.26785e+06	-3.6917e+08	-1.24182e+08
4.805e+07	4.58616e+06	6.15088e+06	-3.72127e+08	-1.1469e+08
4.806e+07	4.6196e+06	6.03294e+06	-3.7484e+08	-1.05121e+08
4.807e+07	4.65003e+06	5.91413e+06	-3.77309e+08	-9.54799e+07
4.808e+07	4.67742e+06	5.7945e+06	-3.79532e+08	-8.57734e+07
4.809e+07	4.70175e+06	5.67415e+06	-3.81506e+08	-7.60077e+07
4.81e+07	4.72299e+06	5.55314e+06	-3.8323e+08	-6.61891e+07
4.811e+07	4.74113e+06	5.43156e+06	-3.84701e+08	-5.63239e+07
4.812e+07	4.75615e+06	5.30949e+06	-3.8592e+08	-4.64186e+07
4.813e+07	4.76803e+06	5.18699e+06	-3.86885e+08	-3.64795e+07
4.814e+07	4.77677e+06	5.06417e+06	-3.87593e+08	-2.65133e+07
4.815e+07	4.78235e+06	4.94109e+06	-3.88046e+08	-1.65265e+07
4.816e+07	4.78475e+06	4.81784e+06	-3.88241e+08	-6.52563e+06
4.817e+07	4.78399e+06	4.69449e+06	-3.88179e+08	3.48269e+06
4.818e+07	4.78004e+06	4.57114e+06	-3.87858e+08	1.34918e+07
4.819e+07	4.7729e+06	4.44786e+06	-3.8728e+08	2.3495e+07
4.82e+07	4.76259e+06	4.32473e+06	-3.86443e+08	3.34857e+07
4.821e+07	4.74909e+06	4.20184e+06	-3.85347e+08	4.34571e+07
4.822e+07	4.73241e+06	4.07927e+06	-3.83994e+08	5.34026e+07
4.823e+07	4.71256e+06	3.9571e+06	-3.82383e+08	6.33154e+07
4.824e+07	4.68954e+06	3.83542e+06	-3.80515e+08	7.31888e+07
4.825e+07	4.66336e+06	3.71431e+06	-3.78391e+08	8.30161e+07
4.826e+07	4.63405e+06	3.59385e+06	-3.76013e+08	9.27906e+07
4.827e+07	4.6016e+06	3.47412e+06	-3.7338e+08	1.02506e+08
4.828e+07	4.56604e+06	3.3552e+06	-3.70495e+08	1.12154e+08
4.829e+07	4.52739e+06	3.23719e+06	-3.67359e+08	1.2173e+08
4.83e+07	4.48567e+06	3.12015e+06	-3.63973e+08	1.31227e+08
4.831e+07	4.4409e+06	3.00417e+06	-3.6034e+08	1.40638e+08
4.832e+07	4.3931e+06	2.88933e+06	-3.56462e+08	1.49956e+08
4.833e+07	4.34231e+06	2.77572e+06	-3.52341e+08	1.59175e+08
4.834e+07	4.28856e+06	2.6634e+06	-3.47979e+08	1.68288e+08
4.835e+07	4.23187e+06	2.55246e+06	-3.43379e+08	1.7729e+08
4.836e+07	4.17228e+06	2.44298e+06	-3.38544e+08	1.86173e+08
4.837e+07	4.10983e+06	2.33504e+06	-3.33477e+08	1.94932e+08
4.838e+07	4.04455e+06	2.22871e+06	-3.2818e+08	2.0356e+08
4.839e+07	3.97649e+06	2.12406e+06	-3.22658e+08	2.12051e+08
4.84e+07	3.90569e+06	2.02118e+06	-3.16913e+08	2.20399e+08
4.841e+07	3.83219e+06	1.92013e+06	-3.10949e+08	2.28598e+08
4.842e+07	3.75605e+06	1.82098e+06	-3.04771e+08	2.36643e+08
4.843e+07	3.6773e+06	1.72382e+06	-2.98381e+08	2.44527e+08
4.844e+07	3.59601e+06	1.62871e+06	-2.91785e+08	2.52245e+08
4.845e+07	3.51222e+06	1.53571e+06	-2.84986e+08	2.59791e+08
4.846e+07	3.42599e+06	1.4449e+06	-2.77989e+08	2.67159e+08
4.847e+07	3.33738e+06	1.35634e+06	-2.70799e+08	2.74345e+08
4.848e+07	3.24643e+06	1.27009e+06	-2.6342e+08	2.81343e+08
4.849e+07	3.15323e+06	1.18623e+06	-2.55857e+08	2.88148e+08
4.85e+07	3.05782e+06	1.1048e+06	-2.48116e+08	2.94755e+08
4.851e+07	2.96028e+06	1.02587e+06	-2.40201e+08	3.01159e+08
4.852e+07	2.86066e+06	949504	-2.32118e+08	3.07356e+08
4.853e+07	2.75904e+06	875749	-2.23872e+08	3.13341e+08
4.854e+07	2.65548e+06	804663	-2.15469e+08	3.19109e+08
4.855e+07	2.55006e+06	736298	-2.06915e+08	3.24656e+08
4.856e+07	2.44284e+06	670705	-1.98215e+08	3.29978e+08
4.857e+07	2.33391e+06	607933	-1.89376e+08	3.35072e+08
4.858e+07	2.22333e+06	548028	-1.80404e+08	3.39932e+08
4.859e+07	2.11119e+06	491034	-1.71305e+08	3.44557e+08
4.86e+07	1.99755e+06	436996	-1.62084e+08	3.48942e+08
4.861e+07	1.88251e+06	385952	-1.52749e+08	3.53083e+08
4.862e+07	1.76614e+06	337942	-1.43307e+08	3.56979e+08
4.863e+07	1.64852e+06	293001	-1.33763e+08	3.60626e+08
4.864e+07	1.52973e+06	251162	-1.24124e+08	3.6402e+08
4.865e+07	1.40986e+06	212458	-1.14398e+08	3.67161e+08
4.866e+07	1.28899e+06	176918	-1.0459e+08	3.70045e+08
4.867e+07	1.16721e+06	144568	-9.47087e+07	3.7267e+08
4.868e+07	1.0446e+06	115433	-8.47601e+07	3.75034e+08
4.869e+07	921248	89534.2	-7.47513e+07	3.77135e+08
4.87e+07	797244	66891.9	-6.46895e+07	3.78972e+08
4.871e+07	672675	47523.1	-5.45817e+07	3.80544e+08
4.872e+07	547628	31442.3	-4.44353e+07	3.81849e+08
4.873e+07	422193	18661.8	-3.42573e+07	3.82886e+08
4.874e+07	296457	9191.14	-2.40549e+07	3.83654e+08
4.875e+07	170511	3037.63	-1.38355e+07	3.84154e+08
4.876e+07	44443.9	205.879	-3.60623e+06	3.84383e+08
4.877e+07	-81654.8	698.038	6.62558e+06	3.84343e+08
4.878e+07	-207696	4513.74	1.68527e+07	3.84034e+08
4.879e+07	-333589	11650.1	2.70678e+07	3.83455e+08
4.88e+07	-459245	22101.7	3.72637e+07	3.82607e+08
4.881e+07	-584575	35860.6	4.74332e+07	3.8149e+08
4.882e+07	-709490	52916.5	5.7569e+07	3.80106e+08
4.883e+07	-833902	73256.4	6.76639e+07	3.78456e+08
4.884e+07	-957722	96865	7.77108e+07	3.7654e+08
4.885e+07	-1.08086e+06	123724	8.77026e+07	3.74361e+08
4.886e+07	-1.20324e+06	153814	9.76322e+07	3.71919e+08
4.887e+07	-1.32476e+06	187112	1.07493e+08	3.69217e+08
4.888e+07	-1.44534e+06	223592	1.17277e+08	3.66257e+08
4.889e+07	-1.5649e+06	263228	1.26978e+08	3.63041e+08
4.89e+07	-1.68335e+06	305989	1.36589e+08	3.59572e+08
4.891e+07	-1.80061e+06	351844	1.46104e+08	3.55851e+08
4.892e+07	-1.9166e+06	400757	1.55516e+08	3.51882e+08
4.893e+07	-2.03124e+06	452692	1.64817e+08	3.47668e+08
4.894e+07	-2.14444e+06	507611	1.74003e+08	3.43212e+08
4.895e+07	-2.25613e+06	565472	1.83065e+08	3.38517e+08
4.896e+07	-2.36623e+06	626232	1.91999e+08	3.33587e+08
4.897e+07	-2.47466e+06	689846	2.00797e+08	3.28425e+08
4.898e+07	-2.58135e+06	756266	2.09455e+08	3.23036e+08
4.899e+07	-2.68623e+06	825444	2.17965e+08	3.17422e+08
4.9e+07	-2.78923e+06	897327	2.26322e+08	3.1159e+08
4.901e+07	-2.89026e+06	971864	2.3452e+08	3.05542e+08
4.902e+07	-2.98928e+06	1.049e+06	2.42554e+08	2.99283e+08
4.903e+07	-3.0862e+06	1.12867e+06	2.50418e+08	2.92818e+08
4.904e+07	-3.18096e+06	1.21083e+06	2.58107e+08	2.86152e+08
4.905e+07	-3.2735e+06	1.29541e+06	2.65616e+08	2.79289e+08
4.906e+07	-3.36376e+06	1.38235e+06	2.7294e+08	2.72234e+08
4.907e+07	-3.45168e+06	1.47159e+06	2.80073e+08	2.64994e+08
4.908e+07	-3.53719e+06	1.56305e+06	2.87012e+08	2.57572e+08
4.909e+07	-3.62025e+06	1.65669e+06	2.93752e+08	2.49974e+08
4.91e+07	-3.70079e+06	1.75242e+06	3.00287e+08	2.42207e+08
4.911e+07	-3.77877e+06	1.85018e+06	3.06615e+08	2.34274e+08
4.912e+07	-3.85414e+06	1.9499e+06	3.1273e+08	2.26183e+08
4.913e+07	-3.92684e+06	2.0515e+06	3.18629e+08	2.17939e+08
4.914e+07	-3.99684e+06	2.15492e+06	3.24309e+08	2.09547e+08
4.915e+07	-4.06408e+06	2.26007e+06	3.29764e+08	2.01015e+08
4.916e+07	-4.12852e+06	2.36689e+06	3.34994e+08	1.92347e+08
4.917e+07	-4.19013e+06	2.47531e+06	3.39992e+08	1.83551e+08
4.918e+07	-4.24886e+06	2.58523e+06	3.44758e+08	1.74631e+08
4.919e+07	-4.30469e+06	2.69658e+06	3.49288e+08	1.65596e+08
4.92e+07	-4.35757e+06	2.8093e+06	3.53579e+08	1.5645e+08
4.921e+07	-4.40747e+06	2.92329e+06	3.57628e+08	1.47201e+08
4.922e+07	-4.45437e+06	3.03847e+06	3.61434e+08	1.37854e+08
4.923e+07	-4.49824e+06	3.15478e+06	3.64993e+08	1.28417e+08
4.924e+07	-4.53906e+06	3.27212e+06	3.68305e+08	1.18896e+08
4.925e+07	-4.57679e+06	3.39041e+06	3.71367e+08	1.09297e+08
4.926e+07	-4.61143e+06	3.50958e+06	3.74178e+08	9.96281e+07
4.927e+07	-4.64295e+06	3.62954e+06	3.76735e+08	8.98944e+07
4.928e+07	-4.67134e+06	3.75021e+06	3.79038e+08	8.01033e+07
4.929e+07	-4.69658e+06	3.8715e+06	3.81086e+08	7.02614e+07
4.93e+07	-4.71865e+06	3.99334e+06	3.82878e+08	6.03753e+07
4.931e+07	-4.73757e+06	4.11564e+06	3.84412e+08	5.04518e+07
4.932e+07	-4.7533e+06	4.23831e+06	3.85689e+08	4.04977e+07
4.933e+07	-4.76586e+06	4.36129e+06	3.86708e+08	3.05196e+07
4.934e+07	-4.77523e+06	4.48447e+06	3.87468e+08	2.05242e+07
4.935e+07	-4.78141e+06	4.60779e+06	3.8797e+08	1.05182e+07
4.936e+07	-4.78442e+06	4.73115e+06	3.88214e+08	508403
4.937e+07	-4.78424e+06	4.85448e+06	3.882e+08	-9.49866e+06
4.938e+07	-4.78089e+06	4.97769e+06	3.87928e+08	-1.94963e+07
4.939e+07	-4.77437e+06	5.10071e+06	3.87399e+08	-2.9478e+07
4.94e+07	-4.7647e+06	5.22344e+06	3.86614e+08	-3.9437e+07
4.941e+07	-4.75188e+06	5.34582e+06	3.85574e+08	-4.9367e+07
4.942e+07	-4.73593e+06	5.46776e+06	3.8428e+08	-5.92613e+07
4.943e+07	-4.71687e+06	5.58918e+06	3.82733e+08	-6.91136e+07
4.944e+07	-4.6947e+06	5.71001e+06	3.80934e+08	-7.89174e+07
4.945e+07	-4.66946e+06	5.83016e+06	3.78886e+08	-8.86665e+07
4.946e+07	-4.64117e+06	5.94955e+06	3.7659e+08	-9.83544e+07
4.947e+07	-4.60984e+06	6.06812e+06	3.74048e+08	-1.07975e+08
4.948e+07	-4.5755e+06	6.18578e+06	3.71262e+08	-1.17522e+08
4.949e+07	-4.53818e+06	6.30246e+06	3.68234e+08	-1.2699e+08
4.95e+07	-4.49791e+06	6.41808e+06	3.64967e+08	-1.36371e+08
4.951e+07	-4.45473e+06	6.53258e+06	3.61462e+08	-1.45662e+08
4.952e+07	-4.40865e+06	6.64587e+06	3.57724e+08	-1.54855e+08
4.953e+07	-4.35972e+06	6.75789e+06	3.53753e+08	-1.63944e+08
4.954e+07	-4.30797e+06	6.86857e+06	3.49555e+08	-1.72925e+08
4.955e+07	-4.25345e+06	6.97784e+06	3.4513e+08	-1.81791e+08
4.956e+07	-4.19618e+06	7.08563e+06	3.40484e+08	-1.90537e+08
4.957e+07	-4.13622e+06	7.19186e+06	3.35618e+08	-1.99157e+08
4.958e+07	-4.07359e+06	7.29649e+06	3.30537e+08	-2.07647e+08
4.959e+07	-4.00836e+06	7.39944e+06	3.25243e+08	-2.16e+08
4.96e+07	-3.94055e+06	7.50064e+06	3.19742e+08	-2.24212e+08
4.961e+07	-3.87023e+06	7.60004e+06	3.14036e+08	-2.32277e+08
4.962e+07	-3.79744e+06	7.69758e+06	3.08129e+08	-2.40191e+08
4.963e+07	-3.72222e+06	7.79319e+06	3.02026e+08	-2.47949e+08
4.964e+07	-3.64463e+06	7.88681e+06	2.9573e+08	-2.55546e+08
4.965e+07	-3.56472e+06	7.9784e+06	2.89246e+08	-2.62978e+08
4.966e+07	-3.48255e+06	8.06789e+06	2.82579e+08	-2.70239e+08
4.967e+07	-3.39817e+06	8.15523e+06	2.75732e+08	-2.77326e+08
4.968e+07	-3.31163e+06	8.24037e+06	2.6871e+08	-2.84234e+08
4.969e+07	-3.22299e+06	8.32325e+06	2.61518e+08	-2.90959e+08
4.97e+07	-3.13232e+06	8.40383e+06	2.54161e+08	-2.97498e+08
4.971e+07	-3.03967e+06	8.48205e+06	2.46643e+08	-3.03845e+08
4.972e+07	-2.9451e+06	8.55788e+06	2.38969e+08	-3.09998e+08
4.973e+07	-2.84867e+06	8.63126e+06	2.31145e+08	-3.15952e+08
4.974e+07	-2.75045e+06	8.70215e+06	2.23175e+08	-3.21704e+08
4.975e+07	-2.6505e+06	8.77052e+06	2.15065e+08	-3.27251e+08
4.976e+07	-2.54889e+06	8.83631e+06	2.0682e+08	-3.3259e+08
4.977e+07	-2.44567e+06	8.89949e+06	1.98445e+08	-3.37716e+08
4.978e+07	-2.34092e+06	8.96002e+06	1.89945e+08	-3.42628e+08
4.979e+07	-2.2347e+06	9.01787e+06	1.81326e+08	-3.47322e+08
4.98e+07	-2.12708e+06	9.073e+06	1.72594e+08	-3.51795e+08
4.981e+07	-2.01813e+06	9.12538e+06	1.63753e+08	-3.56045e+08
4.982e+07	-1.90791e+06	9.17498e+06	1.54811e+08	-3.6007e+08
4.983e+07	-1.79651e+06	9.22177e+06	1.45771e+08	-3.63867e+08
4.984e+07	-1.68398e+06	9.26572e+06	1.3664e+08	-3.67433e+08
4.985e+07	-1.5704e+06	9.30681e+06	1.27424e+08	-3.70767e+08
4.986e+07	-1.45584e+06	9.34502e+06	1.18129e+08	-3.73867e+08
4.987e+07	-1.34037e+06	9.38031e+06	1.08759e+08	-3.7673e+08
4.988e+07	-1.22407e+06	9.41267e+06	9.93224e+07	-3.79356e+08
4.989e+07	-1.107e+06	9.44208e+06	8.98235e+07	-3.81743e+08
4.99e+07	-989245	9.46853e+06	8.02687e+07	-3.83889e+08
4.991e+07	-870874	9.492e+06	7.06638e+07	-3.85793e+08
4.992e+07	-751960	9.51247e+06	6.1015e+07	-3.87454e+08
4.993e+07	-632579	9.52993e+06	5.13283e+07	-3.88871e+08
4.994e+07	-512804	9.54438e+06	4.16096e+07	-3.90043e+08
4.995e+07	-392710	9.5558e+06	3.1865e+07	-3.9097e+08
4.996e+07	-272372	9.56419e+06	2.21006e+07	-3.91651e+08
4.997e+07	-151864	9.56954e+06	1.23224e+07	-3.92085e+08
4.998e+07	-31261.9	9.57185e+06	2.53664e+06	-3.92272e+08
4.999e+07	89359.5	9.57112e+06	-7.25075e+06	-3.92213e+08
5e+07	209925	9.56734e+06	-1.70336e+07	-3.91907e+08
5.001e+07	330361	9.56053e+06	-2.68059e+07	-3.91354e+08
5.002e+07	450591	9.55069e+06	-3.65615e+07	-3.90555e+08
5.003e+07	570540	9.53781e+06	-4.62944e+07	-3.89511e+08
5.004e+07	690135	9.52191e+06	-5.59985e+07	-3.88221e+08
5.005e+07	809301	9.50301e+06	-6.56677e+07	-3.86686e+08
5.006e+07	927962	9.48109e+06	-7.52961e+07	-3.84908e+08
5.007e+07	1.04605e+06	9.45619e+06	-8.48776e+07	-3.82888e+08
5.008e+07	1.16348e+06	9.42832e+06	-9.44062e+07	-3.80626e+08
5.009e+07	1.28019e+06	9.39749e+06	-1.03876e+08	-3.78124e+08
5.01e+07	1.3961e+06	9.36371e+06	-1.13281e+08	-3.75384e+08
5.011e+07	1.51114e+06	9.32702e+06	-1.22616e+08	-3.72407e+08
5.012e+07	1.62523e+06	9.28743e+06	-1.31874e+08	-3.69194e+08
5.013e+07	1.73832e+06	9.24496e+06	-1.41049e+08	-3.65748e+08
5.014e+07	1.85031e+06	9.19964e+06	-1.50137e+08	-3.62071e+08
5.015e+07	1.96115e+06	9.1515e+06	-1.59131e+08	-3.58164e+08
5.016e+07	2.07077e+06	9.10056e+06	-1.68025e+08	-3.54031e+08
5.017e+07	2.17909e+06	9.04685e+06	-1.76814e+08	-3.49673e+08
5.018e+07	2.28604e+06	8.99041e+06	-1.85492e+08	-3.45094e+08
5.019e+07	2.39156e+06	8.93127e+06	-1.94055e+08	-3.40295e+08
5.02e+07	2.49559e+06	8.86946e+06	-2.02495e+08	-3.3528e+08
5.021e+07	2.59804e+06	8.80502e+06	-2.10808e+08	-3.30051e+08
5.022e+07	2.69886e+06	8.73799e+06	-2.18989e+08	-3.24612e+08
5.023e+07	2.79799e+06	8.66841e+06	-2.27032e+08	-3.18966e+08
5.024e+07	2.89535e+06	8.59632e+06	-2.34933e+08	-3.13117e+08
5.025e+07	2.99089e+06	8.52176e+06	-2.42685e+08	-3.07067e+08
5.026e+07	3.08455e+06	8.44478e+06	-2.50284e+08	-3.0082e+08
5.027e+07	3.17625e+06	8.36542e+06	-2.57725e+08	-2.94381e+08
5.028e+07	3.26595e+06	8.28373e+06	-2.65004e+08	-2.87752e+08
5.029e+07	3.35359e+06	8.19976e+06	-2.72114e+08	-2.80939e+08
5.03e+07	3.43909e+06	8.11356e+06	-2.79053e+08	-2.73945e+08
5.031e+07	3.52242e+06	8.02518e+06	-2.85814e+08	-2.66774e+08
5.032e+07	3.60351e+06	7.93468e+06	-2.92394e+08	-2.5943e+08
5.033e+07	3.68231e+06	7.84211e+06	-2.98788e+08	-2.51919e+08
5.034e+07	3.75877e+06	7.74752e+06	-3.04991e+08	-2.44244e+08
5.035e+07	3.83283e+06	7.65098e+06	-3.11e+08	-2.36411e+08
5.036e+07	3.90444e+06	7.55255e+06	-3.16811e+08	-2.28423e+08
5.037e+07	3.97356e+06	7.45227e+06	-3.2242e+08	-2.20287e+08
5.038e+07	4.04013e+06	7.35023e+06	-3.27821e+08	-2.12007e+08
5.039e+07	4.10412e+06	7.24647e+06	-3.33013e+08	-2.03588e+08
5.04e+07	4.16547e+06	7.14106e+06	-3.37991e+08	-1.95035e+08
5.041e+07	4.22414e+06	7.03407e+06	-3.42752e+08	-1.86354e+08
5.042e+07	4.28009e+06	6.92557e+06	-3.47292e+08	-1.7755e+08
5.043e+07	4.33329e+06	6.81562e+06	-3.51609e+08	-1.68628e+08
5.044e+07	4.38369e+06	6.70429e+06	-3.55698e+08	-1.59595e+08
5.045e+07	4.43125e+06	6.59165e+06	-3.59557e+08	-1.50455e+08
5.046e+07	4.47594e+06	6.47778e+06	-3.63184e+08	-1.41215e+08
5.047e+07	4.51773e+06	6.36273e+06	-3.66575e+08	-1.3188e+08
5.048e+07	4.55659e+06	6.2466e+06	-3.69728e+08	-1.22457e+08
5.049e+07	4.59248e+06	6.12944e+06	-3.7264e+08	-1.12951e+08
5.05e+07	4.62538e+06	6.01134e+06	-3.75309e+08	-1.03368e+08
5.051e+07	4.65525e+06	5.89237e+06	-3.77733e+08	-9.37144e+07
5.052e+07	4.68209e+06	5.7726e+06	-3.7991e+08	-8.39966e+07
5.053e+07	4.70585e+06	5.65212e+06	-3.81839e+08	-7.42208e+07
5.054e+07	4.72653e+06	5.53101e+06	-3.83517e+08	-6.43932e+07
5.055e+07	4.7441e+06	5.40933e+06	-3.84943e+08	-5.45202e+07
5.056e+07	4.75855e+06	5.28717e+06	-3.86115e+08	-4.46082e+07
5.057e+07	4.76986e+06	5.16462e+06	-3.87033e+08	-3.46638e+07
5.058e+07	4.77802e+06	5.04174e+06	-3.87695e+08	-2.46933e+07
5.059e+07	4.78302e+06	4.91862e+06	-3.88101e+08	-1.47034e+07
5.06e+07	4.78485e+06	4.79535e+06	-3.88249e+08	-4.70069e+06
5.061e+07	4.7835e+06	4.67199e+06	-3.8814e+08	5.30826e+06
5.062e+07	4.77897e+06	4.54865e+06	-3.87772e+08	1.53168e+07
5.063e+07	4.77126e+06	4.42539e+06	-3.87146e+08	2.53182e+07
5.064e+07	4.76036e+06	4.3023e+06	-3.86262e+08	3.53059e+07
5.065e+07	4.74628e+06	4.17946e+06	-3.8512e+08	4.52731e+07
5.066e+07	4.72902e+06	4.05696e+06	-3.83719e+08	5.52131e+07
5.067e+07	4.70859e+06	3.93487e+06	-3.82061e+08	6.51192e+07
5.068e+07	4.685e+06	3.81329e+06	-3.80147e+08	7.49847e+07
5.069e+07	4.65825e+06	3.69229e+06	-3.77977e+08	8.48029e+07
5.07e+07	4.62836e+06	3.57195e+06	-3.75551e+08	9.4567e+07
5.071e+07	4.59535e+06	3.45237e+06	-3.72873e+08	1.0427e+08
5.072e+07	4.55922e+06	3.33361e+06	-3.69941e+08	1.13907e+08
5.073e+07	4.52001e+06	3.21577e+06	-3.6676e+08	1.23469e+08
5.074e+07	4.47773e+06	3.09891e+06	-3.63329e+08	1.3295e+08
5.075e+07	4.43241e+06	2.98314e+06	-3.59651e+08	1.42344e+08
5.076e+07	4.38406e+06	2.86852e+06	-3.55729e+08	1.51645e+08
5.077e+07	4.33273e+06	2.75513e+06	-3.51563e+08	1.60845e+08
5.078e+07	4.27844e+06	2.64306e+06	-3.47158e+08	1.69938e+08
5.079e+07	4.22121e+06	2.53239e+06	-3.42515e+08	1.78919e+08
5.08e+07	4.1611e+06	2.42318e+06	-3.37637e+08	1.8778e+08
5.081e+07	4.09813e+06	2.31552e+06	-3.32528e+08	1.96515e+08
5.082e+07	4.03234e+06	2.20949e+06	-3.2719e+08	2.05119e+08
5.083e+07	3.96378e+06	2.10516e+06	-3.21626e+08	2.13584e+08
5.084e+07	3.89249e+06	2.00261e+06	-3.15841e+08	2.21906e+08
5.085e+07	3.8185e+06	1.9019e+06	-3.09838e+08	2.30077e+08
5.086e+07	3.74188e+06	1.80311e+06	-3.03621e+08	2.38093e+08
5.087e+07	3.66267e+06	1.70632e+06	-2.97194e+08	2.45947e+08
5.088e+07	3.58091e+06	1.61159e+06	-2.9056e+08	2.53634e+08
5.089e+07	3.49667e+06	1.51898e+06	-2.83725e+08	2.61148e+08
5.09e+07	3.41e+06	1.42858e+06	-2.76692e+08	2.68483e+08
5.091e+07	3.32096e+06	1.34043e+06	-2.69467e+08	2.75635e+08
5.092e+07	3.2296e+06	1.25462e+06	-2.62054e+08	2.82599e+08
5.093e+07	3.13599e+06	1.17119e+06	-2.54459e+08	2.89368e+08
5.094e+07	3.04019e+06	1.09022e+06	-2.46685e+08	2.95938e+08
5.095e+07	2.94226e+06	1.01175e+06	-2.38739e+08	3.02305e+08
5.096e+07	2.84227e+06	935856	-2.30626e+08	3.08463e+08
5.097e+07	2.74029e+06	862584	-2.22351e+08	3.14409e+08
5.098e+07	2.63639e+06	791991	-2.1392e+08	3.20137e+08
5.099e+07	2.53064e+06	724127	-2.05339e+08	3.25643e+08
5.1e+07	2.4231e+06	659045	-1.96614e+08	3.30924e+08
5.101e+07	2.31386e+06	596792	-1.8775e+08	3.35975e+08
5.102e+07	2.20299e+06	537415	-1.78754e+08	3.40793e+08
5.103e+07	2.09057e+06	480958	-1.69632e+08	3.45374e+08
5.104e+07	1.97668e+06	427462	-1.6039e+08	3.49715e+08
5.105e+07	1.86138e+06	376969	-1.51035e+08	3.53812e+08
5.106e+07	1.74478e+06	329516	-1.41573e+08	3.57663e+08
5.107e+07	1.62694e+06	285138	-1.32012e+08	3.61264e+08
5.108e+07	1.50795e+06	243869	-1.22357e+08	3.64612e+08
5.109e+07	1.38789e+06	205740	-1.12615e+08	3.67706e+08
5.11e+07	1.26684e+06	170779	-1.02793e+08	3.70543e+08
5.111e+07	1.14491e+06	139014	-9.28991e+07	3.7312e+08
5.112e+07	1.02215e+06	110467	-8.2939e+07	3.75437e+08
5.113e+07	898679	85161.4	-7.292e+07	3.7749e+08
5.114e+07	774565	63114.9	-6.28492e+07	3.79279e+08
5.115e+07	649902	44344.7	-5.27339e+07	3.80802e+08
5.116e+07	524778	28865	-4.25812e+07	3.82058e+08
5.117e+07	399281	16687.5	-3.23982e+07	3.83046e+08
5.118e+07	273500	7821.39	-2.21922e+07	3.83765e+08
5.119e+07	147526	2273.42	-1.19704e+07	3.84216e+08
5.12e+07	21446	47.7912	-1.74016e+06	3.84396e+08
5.121e+07	-104649	1146.19	8.49134e+06	3.84307e+08
5.122e+07	-230669	5567.79	1.87168e+07	3.83948e+08
5.123e+07	-356526	13309.3	2.8929e+07	3.8332e+08
5.124e+07	-482129	24364.7	3.91206e+07	3.82423e+08
5.125e+07	-607390	38725.8	4.92845e+07	3.81258e+08
5.126e+07	-732220	56381.6	5.94133e+07	3.79825e+08
5.127e+07	-856531	77318.9	6.95e+07	3.78126e+08
5.128e+07	-980233	101522	7.95374e+07	3.76162e+08
5.129e+07	-1.10324e+06	128972	8.95184e+07	3.73935e+08
5.13e+07	-1.22547e+06	159649	9.94359e+07	3.71446e+08
5.131e+07	-1.34682e+06	193529	1.09283e+08	3.68697e+08
5.132e+07	-1.46722e+06	230587	1.19052e+08	3.6569e+08
5.133e+07	-1.58659e+06	270795	1.28738e+08	3.62427e+08
5.134e+07	-1.70483e+06	314122	1.38332e+08	3.58912e+08
5.135e+07	-1.82186e+06	360537	1.47828e+08	3.55146e+08
5.136e+07	-1.93761e+06	410004	1.5722e+08	3.51132e+08
5.137e+07	-2.05199e+06	462487	1.66501e+08	3.46873e+08
5.138e+07	-2.16492e+06	517945	1.75665e+08	3.42373e+08
5.139e+07	-2.27633e+06	576338	1.84704e+08	3.37635e+08
5.14e+07	-2.38613e+06	637622	1.93614e+08	3.32662e+08
5.141e+07	-2.49425e+06	701752	2.02387e+08	3.27459e+08
5.142e+07	-2.60062e+06	768679	2.11018e+08	3.22028e+08
5.143e+07	-2.70516e+06	838354	2.195e+08	3.16375e+08
5.144e+07	-2.8078e+06	910725	2.27829e+08	3.10503e+08
5.145e+07	-2.90847e+06	985739	2.35997e+08	3.04416e+08
5.146e+07	-3.00711e+06	1.06334e+06	2.44001e+08	2.98119e+08
5.147e+07	-3.10364e+06	1.14347e+06	2.51834e+08	2.91617e+08
5.148e+07	-3.198e+06	1.22608e+06	2.5949e+08	2.84915e+08
5.149e+07	-3.29013e+06	1.31109e+06	2.66966e+08	2.78016e+08
5.15e+07	-3.37997e+06	1.39845e+06	2.74255e+08	2.70928e+08
5.151e+07	-3.46745e+06	1.4881e+06	2.81354e+08	2.63653e+08
5.152e+07	-3.55252e+06	1.57997e+06	2.88256e+08	2.56199e+08
5.153e+07	-3.63513e+06	1.67399e+06	2.94959e+08	2.4857e+08
5.154e+07	-3.71521e+06	1.7701e+06	3.01457e+08	2.40772e+08
5.155e+07	-3.79272e+06	1.86822e+06	3.07746e+08	2.3281e+08
5.156e+07	-3.8676e+06	1.96829e+06	3.13822e+08	2.24691e+08
5.157e+07	-3.93981e+06	2.07023e+06	3.19681e+08	2.16419e+08
5.158e+07	-4.00931e+06	2.17397e+06	3.2532e+08	2.08001e+08
5.159e+07	-4.07604e+06	2.27943e+06	3.30735e+08	1.99444e+08
5.16e+07	-4.13997e+06	2.38655e+06	3.35922e+08	1.90752e+08
5.161e+07	-4.20105e+06	2.49524e+06	3.40879e+08	1.81933e+08
5.162e+07	-4.25926e+06	2.60543e+06	3.45602e+08	1.72992e+08
5.163e+07	-4.31455e+06	2.71704e+06	3.50088e+08	1.63936e+08
5.164e+07	-4.36689e+06	2.82999e+06	3.54335e+08	1.54771e+08
5.165e+07	-4.41625e+06	2.94421e+06	3.5834e+08	1.45503e+08
5.166e+07	-4.4626e+06	3.0596e+06	3.62101e+08	1.3614e+08
5.167e+07	-4.50592e+06	3.1761e+06	3.65616e+08	1.26687e+08
5.168e+07	-4.54617e+06	3.29362e+06	3.68882e+08	1.17151e+08
5.169e+07	-4.58334e+06	3.41208e+06	3.71898e+08	1.07539e+08
5.17e+07	-4.61741e+06	3.5314e+06	3.74663e+08	9.78575e+07
5.171e+07	-4.64836e+06	3.6515e+06	3.77174e+08	8.81128e+07
5.172e+07	-4.67617e+06	3.77228e+06	3.79431e+08	7.83119e+07
5.173e+07	-4.70084e+06	3.89368e+06	3.81432e+08	6.84615e+07
5.174e+07	-4.72234e+06	4.01561e+06	3.83177e+08	5.85681e+07
5.175e+07	-4.74067e+06	4.13798e+06	3.84664e+08	4.86385e+07
5.176e+07	-4.75583e+06	4.26072e+06	3.85894e+08	3.86795e+07
5.177e+07	-4.7678e+06	4.38374e+06	3.86866e+08	2.86977e+07
5.178e+07	-4.77659e+06	4.50695e+06	3.87579e+08	1.86999e+07
5.179e+07	-4.7822e+06	4.63028e+06	3.88034e+08	8.69276e+06
5.18e+07	-4.78462e+06	4.75365e+06	3.8823e+08	-1.31706e+06
5.181e+07	-4.78387e+06	4.87696e+06	3.88169e+08	-1.13229e+07
5.182e+07	-4.77994e+06	5.00014e+06	3.8785e+08	-2.13181e+07
5.183e+07	-4.77284e+06	5.12311e+06	3.87275e+08	-3.12962e+07
5.184e+07	-4.7626e+06	5.24579e+06	3.86443e+08	-4.12504e+07
5.185e+07	-4.74921e+06	5.3681e+06	3.85357e+08	-5.11744e+07
5.186e+07	-4.73269e+06	5.48995e+06	3.84016e+08	-6.10615e+07
5.187e+07	-4.71306e+06	5.61127e+06	3.82423e+08	-7.09054e+07
5.188e+07	-4.69033e+06	5.73197e+06	3.80579e+08	-8.06997e+07
5.189e+07	-4.66453e+06	5.85199e+06	3.78486e+08	-9.0438e+07
5.19e+07	-4.63568e+06	5.97124e+06	3.76145e+08	-1.00114e+08
5.191e+07	-4.6038e+06	6.08965e+06	3.73558e+08	-1.09722e+08
5.192e+07	-4.56891e+06	6.20713e+06	3.70728e+08	-1.19255e+08
5.193e+07	-4.53106e+06	6.32362e+06	3.67656e+08	-1.28707e+08
5.194e+07	-4.49025e+06	6.43905e+06	3.64345e+08	-1.38073e+08
5.195e+07	-4.44654e+06	6.55333e+06	3.60798e+08	-1.47346e+08
5.196e+07	-4.39994e+06	6.6664e+06	3.57017e+08	-1.5652e+08
5.197e+07	-4.35049e+06	6.77818e+06	3.53005e+08	-1.6559e+08
5.198e+07	-4.29824e+06	6.88861e+06	3.48764e+08	-1.74551e+08
5.199e+07	-4.24321e+06	6.99761e+06	3.44299e+08	-1.83395e+08
5.2e+07	-4.18544e+06	7.10512e+06	3.39612e+08	-1.92119e+08
5.201e+07	-4.12499e+06	7.21107e+06	3.34707e+08	-2.00715e+08
5.202e+07	-4.06189e+06	7.31539e+06	3.29587e+08	-2.0918e+08
5.203e+07	-3.99618e+06	7.41803e+06	3.24255e+08	-2.17508e+08
5.204e+07	-3.92792e+06	7.51891e+06	3.18716e+08	-2.25694e+08
5.205e+07	-3.85714e+06	7.61797e+06	3.12973e+08	-2.33732e+08
5.206e+07	-3.7839e+06	7.71516e+06	3.0703e+08	-2.41618e+08
5.207e+07	-3.70824e+06	7.81041e+06	3.00892e+08	-2.49347e+08
5.208e+07	-3.63023e+06	7.90367e+06	2.94561e+08	-2.56914e+08
5.209e+07	-3.5499e+06	7.99488e+06	2.88044e+08	-2.64315e+08
5.21e+07	-3.46732e+06	8.08398e+06	2.81343e+08	-2.71545e+08
5.211e+07	-3.38254e+06	8.17092e+06	2.74464e+08	-2.78599e+08
5.212e+07	-3.29562e+06	8.25565e+06	2.67411e+08	-2.85475e+08
5.213e+07	-3.20661e+06	8.33812e+06	2.60188e+08	-2.92166e+08
5.214e+07	-3.11557e+06	8.41827e+06	2.52801e+08	-2.9867e+08
5.215e+07	-3.02256e+06	8.49606e+06	2.45255e+08	-3.04982e+08
5.216e+07	-2.92765e+06	8.57145e+06	2.37553e+08	-3.11098e+08
5.217e+07	-2.83089e+06	8.64438e+06	2.29702e+08	-3.17016e+08
5.218e+07	-2.73235e+06	8.71481e+06	2.21707e+08	-3.22731e+08
5.219e+07	-2.63209e+06	8.78271e+06	2.13572e+08	-3.2824e+08
5.22e+07	-2.53018e+06	8.84803e+06	2.05302e+08	-3.3354e+08
5.221e+07	-2.42668e+06	8.91073e+06	1.96904e+08	-3.38628e+08
5.222e+07	-2.32165e+06	8.97077e+06	1.88382e+08	-3.435e+08
5.223e+07	-2.21517e+06	9.02813e+06	1.79742e+08	-3.48154e+08
5.224e+07	-2.10731e+06	9.08276e+06	1.7099e+08	-3.52587e+08
5.225e+07	-1.99812e+06	9.13464e+06	1.6213e+08	-3.56796e+08
5.226e+07	-1.88768e+06	9.18373e+06	1.53169e+08	-3.60779e+08
5.227e+07	-1.77607e+06	9.23e+06	1.44112e+08	-3.64534e+08
5.228e+07	-1.66334e+06	9.27343e+06	1.34966e+08	-3.68058e+08
5.229e+07	-1.54958e+06	9.314e+06	1.25735e+08	-3.7135e+08
5.23e+07	-1.43485e+06	9.35167e+06	1.16425e+08	-3.74407e+08
5.231e+07	-1.31922e+06	9.38643e+06	1.07043e+08	-3.77227e+08
5.232e+07	-1.20277e+06	9.41826e+06	9.75945e+07	-3.7981e+08
5.233e+07	-1.08557e+06	9.44713e+06	8.80849e+07	-3.82152e+08
5.234e+07	-967701	9.47303e+06	7.85205e+07	-3.84254e+08
5.235e+07	-849225	9.49595e+06	6.89072e+07	-3.86114e+08
5.236e+07	-730220	9.51588e+06	5.9251e+07	-3.87731e+08
5.237e+07	-610762	9.53279e+06	4.9558e+07	-3.89103e+08
5.238e+07	-490923	9.54669e+06	3.98341e+07	-3.90231e+08
5.239e+07	-370779	9.55755e+06	3.00855e+07	-3.91112e+08
5.24e+07	-250404	9.56539e+06	2.03181e+07	-3.91748e+08
5.241e+07	-129874	9.57018e+06	1.05381e+07	-3.92137e+08
5.242e+07	-9262.53	9.57194e+06	751574	-3.9228e+08
5.243e+07	111354	9.57066e+06	-9.03544e+06	-3.92175e+08
5.244e+07	231902	9.56633e+06	-1.88168e+07	-3.91824e+08
5.245e+07	352305	9.55896e+06	-2.85865e+07	-3.91227e+08
5.246e+07	472490	9.54856e+06	-3.83384e+07	-3.90383e+08
5.247e+07	592380	9.53514e+06	-4.80665e+07	-3.89294e+08
5.248e+07	711902	9.51869e+06	-5.77647e+07	-3.87959e+08
5.249e+07	830982	9.49923e+06	-6.74269e+07	-3.8638e+08
5.25e+07	949544	9.47677e+06	-7.70472e+07	-3.84558e+08
5.251e+07	1.06751e+06	9.45133e+06	-8.66195e+07	-3.82493e+08
5.252e+07	1.18482e+06	9.42292e+06	-9.61379e+07	-3.80188e+08
5.253e+07	1.30139e+06	9.39155e+06	-1.05596e+08	-3.77642e+08
5.254e+07	1.41714e+06	9.35724e+06	-1.14989e+08	-3.74859e+08
5.255e+07	1.53202e+06	9.32002e+06	-1.2431e+08	-3.71838e+08
5.256e+07	1.64594e+06	9.2799e+06	-1.33553e+08	-3.68583e+08
5.257e+07	1.75883e+06	9.23691e+06	-1.42713e+08	-3.65095e+08
5.258e+07	1.87062e+06	9.19107e+06	-1.51784e+08	-3.61375e+08
5.259e+07	1.98124e+06	9.14242e+06	-1.6076e+08	-3.57428e+08
5.26e+07	2.09062e+06	9.09097e+06	-1.69636e+08	-3.53253e+08
5.261e+07	2.1987e+06	9.03676e+06	-1.78405e+08	-3.48855e+08
5.262e+07	2.3054e+06	8.97983e+06	-1.87063e+08	-3.44235e+08
5.263e+07	2.41065e+06	8.9202e+06	-1.95603e+08	-3.39396e+08
5.264e+07	2.51439e+06	8.85791e+06	-2.04021e+08	-3.34342e+08
5.265e+07	2.61655e+06	8.79299e+06	-2.1231e+08	-3.29075e+08
5.266e+07	2.71707e+06	8.72549e+06	-2.20467e+08	-3.23598e+08
5.267e+07	2.81588e+06	8.65545e+06	-2.28484e+08	-3.17915e+08
5.268e+07	2.91292e+06	8.5829e+06	-2.36358e+08	-3.12028e+08
5.269e+07	3.00812e+06	8.5079e+06	-2.44083e+08	-3.05942e+08
5.27e+07	3.10142e+06	8.43048e+06	-2.51653e+08	-2.9966e+08
5.271e+07	3.19277e+06	8.35069e+06	-2.59065e+08	-2.93186e+08
5.272e+07	3.28209e+06	8.26858e+06	-2.66313e+08	-2.86523e+08
5.273e+07	3.36934e+06	8.1842e+06	-2.73393e+08	-2.79677e+08
5.274e+07	3.45446e+06	8.0976e+06	-2.80299e+08	-2.7265e+08
5.275e+07	3.53738e+06	8.00883e+06	-2.87028e+08	-2.65447e+08
5.276e+07	3.61806e+06	7.91795e+06	-2.93574e+08	-2.58073e+08
5.277e+07	3.69643e+06	7.825e+06	-2.99933e+08	-2.50531e+08
5.278e+07	3.77245e+06	7.73006e+06	-3.06102e+08	-2.42827e+08
5.279e+07	3.84607e+06	7.63317e+06	-3.12075e+08	-2.34965e+08
5.28e+07	3.91723e+06	7.53439e+06	-3.17849e+08	-2.2695e+08
5.281e+07	3.98589e+06	7.43379e+06	-3.2342e+08	-2.18788e+08
5.282e+07	4.05199e+06	7.33143e+06	-3.28784e+08	-2.10482e+08
5.283e+07	4.1155e+06	7.22737e+06	-3.33937e+08	-2.02038e+08
5.284e+07	4.17637e+06	7.12167e+06	-3.38876e+08	-1.93461e+08
5.285e+07	4.23455e+06	7.0144e+06	-3.43597e+08	-1.84757e+08
5.286e+07	4.29e+06	6.90563e+06	-3.48096e+08	-1.75931e+08
5.287e+07	4.34269e+06	6.79542e+06	-3.52372e+08	-1.66989e+08
5.288e+07	4.39257e+06	6.68384e+06	-3.56419e+08	-1.57936e+08
5.289e+07	4.43962e+06	6.57097e+06	-3.60236e+08	-1.48777e+08
5.29e+07	4.48378e+06	6.45688e+06	-3.6382e+08	-1.3952e+08
5.291e+07	4.52504e+06	6.34163e+06	-3.67168e+08	-1.30168e+08
5.292e+07	4.56336e+06	6.2253e+06	-3.70277e+08	-1.20729e+08
5.293e+07	4.5987e+06	6.10797e+06	-3.73145e+08	-1.11209e+08
5.294e+07	4.63105e+06	5.9897e+06	-3.75769e+08	-1.01612e+08
5.295e+07	4.66037e+06	5.87058e+06	-3.78149e+08	-9.19467e+07
5.296e+07	4.68665e+06	5.75068e+06	-3.80281e+08	-8.22179e+07
5.297e+07	4.70985e+06	5.63008e+06	-3.82164e+08	-7.24321e+07
5.298e+07	4.72997e+06	5.50886e+06	-3.83796e+08	-6.25958e+07
5.299e+07	4.74697e+06	5.38709e+06	-3.85175e+08	-5.27152e+07
5.3e+07	4.76085e+06	5.26485e+06	-3.86301e+08	-4.27968e+07
5.301e+07	4.77159e+06	5.14223e+06	-3.87173e+08	-3.28471e+07
5.302e+07	4.77917e+06	5.0193e+06	-3.87788e+08	-2.28726e+07
5.303e+07	4.78359e+06	4.89615e+06	-3.88147e+08	-1.28799e+07
5.304e+07	4.78484e+06	4.77285e+06	-3.88248e+08	-2.87555e+06
5.305e+07	4.78291e+06	4.6495e+06	-3.88092e+08	7.13382e+06
5.306e+07	4.7778e+06	4.52616e+06	-3.87677e+08	1.71416e+07
5.307e+07	4.76951e+06	4.40292e+06	-3.87004e+08	2.7141e+07
5.308e+07	4.75803e+06	4.27987e+06	-3.86073e+08	3.71254e+07
5.309e+07	4.74337e+06	4.15709e+06	-3.84883e+08	4.70882e+07
5.31e+07	4.72553e+06	4.03466e+06	-3.83436e+08	5.70225e+07
5.311e+07	4.70453e+06	3.91266e+06	-3.81731e+08	6.69217e+07
5.312e+07	4.68036e+06	3.79118e+06	-3.7977e+08	7.67791e+07
5.313e+07	4.65303e+06	3.67029e+06	-3.77553e+08	8.65879e+07
5.314e+07	4.62257e+06	3.55009e+06	-3.75082e+08	9.63415e+07
5.315e+07	4.58899e+06	3.43064e+06	-3.72357e+08	1.06033e+08
5.316e+07	4.5523e+06	3.31205e+06	-3.6938e+08	1.15656e+08
5.317e+07	4.51253e+06	3.19438e+06	-3.66152e+08	1.25204e+08
5.318e+07	4.46969e+06	3.07772e+06	-3.62677e+08	1.3467e+08
5.319e+07	4.42381e+06	2.96215e+06	-3.58954e+08	1.44048e+08
5.32e+07	4.37492e+06	2.84775e+06	-3.54987e+08	1.5333e+08
5.321e+07	4.32305e+06	2.73459e+06	-3.50778e+08	1.62511e+08
5.322e+07	4.26822e+06	2.62277e+06	-3.46329e+08	1.71585e+08
5.323e+07	4.21047e+06	2.51236e+06	-3.41643e+08	1.80544e+08
5.324e+07	4.14983e+06	2.40343e+06	-3.36722e+08	1.89383e+08
5.325e+07	4.08634e+06	2.29606e+06	-3.31571e+08	1.98094e+08
5.326e+07	4.02005e+06	2.19034e+06	-3.26192e+08	2.06673e+08
5.327e+07	3.95098e+06	2.08632e+06	-3.20588e+08	2.15113e+08
5.328e+07	3.87919e+06	1.9841e+06	-3.14763e+08	2.23407e+08
5.329e+07	3.80472e+06	1.88374e+06	-3.0872e+08	2.31551e+08
5.33e+07	3.72763e+06	1.78531e+06	-3.02464e+08	2.39538e+08
5.331e+07	3.64794e+06	1.68889e+06	-2.95999e+08	2.47362e+08
5.332e+07	3.56573e+06	1.59454e+06	-2.89328e+08	2.55017e+08
5.333e+07	3.48105e+06	1.50233e+06	-2.82457e+08	2.62499e+08
5.334e+07	3.39394e+06	1.41233e+06	-2.75389e+08	2.69802e+08
5.335e+07	3.30447e+06	1.32461e+06	-2.68129e+08	2.7692e+08
5.336e+07	3.2127e+06	1.23922e+06	-2.60682e+08	2.83848e+08
5.337e+07	3.11868e+06	1.15624e+06	-2.53054e+08	2.90581e+08
5.338e+07	3.02249e+06	1.07572e+06	-2.45249e+08	2.97115e+08
5.339e+07	2.92418e+06	997717	-2.37272e+08	3.03444e+08
5.34e+07	2.82382e+06	922296	-2.29129e+08	3.09564e+08
5.341e+07	2.72148e+06	849508	-2.20825e+08	3.1547e+08
5.342e+07	2.61724e+06	779409	-2.12366e+08	3.21158e+08
5.343e+07	2.51115e+06	712049	-2.03758e+08	3.26623e+08
5.344e+07	2.4033e+06	647479	-1.95007e+08	3.31863e+08
5.345e+07	2.29376e+06	585747	-1.86119e+08	3.36872e+08
5.346e+07	2.1826e+06	526899	-1.77099e+08	3.41647e+08
5.347e+07	2.06991e+06	470979	-1.67955e+08	3.46184e+08
5.348e+07	1.95575e+06	418028	-1.58692e+08	3.50481e+08
5.349e+07	1.84021e+06	368087	-1.49317e+08	3.54533e+08
5.35e+07	1.72338e+06	321192	-1.39837e+08	3.58338e+08
5.351e+07	1.60532e+06	277379	-1.30258e+08	3.61893e+08
5.352e+07	1.48613e+06	236680	-1.20586e+08	3.65195e+08
5.353e+07	1.36588e+06	199127	-1.10829e+08	3.68243e+08
5.354e+07	1.24467e+06	164747	-1.00994e+08	3.71032e+08
5.355e+07	1.12258e+06	133567	-9.10873e+07	3.73562e+08
5.356e+07	999687	105610	-8.11159e+07	3.75831e+08
5.357e+07	876088	80897.1	-7.10869e+07	3.77836e+08
5.358e+07	751868	59446.9	-6.10075e+07	3.79576e+08
5.359e+07	627114	41275.9	-5.08849e+07	3.81051e+08
5.36e+07	501915	26397.6	-4.07261e+07	3.82258e+08
5.361e+07	376360	14823.4	-3.05383e+07	3.83197e+08
5.362e+07	250537	6562.02	-2.03289e+07	3.83868e+08
5.363e+07	124537	1619.73	-1.01051e+07	3.84269e+08
5.364e+07	-1552.38	0.272385	125962	3.844e+08
5.365e+07	-127640	1704.89	1.03569e+07	3.84262e+08
5.366e+07	-253638	6732.28	2.05805e+07	3.83854e+08
5.367e+07	-379455	15078.6	3.07894e+07	3.83176e+08
5.368e+07	-505002	26737.7	4.09765e+07	3.8223e+08
5.369e+07	-630191	41700.5	5.11346e+07	3.81016e+08
5.37e+07	-754933	59955.9	6.12563e+07	3.79535e+08
5.371e+07	-879139	81490	7.13345e+07	3.77788e+08
5.372e+07	-1.00272e+06	106286	8.13621e+07	3.75776e+08
5.373e+07	-1.12559e+06	134327	9.1332e+07	3.73501e+08
5.374e+07	-1.24767e+06	165589	1.01237e+08	3.70964e+08
5.375e+07	-1.36885e+06	200051	1.11071e+08	3.68168e+08
5.376e+07	-1.48907e+06	237686	1.20825e+08	3.65114e+08
5.377e+07	-1.60824e+06	278465	1.30495e+08	3.61805e+08
5.378e+07	-1.72627e+06	322358	1.40071e+08	3.58243e+08
5.379e+07	-1.84307e+06	369332	1.49549e+08	3.54432e+08
5.38e+07	-1.95858e+06	419352	1.58922e+08	3.50373e+08
5.381e+07	-2.0727e+06	472381	1.68181e+08	3.4607e+08
5.382e+07	-2.18536e+06	528377	1.77323e+08	3.41527e+08
5.383e+07	-2.29648e+06	587301	1.86339e+08	3.36746e+08
5.384e+07	-2.40598e+06	649107	1.95224e+08	3.31731e+08
5.385e+07	-2.51378e+06	713751	2.03972e+08	3.26485e+08
5.386e+07	-2.61982e+06	781182	2.12576e+08	3.21014e+08
5.387e+07	-2.72402e+06	851353	2.21031e+08	3.1532e+08
5.388e+07	-2.82631e+06	924210	2.29331e+08	3.09408e+08
5.389e+07	-2.92662e+06	999701	2.3747e+08	3.03283e+08
5.39e+07	-3.02487e+06	1.07777e+06	2.45442e+08	2.96948e+08
5.391e+07	-3.12102e+06	1.15836e+06	2.53243e+08	2.9041e+08
5.392e+07	-3.21498e+06	1.2414e+06	2.60867e+08	2.83671e+08
5.393e+07	-3.30669e+06	1.32685e+06	2.68309e+08	2.76738e+08
5.394e+07	-3.3961e+06	1.41464e+06	2.75564e+08	2.69615e+08
5.395e+07	-3.48315e+06	1.50469e+06	2.82627e+08	2.62307e+08
5.396e+07	-3.56777e+06	1.59696e+06	2.89494e+08	2.54821e+08
5.397e+07	-3.64992e+06	1.69137e+06	2.96159e+08	2.4716e+08
5.398e+07	-3.72954e+06	1.78785e+06	3.02619e+08	2.39332e+08
5.399e+07	-3.80657e+06	1.88633e+06	3.0887e+08	2.31341e+08
5.4e+07	-3.88097e+06	1.98674e+06	3.14907e+08	2.23193e+08
5.401e+07	-3.95269e+06	2.08901e+06	3.20726e+08	2.14895e+08
5.402e+07	-4.02168e+06	2.19308e+06	3.26325e+08	2.06451e+08
5.403e+07	-4.08791e+06	2.29885e+06	3.31698e+08	1.97868e+08
5.404e+07	-4.15132e+06	2.40626e+06	3.36844e+08	1.89153e+08
5.405e+07	-4.21189e+06	2.51523e+06	3.41758e+08	1.80311e+08
5.406e+07	-4.26956e+06	2.62568e+06	3.46438e+08	1.71349e+08
5.407e+07	-4.32432e+06	2.73754e+06	3.50881e+08	1.62272e+08
5.408e+07	-4.37612e+06	2.85073e+06	3.55084e+08	1.53088e+08
5.409e+07	-4.42493e+06	2.96517e+06	3.59045e+08	1.43802e+08
5.41e+07	-4.47073e+06	3.08077e+06	3.62761e+08	1.34422e+08
5.411e+07	-4.51349e+06	3.19746e+06	3.6623e+08	1.24954e+08
5.412e+07	-4.55318e+06	3.31516e+06	3.69451e+08	1.15404e+08
5.413e+07	-4.58979e+06	3.43378e+06	3.72421e+08	1.05778e+08
5.414e+07	-4.62329e+06	3.55325e+06	3.7514e+08	9.60848e+07
5.415e+07	-4.65367e+06	3.67348e+06	3.77605e+08	8.63294e+07
5.416e+07	-4.68091e+06	3.79438e+06	3.79815e+08	7.65189e+07
5.417e+07	-4.705e+06	3.91588e+06	3.81769e+08	6.66601e+07
5.418e+07	-4.72592e+06	4.0379e+06	3.83467e+08	5.67596e+07
5.419e+07	-4.74367e+06	4.16034e+06	3.84908e+08	4.68242e+07
5.42e+07	-4.75825e+06	4.28314e+06	3.86091e+08	3.68605e+07
5.421e+07	-4.76964e+06	4.4062e+06	3.87015e+08	2.68753e+07
5.422e+07	-4.77785e+06	4.52944e+06	3.87681e+08	1.68753e+07
5.423e+07	-4.78288e+06	4.65278e+06	3.88089e+08	6.8672e+06
5.424e+07	-4.78472e+06	4.77614e+06	3.88239e+08	-3.1424e+06
5.425e+07	-4.78339e+06	4.89944e+06	3.8813e+08	-1.31468e+07
5.426e+07	-4.77888e+06	5.02259e+06	3.87765e+08	-2.31394e+07
5.427e+07	-4.77121e+06	5.14551e+06	3.87142e+08	-3.31136e+07
5.428e+07	-4.76039e+06	5.26813e+06	3.86264e+08	-4.30628e+07
5.429e+07	-4.74643e+06	5.39036e+06	3.85131e+08	-5.29805e+07
5.43e+07	-4.72934e+06	5.51212e+06	3.83745e+08	-6.28602e+07
5.431e+07	-4.70914e+06	5.63333e+06	3.82106e+08	-7.26956e+07
5.432e+07	-4.68585e+06	5.75391e+06	3.80216e+08	-8.24801e+07
5.433e+07	-4.65949e+06	5.8738e+06	3.78077e+08	-9.22076e+07
5.434e+07	-4.63009e+06	5.9929e+06	3.75691e+08	-1.01872e+08
5.435e+07	-4.59766e+06	6.11114e+06	3.7306e+08	-1.11466e+08
5.436e+07	-4.56223e+06	6.22845e+06	3.70185e+08	-1.20985e+08
5.437e+07	-4.52383e+06	6.34476e+06	3.6707e+08	-1.30422e+08
5.438e+07	-4.4825e+06	6.45998e+06	3.63716e+08	-1.39771e+08
5.439e+07	-4.43825e+06	6.57404e+06	3.60126e+08	-1.49027e+08
5.44e+07	-4.39113e+06	6.68688e+06	3.56302e+08	-1.58182e+08
5.441e+07	-4.34117e+06	6.79842e+06	3.52248e+08	-1.67233e+08
5.442e+07	-4.2884e+06	6.9086e+06	3.47967e+08	-1.76172e+08
5.443e+07	-4.23287e+06	7.01733e+06	3.43461e+08	-1.84995e+08
5.444e+07	-4.17462e+06	7.12456e+06	3.38734e+08	-1.93696e+08
5.445e+07	-4.11368e+06	7.23022e+06	3.33789e+08	-2.02269e+08
5.446e+07	-4.0501e+06	7.33424e+06	3.2863e+08	-2.1071e+08
5.447e+07	-3.98392e+06	7.43656e+06	3.23261e+08	-2.19012e+08
5.448e+07	-3.91519e+06	7.53711e+06	3.17684e+08	-2.27171e+08
5.449e+07	-3.84396e+06	7.63584e+06	3.11904e+08	-2.35182e+08
5.45e+07	-3.77028e+06	7.73268e+06	3.05925e+08	-2.4304e+08
5.451e+07	-3.69419e+06	7.82757e+06	2.99751e+08	-2.50739e+08
5.452e+07	-3.61575e+06	7.92046e+06	2.93387e+08	-2.58277e+08
5.453e+07	-3.53501e+06	8.01129e+06	2.86835e+08	-2.65646e+08
5.454e+07	-3.45202e+06	8.1e+06	2.80102e+08	-2.72845e+08
5.455e+07	-3.36685e+06	8.18654e+06	2.7319e+08	-2.79867e+08
5.456e+07	-3.27954e+06	8.27086e+06	2.66106e+08	-2.86709e+08
5.457e+07	-3.19015e+06	8.35291e+06	2.58853e+08	-2.93366e+08
5.458e+07	-3.09875e+06	8.43264e+06	2.51437e+08	-2.99835e+08
5.459e+07	-3.00539e+06	8.50999e+06	2.43862e+08	-3.06112e+08
5.46e+07	-2.91014e+06	8.58493e+06	2.36133e+08	-3.12193e+08
5.461e+07	-2.81305e+06	8.65741e+06	2.28255e+08	-3.18074e+08
5.462e+07	-2.71419e+06	8.72739e+06	2.20233e+08	-3.23751e+08
5.463e+07	-2.61363e+06	8.79481e+06	2.12073e+08	-3.29223e+08
5.464e+07	-2.51142e+06	8.85966e+06	2.0378e+08	-3.34484e+08
5.465e+07	-2.40764e+06	8.92188e+06	1.95359e+08	-3.39533e+08
5.466e+07	-2.30234e+06	8.98143e+06	1.86815e+08	-3.44365e+08
5.467e+07	-2.1956e+06	9.03829e+06	1.78154e+08	-3.48979e+08
5.468e+07	-2.08749e+06	9.09243e+06	1.69382e+08	-3.53371e+08
5.469e+07	-1.97807e+06	9.1438e+06	1.60503e+08	-3.5754e+08
5.47e+07	-1.86741e+06	9.19238e+06	1.51524e+08	-3.61481e+08
5.471e+07	-1.75559e+06	9.23813e+06	1.42451e+08	-3.65194e+08
5.472e+07	-1.64267e+06	9.28104e+06	1.33288e+08	-3.68676e+08
5.473e+07	-1.52872e+06	9.32108e+06	1.24042e+08	-3.71925e+08
5.474e+07	-1.41382e+06	9.35823e+06	1.14719e+08	-3.74939e+08
5.475e+07	-1.29804e+06	9.39245e+06	1.05325e+08	-3.77716e+08
5.476e+07	-1.18145e+06	9.42374e+06	9.58645e+07	-3.80255e+08
5.477e+07	-1.06413e+06	9.45208e+06	8.63445e+07	-3.82554e+08
5.478e+07	-946136	9.47744e+06	7.67707e+07	-3.84612e+08
5.479e+07	-827558	9.49981e+06	6.71492e+07	-3.86427e+08
5.48e+07	-708466	9.51919e+06	5.74858e+07	-3.87999e+08
5.481e+07	-588932	9.53555e+06	4.77867e+07	-3.89327e+08
5.482e+07	-469032	9.54889e+06	3.80579e+07	-3.9041e+08
5.483e+07	-348840	9.55921e+06	2.83053e+07	-3.91247e+08
5.484e+07	-228431	9.56649e+06	1.85352e+07	-3.91837e+08
5.485e+07	-107881	9.57073e+06	8.75358e+06	-3.92182e+08
5.486e+07	12737.1	9.57193e+06	-1.0335e+06	-3.92279e+08
5.487e+07	133347	9.57009e+06	-1.08199e+07	-3.9213e+08
5.488e+07	253874	9.56521e+06	-2.05997e+07	-3.91734e+08
5.489e+07	374243	9.55729e+06	-3.03666e+07	-3.91091e+08
5.49e+07	494379	9.54634e+06	-4.01146e+07	-3.90203e+08
5.491e+07	614208	9.53236e+06	-4.98377e+07	-3.89068e+08
5.492e+07	733655	9.51537e+06	-5.95297e+07	-3.87689e+08
5.493e+07	852645	9.49536e+06	-6.91848e+07	-3.86066e+08
5.494e+07	971105	9.47236e+06	-7.87967e+07	-3.84199e+08
5.495e+07	1.08896e+06	9.44637e+06	-8.83596e+07	-3.82091e+08
5.496e+07	1.20614e+06	9.41741e+06	-9.78675e+07	-3.79741e+08
5.497e+07	1.32256e+06	9.38551e+06	-1.07314e+08	-3.77152e+08
5.498e+07	1.43816e+06	9.35067e+06	-1.16694e+08	-3.74325e+08
5.499e+07	1.55287e+06	9.31291e+06	-1.26002e+08	-3.71262e+08
5.5e+07	1.6666e+06	9.27227e+06	-1.3523e+08	-3.67964e+08
5.501e+07	1.7793e+06	9.22876e+06	-1.44375e+08	-3.64434e+08
5.502e+07	1.89088e+06	9.18241e+06	-1.53429e+08	-3.60672e+08
5.503e+07	2.00128e+06	9.13324e+06	-1.62387e+08	-3.56683e+08
5.504e+07	2.11043e+06	9.08129e+06	-1.71243e+08	-3.52468e+08
5.505e+07	2.21826e+06	9.02658e+06	-1.79993e+08	-3.48029e+08
5.506e+07	2.3247e+06	8.96915e+06	-1.88629e+08	-3.43369e+08
5.507e+07	2.42968e+06	8.90903e+06	-1.97148e+08	-3.38491e+08
5.508e+07	2.53314e+06	8.84626e+06	-2.05542e+08	-3.33397e+08
5.509e+07	2.63501e+06	8.78087e+06	-2.13808e+08	-3.28091e+08
5.51e+07	2.73522e+06	8.71291e+06	-2.21939e+08	-3.22577e+08
5.511e+07	2.83371e+06	8.64241e+06	-2.29931e+08	-3.16856e+08
5.512e+07	2.93042e+06	8.56941e+06	-2.37778e+08	-3.10933e+08
5.513e+07	3.02528e+06	8.49396e+06	-2.45475e+08	-3.04811e+08
5.514e+07	3.11823e+06	8.4161e+06	-2.53017e+08	-2.98494e+08
5.515e+07	3.20921e+06	8.33589e+06	-2.60399e+08	-2.91985e+08
5.516e+07	3.29816e+06	8.25336e+06	-2.67617e+08	-2.85288e+08
5.517e+07	3.38503e+06	8.16857e+06	-2.74665e+08	-2.78409e+08
5.518e+07	3.46974e+06	8.08157e+06	-2.8154e+08	-2.71349e+08
5.519e+07	3.55226e+06	7.99241e+06	-2.88235e+08	-2.64115e+08
5.52e+07	3.63252e+06	7.90115e+06	-2.94748e+08	-2.5671e+08
5.521e+07	3.71047e+06	7.80784e+06	-3.01073e+08	-2.49138e+08
5.522e+07	3.78606e+06	7.71253e+06	-3.07206e+08	-2.41405e+08
5.523e+07	3.85923e+06	7.61529e+06	-3.13143e+08	-2.33515e+08
5.524e+07	3.92994e+06	7.51618e+06	-3.18881e+08	-2.25473e+08
5.525e+07	3.99814e+06	7.41525e+06	-3.24414e+08	-2.17283e+08
5.526e+07	4.06377e+06	7.31257e+06	-3.2974e+08	-2.08952e+08
5.527e+07	4.1268e+06	7.20821e+06	-3.34854e+08	-2.00483e+08
5.528e+07	4.18718e+06	7.10222e+06	-3.39753e+08	-1.91883e+08
5.529e+07	4.24487e+06	6.99467e+06	-3.44434e+08	-1.83157e+08
5.53e+07	4.29982e+06	6.88563e+06	-3.48893e+08	-1.74309e+08
5.531e+07	4.352e+06	6.77517e+06	-3.53127e+08	-1.65346e+08
5.532e+07	4.40137e+06	6.66335e+06	-3.57133e+08	-1.56273e+08
5.533e+07	4.44789e+06	6.55025e+06	-3.60907e+08	-1.47096e+08
5.534e+07	4.49153e+06	6.43594e+06	-3.64448e+08	-1.37821e+08
5.535e+07	4.53225e+06	6.32049e+06	-3.67753e+08	-1.28453e+08
5.536e+07	4.57002e+06	6.20398e+06	-3.70818e+08	-1.18999e+08
5.537e+07	4.60483e+06	6.08647e+06	-3.73642e+08	-1.09464e+08
5.538e+07	4.63662e+06	5.96804e+06	-3.76222e+08	-9.98545e+07
5.539e+07	4.66539e+06	5.84877e+06	-3.78556e+08	-9.01769e+07
5.54e+07	4.69111e+06	5.72874e+06	-3.80643e+08	-8.04372e+07
5.541e+07	4.71375e+06	5.60802e+06	-3.8248e+08	-7.06418e+07
5.542e+07	4.7333e+06	5.48669e+06	-3.84066e+08	-6.07969e+07
5.543e+07	4.74973e+06	5.36483e+06	-3.854e+08	-5.09089e+07
5.544e+07	4.76304e+06	5.24251e+06	-3.86479e+08	-4.09843e+07
5.545e+07	4.7732e+06	5.11983e+06	-3.87304e+08	-3.10296e+07
5.546e+07	4.78021e+06	4.99686e+06	-3.87873e+08	-2.10513e+07
5.547e+07	4.78406e+06	4.87367e+06	-3.88185e+08	-1.1056e+07
5.548e+07	4.78473e+06	4.75036e+06	-3.88239e+08	-1.05024e+06
5.549e+07	4.78222e+06	4.627e+06	-3.88036e+08	8.95933e+06
5.55e+07	4.77653e+06	4.50367e+06	-3.87574e+08	1.89661e+07
5.551e+07	4.76765e+06	4.38047e+06	-3.86854e+08	2.89633e+07
5.552e+07	4.7556e+06	4.25746e+06	-3.85875e+08	3.89442e+07
5.553e+07	4.74036e+06	4.13473e+06	-3.84639e+08	4.89023e+07
5.554e+07	4.72194e+06	4.01237e+06	-3.83144e+08	5.88307e+07
5.555e+07	4.70035e+06	3.89046e+06	-3.81393e+08	6.87228e+07
5.556e+07	4.67561e+06	3.76908e+06	-3.79385e+08	7.85718e+07
5.557e+07	4.64771e+06	3.64831e+06	-3.77121e+08	8.8371e+07
5.558e+07	4.61668e+06	3.52824e+06	-3.74604e+08	9.81138e+07
5.559e+07	4.58253e+06	3.40895e+06	-3.71833e+08	1.07793e+08
5.56e+07	4.54528e+06	3.29052e+06	-3.6881e+08	1.17403e+08
5.561e+07	4.50494e+06	3.17302e+06	-3.65537e+08	1.26937e+08
5.562e+07	4.46155e+06	3.05656e+06	-3.62016e+08	1.36387e+08
5.563e+07	4.41512e+06	2.94119e+06	-3.58249e+08	1.45748e+08
5.564e+07	4.36568e+06	2.82701e+06	-3.54237e+08	1.55012e+08
5.565e+07	4.31327e+06	2.7141e+06	-3.49984e+08	1.64174e+08
5.566e+07	4.2579e+06	2.60253e+06	-3.45492e+08	1.73228e+08
5.567e+07	4.19962e+06	2.49238e+06	-3.40763e+08	1.82165e+08
5.568e+07	4.13846e+06	2.38373e+06	-3.358e+08	1.90981e+08
5.569e+07	4.07446e+06	2.27666e+06	-3.30607e+08	1.99669e+08
5.57e+07	4.00765e+06	2.17124e+06	-3.25186e+08	2.08223e+08
5.571e+07	3.93809e+06	2.06755e+06	-3.19542e+08	2.16637e+08
5.572e+07	3.86581e+06	1.96566e+06	-3.13677e+08	2.24904e+08
5.573e+07	3.79086e+06	1.86564e+06	-3.07595e+08	2.33019e+08
5.574e+07	3.71328e+06	1.76757e+06	-3.01301e+08	2.40977e+08
5.575e+07	3.63314e+06	1.67152e+06	-2.94798e+08	2.48771e+08
5.576e+07	3.55047e+06	1.57756e+06	-2.8809e+08	2.56395e+08
5.577e+07	3.46534e+06	1.48575e+06	-2.81182e+08	2.63844e+08
5.578e+07	3.3778e+06	1.39616e+06	-2.74079e+08	2.71114e+08
5.579e+07	3.2879e+06	1.30886e+06	-2.66785e+08	2.78198e+08
5.58e+07	3.19572e+06	1.22391e+06	-2.59305e+08	2.85091e+08
5.581e+07	3.1013e+06	1.14137e+06	-2.51643e+08	2.91788e+08
5.582e+07	3.00471e+06	1.0613e+06	-2.43806e+08	2.98285e+08
5.583e+07	2.90603e+06	983768	-2.35799e+08	3.04576e+08
5.584e+07	2.8053e+06	908823	-2.27626e+08	3.10657e+08
5.585e+07	2.70261e+06	836522	-2.19294e+08	3.16524e+08
5.586e+07	2.59803e+06	766918	-2.10807e+08	3.22171e+08
5.587e+07	2.49161e+06	700064	-2.02173e+08	3.27596e+08
5.588e+07	2.38345e+06	636008	-1.93396e+08	3.32793e+08
5.589e+07	2.27361e+06	574799	-1.84483e+08	3.3776e+08
5.59e+07	2.16216e+06	516481	-1.75441e+08	3.42492e+08
5.591e+07	2.04919e+06	461100	-1.66274e+08	3.46986e+08
5.592e+07	1.93478e+06	408695	-1.56991e+08	3.51238e+08
5.593e+07	1.819e+06	359306	-1.47596e+08	3.55245e+08
5.594e+07	1.70193e+06	312970	-1.38097e+08	3.59005e+08
5.595e+07	1.58366e+06	269723	-1.285e+08	3.62514e+08
5.596e+07	1.46427e+06	229596	-1.18813e+08	3.6577e+08
5.597e+07	1.34385e+06	192619	-1.09041e+08	3.68771e+08
5.598e+07	1.22247e+06	158821	-9.91925e+07	3.71513e+08
5.599e+07	1.10022e+06	128227	-8.92734e+07	3.73995e+08
5.6e+07	977195	100860	-7.92909e+07	3.76216e+08
5.601e+07	853477	76741.3	-6.92522e+07	3.78173e+08
5.602e+07	729153	55888	-5.91644e+07	3.79865e+08
5.603e+07	604311	38316.5	-4.90346e+07	3.81291e+08
5.604e+07	479041	24040.1	-3.887e+07	3.82449e+08
5.605e+07	353430	13069.5	-2.86778e+07	3.8334e+08
5.606e+07	227568	5413.04	-1.84652e+07	3.83961e+08
5.607e+07	101545	1076.56	-8.23948e+06	3.84313e+08
5.608e+07	-24550.7	63.3243	1.99208e+06	3.84395e+08
5.609e+07	-150629	2374.11	1.22222e+07	3.84207e+08
5.61e+07	-276600	8007.17	2.24437e+07	3.8375e+08
5.611e+07	-402374	16958.2	3.26492e+07	3.83024e+08
5.612e+07	-527863	29220.5	4.28315e+07	3.82029e+08
5.613e+07	-652977	44784.8	5.29834e+07	3.80766e+08
5.614e+07	-777628	63639.2	6.30978e+07	3.79236e+08
5.615e+07	-901727	85769.6	7.31673e+07	3.77441e+08
5.616e+07	-1.02519e+06	111159	8.31849e+07	3.7538e+08
5.617e+07	-1.14792e+06	139789	9.31435e+07	3.73057e+08
5.618e+07	-1.26984e+06	171637	1.03036e+08	3.70473e+08
5.619e+07	-1.39085e+06	206679	1.12856e+08	3.6763e+08
5.62e+07	-1.51089e+06	244889	1.22595e+08	3.64529e+08
5.621e+07	-1.62985e+06	286239	1.32248e+08	3.61174e+08
5.622e+07	-1.74766e+06	330697	1.41808e+08	3.57567e+08
5.623e+07	-1.86424e+06	378229	1.51267e+08	3.5371e+08
5.624e+07	-1.9795e+06	428800	1.60619e+08	3.49607e+08
5.625e+07	-2.09336e+06	482373	1.69858e+08	3.4526e+08
5.626e+07	-2.20574e+06	538907	1.78977e+08	3.40672e+08
5.627e+07	-2.31657e+06	598359	1.87969e+08	3.35848e+08
5.628e+07	-2.42577e+06	660687	1.9683e+08	3.30791e+08
5.629e+07	-2.53326e+06	725842	2.05552e+08	3.25504e+08
5.63e+07	-2.63897e+06	793777	2.14129e+08	3.19992e+08
5.631e+07	-2.74282e+06	864442	2.22556e+08	3.14258e+08
5.632e+07	-2.84475e+06	937784	2.30827e+08	3.08307e+08
5.633e+07	-2.94469e+06	1.01375e+06	2.38936e+08	3.02143e+08
5.634e+07	-3.04257e+06	1.09228e+06	2.46878e+08	2.95771e+08
5.635e+07	-3.13832e+06	1.17332e+06	2.54647e+08	2.89195e+08
5.636e+07	-3.23187e+06	1.25681e+06	2.62238e+08	2.82421e+08
5.637e+07	-3.32317e+06	1.34269e+06	2.69646e+08	2.75453e+08
5.638e+07	-3.41216e+06	1.43089e+06	2.76867e+08	2.68296e+08
5.639e+07	-3.49876e+06	1.52136e+06	2.83894e+08	2.60955e+08
5.64e+07	-3.58294e+06	1.61402e+06	2.90725e+08	2.53436e+08
5.641e+07	-3.66463e+06	1.70881e+06	2.97353e+08	2.45745e+08
5.642e+07	-3.74378e+06	1.80566e+06	3.03775e+08	2.37886e+08
5.643e+07	-3.82034e+06	1.9045e+06	3.09987e+08	2.29867e+08
5.644e+07	-3.89425e+06	2.00526e+06	3.15985e+08	2.21691e+08
5.645e+07	-3.96548e+06	2.10786e+06	3.21764e+08	2.13365e+08
5.646e+07	-4.03397e+06	2.21224e+06	3.27322e+08	2.04896e+08
5.647e+07	-4.09968e+06	2.31832e+06	3.32654e+08	1.96289e+08
5.648e+07	-4.16258e+06	2.42602e+06	3.37757e+08	1.8755e+08
5.649e+07	-4.22262e+06	2.53526e+06	3.42629e+08	1.78685e+08
5.65e+07	-4.27977e+06	2.64598e+06	3.47266e+08	1.69702e+08
5.651e+07	-4.33399e+06	2.75809e+06	3.51665e+08	1.60605e+08
5.652e+07	-4.38524e+06	2.87151e+06	3.55824e+08	1.51402e+08
5.653e+07	-4.43351e+06	2.98617e+06	3.59741e+08	1.42099e+08
5.654e+07	-4.47875e+06	3.10197e+06	3.63412e+08	1.32702e+08
5.655e+07	-4.52096e+06	3.21886e+06	3.66836e+08	1.23218e+08
5.656e+07	-4.56009e+06	3.33673e+06	3.70012e+08	1.13654e+08
5.657e+07	-4.59613e+06	3.45551e+06	3.72936e+08	1.04015e+08
5.658e+07	-4.62906e+06	3.57512e+06	3.75608e+08	9.431e+07
5.659e+07	-4.65887e+06	3.69548e+06	3.78027e+08	8.45441e+07
5.66e+07	-4.68554e+06	3.8165e+06	3.80191e+08	7.47243e+07
5.661e+07	-4.70905e+06	3.9381e+06	3.82098e+08	6.48574e+07
5.662e+07	-4.72939e+06	4.0602e+06	3.83749e+08	5.495e+07
5.663e+07	-4.74657e+06	4.18272e+06	3.85143e+08	4.5009e+07
5.664e+07	-4.76056e+06	4.30556e+06	3.86278e+08	3.50409e+07
5.665e+07	-4.77138e+06	4.42866e+06	3.87156e+08	2.50525e+07
5.666e+07	-4.77901e+06	4.55193e+06	3.87775e+08	1.50505e+07
5.667e+07	-4.78345e+06	4.67528e+06	3.88135e+08	5.04158e+06
5.668e+07	-4.78471e+06	4.79864e+06	3.88238e+08	-4.96756e+06
5.669e+07	-4.7828e+06	4.92191e+06	3.88083e+08	-1.49703e+07
5.67e+07	-4.77772e+06	5.04503e+06	3.8767e+08	-2.496e+07
5.671e+07	-4.76947e+06	5.1679e+06	3.87001e+08	-3.49301e+07
5.672e+07	-4.75808e+06	5.29045e+06	3.86076e+08	-4.48741e+07
5.673e+07	-4.74354e+06	5.4126e+06	3.84897e+08	-5.47853e+07
5.674e+07	-4.72589e+06	5.53426e+06	3.83465e+08	-6.46575e+07
5.675e+07	-4.70512e+06	5.65537e+06	3.8178e+08	-7.4484e+07
5.676e+07	-4.68127e+06	5.77583e+06	3.79845e+08	-8.42586e+07
5.677e+07	-4.65436e+06	5.89558e+06	3.77661e+08	-9.3975e+07
5.678e+07	-4.6244e+06	6.01453e+06	3.7523e+08	-1.03627e+08
5.679e+07	-4.59142e+06	6.13261e+06	3.72554e+08	-1.13208e+08
5.68e+07	-4.55545e+06	6.24974e+06	3.69635e+08	-1.22712e+08
5.681e+07	-4.51651e+06	6.36585e+06	3.66476e+08	-1.32134e+08
5.682e+07	-4.47464e+06	6.48087e+06	3.63078e+08	-1.41466e+08
5.683e+07	-4.42987e+06	6.59472e+06	3.59446e+08	-1.50704e+08
5.684e+07	-4.38223e+06	6.70732e+06	3.5558e+08	-1.59841e+08
5.685e+07	-4.33175e+06	6.81862e+06	3.51484e+08	-1.68872e+08
5.686e+07	-4.27848e+06	6.92854e+06	3.47162e+08	-1.7779e+08
5.687e+07	-4.22245e+06	7.037e+06	3.42615e+08	-1.86591e+08
5.688e+07	-4.1637e+06	7.14395e+06	3.37848e+08	-1.95269e+08
5.689e+07	-4.10228e+06	7.24931e+06	3.32864e+08	-2.03819e+08
5.69e+07	-4.03822e+06	7.35303e+06	3.27667e+08	-2.12234e+08
5.691e+07	-3.97158e+06	7.45503e+06	3.22259e+08	-2.20511e+08
5.692e+07	-3.90239e+06	7.55525e+06	3.16645e+08	-2.28643e+08
5.693e+07	-3.83071e+06	7.65364e+06	3.10828e+08	-2.36627e+08
5.694e+07	-3.75658e+06	7.75013e+06	3.04814e+08	-2.44456e+08
5.695e+07	-3.68006e+06	7.84466e+06	2.98605e+08	-2.52126e+08
5.696e+07	-3.60119e+06	7.93718e+06	2.92206e+08	-2.59633e+08
5.697e+07	-3.52004e+06	8.02763e+06	2.85621e+08	-2.66972e+08
5.698e+07	-3.43665e+06	8.11595e+06	2.78854e+08	-2.74139e+08
5.699e+07	-3.35108e+06	8.20209e+06	2.71911e+08	-2.81128e+08
5.7e+07	-3.26339e+06	8.286e+06	2.64796e+08	-2.87937e+08
5.701e+07	-3.17363e+06	8.36763e+06	2.57513e+08	-2.9456e+08
5.702e+07	-3.08187e+06	8.44692e+06	2.50067e+08	-3.00994e+08
5.703e+07	-2.98816e+06	8.52384e+06	2.42463e+08	-3.07236e+08
5.704e+07	-2.89257e+06	8.59834e+06	2.34707e+08	-3.1328e+08
5.705e+07	-2.79515e+06	8.67036e+06	2.26802e+08	-3.19124e+08
5.706e+07	-2.69598e+06	8.73987e+06	2.18755e+08	-3.24765e+08
5.707e+07	-2.59511e+06	8.80683e+06	2.1057e+08	-3.30198e+08
5.708e+07	-2.49261e+06	8.8712e+06	2.02253e+08	-3.35421e+08
5.709e+07	-2.38854e+06	8.93294e+06	1.93809e+08	-3.4043e+08
5.71e+07	-2.28298e+06	8.99201e+06	1.85244e+08	-3.45223e+08
5.711e+07	-2.17598e+06	9.04837e+06	1.76562e+08	-3.49797e+08
5.712e+07	-2.06763e+06	9.102e+06	1.6777e+08	-3.54148e+08
5.713e+07	-1.95798e+06	9.15287e+06	1.58873e+08	-3.58275e+08
5.714e+07	-1.8471e+06	9.20093e+06	1.49876e+08	-3.62176e+08
5.715e+07	-1.73507e+06	9.24617e+06	1.40786e+08	-3.65847e+08
5.716e+07	-1.62196e+06	9.28856e+06	1.31608e+08	-3.69286e+08
5.717e+07	-1.50784e+06	9.32807e+06	1.22348e+08	-3.72492e+08
5.718e+07	-1.39277e+06	9.36469e+06	1.13011e+08	-3.75463e+08
5.719e+07	-1.27684e+06	9.39838e+06	1.03604e+08	-3.78197e+08
5.72e+07	-1.16011e+06	9.42913e+06	9.41325e+07	-3.80692e+08
5.721e+07	-1.04265e+06	9.45692e+06	8.46023e+07	-3.82947e+08
5.722e+07	-924552	9.48174e+06	7.50194e+07	-3.84961e+08
5.723e+07	-805875	9.50357e+06	6.53897e+07	-3.86732e+08
5.724e+07	-686696	9.5224e+06	5.57194e+07	-3.8826e+08
5.725e+07	-567090	9.53821e+06	4.60144e+07	-3.89543e+08
5.726e+07	-447131	9.551e+06	3.62808e+07	-3.90581e+08
5.727e+07	-326894	9.56076e+06	2.65246e+07	-3.91373e+08
5.728e+07	-206454	9.56749e+06	1.67519e+07	-3.91919e+08
5.729e+07	-85885.5	9.57118e+06	6.96886e+06	-3.92218e+08
5.73e+07	34736.4	9.57182e+06	-2.81856e+06	-3.9227e+08
5.731e+07	155337	9.56943e+06	-1.26042e+07	-3.92076e+08
5.732e+07	275841	9.56399e+06	-2.23821e+07	-3.91635e+08
5.733e+07	396173	9.55552e+06	-3.2146e+07	-3.90948e+08
5.734e+07	516259	9.54402e+06	-4.18899e+07	-3.90014e+08
5.735e+07	636023	9.52949e+06	-5.16078e+07	-3.88835e+08
5.736e+07	755392	9.51194e+06	-6.12935e+07	-3.87411e+08
5.737e+07	874291	9.49139e+06	-7.09412e+07	-3.85744e+08
5.738e+07	992646	9.46784e+06	-8.05446e+07	-3.83833e+08
5.739e+07	1.11038e+06	9.44131e+06	-9.00979e+07	-3.8168e+08
5.74e+07	1.22743e+06	9.41181e+06	-9.95951e+07	-3.79287e+08
5.741e+07	1.34371e+06	9.37937e+06	-1.0903e+08	-3.76654e+08
5.742e+07	1.45915e+06	9.344e+06	-1.18397e+08	-3.73784e+08
5.743e+07	1.57368e+06	9.30572e+06	-1.27691e+08	-3.70678e+08
5.744e+07	1.68724e+06	9.26455e+06	-1.36904e+08	-3.67337e+08
5.745e+07	1.79973e+06	9.22052e+06	-1.46033e+08	-3.63765e+08
5.746e+07	1.91111e+06	9.17365e+06	-1.5507e+08	-3.59962e+08
5.747e+07	2.02128e+06	9.12397e+06	-1.6401e+08	-3.55931e+08
5.748e+07	2.1302e+06	9.07152e+06	-1.72847e+08	-3.51675e+08
5.749e+07	2.23778e+06	9.01631e+06	-1.81576e+08	-3.47195e+08
5.75e+07	2.34396e+06	8.95839e+06	-1.90192e+08	-3.42495e+08
5.751e+07	2.44867e+06	8.89778e+06	-1.98688e+08	-3.37578e+08
5.752e+07	2.55184e+06	8.83453e+06	-2.0706e+08	-3.32445e+08
5.753e+07	2.65341e+06	8.76867e+06	-2.15301e+08	-3.27101e+08
5.754e+07	2.75331e+06	8.70024e+06	-2.23407e+08	-3.21549e+08
5.755e+07	2.85148e+06	8.62928e+06	-2.31373e+08	-3.15791e+08
5.756e+07	2.94786e+06	8.55583e+06	-2.39193e+08	-3.09831e+08
5.757e+07	3.04237e+06	8.47994e+06	-2.46862e+08	-3.03673e+08
5.758e+07	3.13497e+06	8.40165e+06	-2.54375e+08	-2.97321e+08
5.759e+07	3.22558e+06	8.32101e+06	-2.61728e+08	-2.90777e+08
5.76e+07	3.31416e+06	8.23806e+06	-2.68915e+08	-2.84047e+08
5.761e+07	3.40064e+06	8.15287e+06	-2.75932e+08	-2.77134e+08
5.762e+07	3.48496e+06	8.06547e+06	-2.82774e+08	-2.70043e+08
5.763e+07	3.56707e+06	7.97592e+06	-2.89437e+08	-2.62777e+08
5.764e+07	3.64691e+06	7.88428e+06	-2.95915e+08	-2.55341e+08
5.765e+07	3.72444e+06	7.7906e+06	-3.02206e+08	-2.4774e+08
5.766e+07	3.79959e+06	7.69494e+06	-3.08303e+08	-2.39977e+08
5.767e+07	3.87231e+06	7.59736e+06	-3.14205e+08	-2.32059e+08
5.768e+07	3.94257e+06	7.49791e+06	-3.19905e+08	-2.2399e+08
5.769e+07	4.0103e+06	7.39666e+06	-3.25401e+08	-2.15774e+08
5.77e+07	4.07546e+06	7.29366e+06	-3.30688e+08	-2.07417e+08
5.771e+07	4.13801e+06	7.189e+06	-3.35764e+08	-1.98925e+08
5.772e+07	4.1979e+06	7.08272e+06	-3.40623e+08	-1.90301e+08
5.773e+07	4.25509e+06	6.97489e+06	-3.45264e+08	-1.81552e+08
5.774e+07	4.30954e+06	6.86559e+06	-3.49682e+08	-1.72683e+08
5.775e+07	4.36121e+06	6.75488e+06	-3.53875e+08	-1.63699e+08
5.776e+07	4.41006e+06	6.64282e+06	-3.57838e+08	-1.54607e+08
5.777e+07	4.45606e+06	6.5295e+06	-3.61571e+08	-1.45412e+08
5.778e+07	4.49917e+06	6.41497e+06	-3.65069e+08	-1.36119e+08
5.779e+07	4.53936e+06	6.29932e+06	-3.68329e+08	-1.26735e+08
5.78e+07	4.57659e+06	6.18262e+06	-3.71351e+08	-1.17266e+08
5.781e+07	4.61085e+06	6.06493e+06	-3.7413e+08	-1.07717e+08
5.782e+07	4.6421e+06	5.94635e+06	-3.76666e+08	-9.80944e+07
5.783e+07	4.67031e+06	5.82693e+06	-3.78955e+08	-8.8405e+07
5.784e+07	4.69547e+06	5.70677e+06	-3.80997e+08	-7.86547e+07
5.785e+07	4.71755e+06	5.58593e+06	-3.82788e+08	-6.88498e+07
5.786e+07	4.73653e+06	5.4645e+06	-3.84328e+08	-5.89965e+07
5.787e+07	4.7524e+06	5.34255e+06	-3.85616e+08	-4.91014e+07
5.788e+07	4.76513e+06	5.22016e+06	-3.86649e+08	-3.91709e+07
5.789e+07	4.77472e+06	5.09742e+06	-3.87427e+08	-2.92114e+07
5.79e+07	4.78115e+06	4.9744e+06	-3.87949e+08	-1.92295e+07
5.791e+07	4.78442e+06	4.85119e+06	-3.88214e+08	-9.23176e+06
5.792e+07	4.78451e+06	4.72786e+06	-3.88221e+08	775193
5.793e+07	4.78142e+06	4.6045e+06	-3.87971e+08	1.07847e+07
5.794e+07	4.77515e+06	4.48119e+06	-3.87462e+08	2.07902e+07
5.795e+07	4.76569e+06	4.35802e+06	-3.86695e+08	3.0785e+07
5.796e+07	4.75305e+06	4.23505e+06	-3.85669e+08	4.07623e+07
5.797e+07	4.73723e+06	4.11239e+06	-3.84385e+08	5.07154e+07
5.798e+07	4.71824e+06	3.9901e+06	-3.82844e+08	6.06377e+07
5.799e+07	4.69608e+06	3.86828e+06	-3.81046e+08	7.05224e+07
5.8e+07	4.67075e+06	3.74701e+06	-3.78991e+08	8.03629e+07
5.801e+07	4.64229e+06	3.62636e+06	-3.76681e+08	9.01523e+07
5.802e+07	4.61069e+06	3.50643e+06	-3.74117e+08	9.98841e+07
5.803e+07	4.57597e+06	3.38728e+06	-3.713e+08	1.09551e+08
5.804e+07	4.53815e+06	3.26902e+06	-3.68232e+08	1.19148e+08
5.805e+07	4.49726e+06	3.1517e+06	-3.64913e+08	1.28667e+08
5.806e+07	4.45331e+06	3.03543e+06	-3.61347e+08	1.38101e+08
5.807e+07	4.40633e+06	2.92028e+06	-3.57535e+08	1.47445e+08
5.808e+07	4.35634e+06	2.80632e+06	-3.53479e+08	1.56691e+08
5.809e+07	4.30339e+06	2.69365e+06	-3.49182e+08	1.65834e+08
5.81e+07	4.24749e+06	2.58233e+06	-3.44647e+08	1.74866e+08
5.811e+07	4.18868e+06	2.47245e+06	-3.39875e+08	1.83782e+08
5.812e+07	4.127e+06	2.36408e+06	-3.3487e+08	1.92575e+08
5.813e+07	4.06248e+06	2.25731e+06	-3.29635e+08	2.01239e+08
5.814e+07	3.99517e+06	2.1522e+06	-3.24174e+08	2.09768e+08
5.815e+07	3.92511e+06	2.04883e+06	-3.18488e+08	2.18156e+08
5.816e+07	3.85234e+06	1.94727e+06	-3.12584e+08	2.26396e+08
5.817e+07	3.7769e+06	1.84761e+06	-3.06463e+08	2.34483e+08
5.818e+07	3.69886e+06	1.7499e+06	-3.0013e+08	2.42411e+08
5.819e+07	3.61825e+06	1.65423e+06	-2.93589e+08	2.50174e+08
5.82e+07	3.53513e+06	1.56065e+06	-2.86845e+08	2.57767e+08
5.821e+07	3.44955e+06	1.46924e+06	-2.79901e+08	2.65184e+08
5.822e+07	3.36158e+06	1.38007e+06	-2.72763e+08	2.7242e+08
5.823e+07	3.27126e+06	1.29319e+06	-2.65434e+08	2.79469e+08
5.824e+07	3.17866e+06	1.20867e+06	-2.57921e+08	2.86327e+08
5.825e+07	3.08384e+06	1.12658e+06	-2.50227e+08	2.92988e+08
5.826e+07	2.98687e+06	1.04697e+06	-2.42359e+08	2.99447e+08
5.827e+07	2.88781e+06	969905	-2.3432e+08	3.05701e+08
5.828e+07	2.78672e+06	895438	-2.26118e+08	3.11743e+08
5.829e+07	2.68368e+06	823625	-2.17757e+08	3.1757e+08
5.83e+07	2.57875e+06	754519	-2.09243e+08	3.23177e+08
5.831e+07	2.47202e+06	688171	-2.00583e+08	3.28561e+08
5.832e+07	2.36354e+06	624631	-1.91781e+08	3.33717e+08
5.833e+07	2.2534e+06	563946	-1.82844e+08	3.38641e+08
5.834e+07	2.14167e+06	506161	-1.73778e+08	3.43329e+08
5.835e+07	2.02843e+06	451319	-1.6459e+08	3.47779e+08
5.836e+07	1.91376e+06	399461	-1.55285e+08	3.51987e+08
5.837e+07	1.79774e+06	350627	-1.45871e+08	3.5595e+08
5.838e+07	1.68045e+06	304852	-1.36354e+08	3.59664e+08
5.839e+07	1.56197e+06	262171	-1.2674e+08	3.63127e+08
5.84e+07	1.44238e+06	222616	-1.17037e+08	3.66337e+08
5.841e+07	1.32178e+06	186218	-1.07251e+08	3.6929e+08
5.842e+07	1.20023e+06	153002	-9.73885e+07	3.71985e+08
5.843e+07	1.07784e+06	122995	-8.74573e+07	3.7442e+08
5.844e+07	954681	96218.9	-7.74641e+07	3.76593e+08
5.845e+07	830846	72694.1	-6.74159e+07	3.78502e+08
5.846e+07	706420	52438.3	-5.73199e+07	3.80145e+08
5.847e+07	581494	35466.8	-4.71832e+07	3.81522e+08
5.848e+07	456155	21792.5	-3.7013e+07	3.82632e+08
5.849e+07	330492	11425.8	-2.68165e+07	3.83473e+08
5.85e+07	204594	4374.51	-1.6601e+07	3.84045e+08
5.851e+07	78550.5	643.937	-6.37369e+06	3.84348e+08
5.852e+07	-47548.5	236.945	3.85815e+06	3.84381e+08
5.853e+07	-173614	3153.84	1.40872e+07	3.84144e+08
5.854e+07	-299556	9392.42	2.43063e+07	3.83638e+08
5.855e+07	-425285	18948	3.45082e+07	3.82863e+08
5.856e+07	-550712	31813.2	4.46855e+07	3.81819e+08
5.857e+07	-675748	47978.5	5.48311e+07	3.80507e+08
5.858e+07	-800305	67431.5	6.49378e+07	3.78929e+08
5.859e+07	-924293	90157.6	7.49984e+07	3.77084e+08
5.86e+07	-1.04763e+06	116140	8.50057e+07	3.74976e+08
5.861e+07	-1.17022e+06	145358	9.49529e+07	3.72605e+08
5.862e+07	-1.29198e+06	177790	1.04833e+08	3.69974e+08
5.863e+07	-1.41282e+06	213412	1.14638e+08	3.67083e+08
5.864e+07	-1.53267e+06	252197	1.24363e+08	3.63936e+08
5.865e+07	-1.65143e+06	294116	1.33999e+08	3.60535e+08
5.866e+07	-1.76902e+06	339137	1.4354e+08	3.56882e+08
5.867e+07	-1.88536e+06	387227	1.5298e+08	3.5298e+08
5.868e+07	-2.00037e+06	438348	1.62312e+08	3.48832e+08
5.869e+07	-2.11397e+06	492464	1.7153e+08	3.44441e+08
5.87e+07	-2.22607e+06	549533	1.80626e+08	3.3981e+08
5.871e+07	-2.33661e+06	609514	1.89595e+08	3.34943e+08
5.872e+07	-2.4455e+06	672360	1.98431e+08	3.29844e+08
5.873e+07	-2.55267e+06	738026	2.07127e+08	3.24516e+08
5.874e+07	-2.65805e+06	806463	2.15678e+08	3.18963e+08
5.875e+07	-2.76156e+06	877620	2.24076e+08	3.13189e+08
5.876e+07	-2.86313e+06	951444	2.32318e+08	3.07199e+08
5.877e+07	-2.9627e+06	1.02788e+06	2.40397e+08	3.00996e+08
5.878e+07	-3.06019e+06	1.10687e+06	2.48308e+08	2.94587e+08
5.879e+07	-3.15554e+06	1.18837e+06	2.56045e+08	2.87974e+08
5.88e+07	-3.24869e+06	1.2723e+06	2.63603e+08	2.81164e+08
5.881e+07	-3.33957e+06	1.3586e+06	2.70977e+08	2.74161e+08
5.882e+07	-3.42813e+06	1.44722e+06	2.78163e+08	2.6697e+08
5.883e+07	-3.5143e+06	1.5381e+06	2.85155e+08	2.59597e+08
5.884e+07	-3.59803e+06	1.63115e+06	2.91949e+08	2.52046e+08
5.885e+07	-3.67926e+06	1.72632e+06	2.9854e+08	2.44324e+08
5.886e+07	-3.75794e+06	1.82354e+06	3.04924e+08	2.36436e+08
5.887e+07	-3.83401e+06	1.92273e+06	3.11097e+08	2.28387e+08
5.888e+07	-3.90744e+06	2.02383e+06	3.17055e+08	2.20183e+08
5.889e+07	-3.97817e+06	2.12677e+06	3.22794e+08	2.11831e+08
5.89e+07	-4.04616e+06	2.23146e+06	3.28311e+08	2.03336e+08
5.891e+07	-4.11137e+06	2.33784e+06	3.33602e+08	1.94705e+08
5.892e+07	-4.17375e+06	2.44583e+06	3.38663e+08	1.85942e+08
5.893e+07	-4.23326e+06	2.55535e+06	3.43492e+08	1.77056e+08
5.894e+07	-4.28987e+06	2.66633e+06	3.48086e+08	1.68051e+08
5.895e+07	-4.34355e+06	2.77868e+06	3.52442e+08	1.58934e+08
5.896e+07	-4.39427e+06	2.89233e+06	3.56557e+08	1.49712e+08
5.897e+07	-4.44199e+06	3.0072e+06	3.60428e+08	1.40392e+08
5.898e+07	-4.48668e+06	3.12321e+06	3.64055e+08	1.30978e+08
5.899e+07	-4.52832e+06	3.24028e+06	3.67434e+08	1.21479e+08
5.9e+07	-4.56689e+06	3.35833e+06	3.70564e+08	1.11901e+08
5.901e+07	-4.60237e+06	3.47727e+06	3.73442e+08	1.0225e+08
5.902e+07	-4.63473e+06	3.59702e+06	3.76068e+08	9.25332e+07
5.903e+07	-4.66397e+06	3.7175e+06	3.7844e+08	8.2757e+07
5.904e+07	-4.69006e+06	3.83864e+06	3.80558e+08	7.29281e+07
5.905e+07	-4.71299e+06	3.96033e+06	3.82419e+08	6.30533e+07
5.906e+07	-4.73276e+06	4.08252e+06	3.84023e+08	5.31393e+07
5.907e+07	-4.74936e+06	4.2051e+06	3.85369e+08	4.31928e+07
5.908e+07	-4.76277e+06	4.328e+06	3.86458e+08	3.32205e+07
5.909e+07	-4.77301e+06	4.45113e+06	3.87288e+08	2.32292e+07
5.91e+07	-4.78005e+06	4.57442e+06	3.8786e+08	1.32254e+07
5.911e+07	-4.78392e+06	4.69778e+06	3.88173e+08	3.21596e+06
5.912e+07	-4.7846e+06	4.82113e+06	3.88229e+08	-6.79251e+06
5.913e+07	-4.78211e+06	4.94438e+06	3.88027e+08	-1.67934e+07
5.914e+07	-4.77645e+06	5.06746e+06	3.87567e+08	-2.678e+07
5.915e+07	-4.76763e+06	5.19028e+06	3.86852e+08	-3.67458e+07
5.916e+07	-4.75566e+06	5.31276e+06	3.8588e+08	-4.66843e+07
5.917e+07	-4.74055e+06	5.43483e+06	3.84655e+08	-5.65889e+07
5.918e+07	-4.72233e+06	5.5564e+06	3.83176e+08	-6.64532e+07
5.919e+07	-4.701e+06	5.67739e+06	3.81446e+08	-7.62708e+07
5.92e+07	-4.67659e+06	5.79773e+06	3.79465e+08	-8.60352e+07
5.921e+07	-4.64912e+06	5.91733e+06	3.77236e+08	-9.57403e+07
5.922e+07	-4.61861e+06	6.03613e+06	3.7476e+08	-1.0538e+08
5.923e+07	-4.58508e+06	6.15405e+06	3.7204e+08	-1.14947e+08
5.924e+07	-4.54857e+06	6.271e+06	3.69077e+08	-1.24437e+08
5.925e+07	-4.5091e+06	6.38691e+06	3.65874e+08	-1.33843e+08
5.926e+07	-4.46669e+06	6.50172e+06	3.62433e+08	-1.43158e+08
5.927e+07	-4.4214e+06	6.61535e+06	3.58758e+08	-1.52378e+08
5.928e+07	-4.37323e+06	6.72772e+06	3.5485e+08	-1.61496e+08
5.929e+07	-4.32225e+06	6.83877e+06	3.50713e+08	-1.70507e+08
5.93e+07	-4.26847e+06	6.94843e+06	3.46349e+08	-1.79404e+08
5.931e+07	-4.21194e+06	7.05662e+06	3.41762e+08	-1.88183e+08
5.932e+07	-4.1527e+06	7.16328e+06	3.36955e+08	-1.96838e+08
5.933e+07	-4.09079e+06	7.26835e+06	3.31932e+08	-2.05364e+08
5.934e+07	-4.02626e+06	7.37176e+06	3.26696e+08	-2.13754e+08
5.935e+07	-3.95915e+06	7.47344e+06	3.2125e+08	-2.22005e+08
5.936e+07	-3.8895e+06	7.57334e+06	3.15599e+08	-2.3011e+08
5.937e+07	-3.81737e+06	7.67138e+06	3.09746e+08	-2.38066e+08
5.938e+07	-3.7428e+06	7.76752e+06	3.03696e+08	-2.45867e+08
5.939e+07	-3.66585e+06	7.86169e+06	2.97452e+08	-2.53508e+08
5.94e+07	-3.58656e+06	7.95383e+06	2.91018e+08	-2.60984e+08
5.941e+07	-3.505e+06	8.0439e+06	2.844e+08	-2.68292e+08
5.942e+07	-3.42121e+06	8.13182e+06	2.77601e+08	-2.75427e+08
5.943e+07	-3.33524e+06	8.21756e+06	2.70626e+08	-2.82384e+08
5.944e+07	-3.24717e+06	8.30106e+06	2.6348e+08	-2.89159e+08
5.945e+07	-3.15705e+06	8.38226e+06	2.56167e+08	-2.95748e+08
5.946e+07	-3.06492e+06	8.46113e+06	2.48692e+08	-3.02147e+08
5.947e+07	-2.97087e+06	8.53761e+06	2.4106e+08	-3.08353e+08
5.948e+07	-2.87494e+06	8.61166e+06	2.33276e+08	-3.14361e+08
5.949e+07	-2.7772e+06	8.68323e+06	2.25345e+08	-3.20168e+08
5.95e+07	-2.67771e+06	8.75228e+06	2.17273e+08	-3.25771e+08
5.951e+07	-2.57653e+06	8.81877e+06	2.09063e+08	-3.31166e+08
5.952e+07	-2.47374e+06	8.88266e+06	2.00723e+08	-3.3635e+08
5.953e+07	-2.3694e+06	8.94391e+06	1.92256e+08	-3.41321e+08
5.954e+07	-2.26357e+06	9.00249e+06	1.83669e+08	-3.46074e+08
5.955e+07	-2.15632e+06	9.05836e+06	1.74967e+08	-3.50607e+08
5.956e+07	-2.04772e+06	9.11149e+06	1.66155e+08	-3.54918e+08
5.957e+07	-1.93785e+06	9.16184e+06	1.57239e+08	-3.59004e+08
5.958e+07	-1.82676e+06	9.20939e+06	1.48225e+08	-3.62862e+08
5.959e+07	-1.71452e+06	9.25412e+06	1.39119e+08	-3.66491e+08
5.96e+07	-1.60122e+06	9.29598e+06	1.29925e+08	-3.69888e+08
5.961e+07	-1.48692e+06	9.33497e+06	1.20651e+08	-3.73052e+08
5.962e+07	-1.37169e+06	9.37105e+06	1.11301e+08	-3.75979e+08
5.963e+07	-1.2556e+06	9.40421e+06	1.01881e+08	-3.7867e+08
5.964e+07	-1.13874e+06	9.43442e+06	9.23986e+07	-3.81121e+08
5.965e+07	-1.02116e+06	9.46167e+06	8.28583e+07	-3.83332e+08
5.966e+07	-902949	9.48595e+06	7.32664e+07	-3.85302e+08
5.967e+07	-784174	9.50723e+06	6.36289e+07	-3.87029e+08
5.968e+07	-664912	9.5255e+06	5.39518e+07	-3.88512e+08
5.969e+07	-545236	9.54077e+06	4.42412e+07	-3.8975e+08
5.97e+07	-425221	9.55301e+06	3.4503e+07	-3.90743e+08
5.971e+07	-304942	9.56222e+06	2.47434e+07	-3.91491e+08
5.972e+07	-184472	9.56839e+06	1.49683e+07	-3.91992e+08
5.973e+07	-63888.5	9.57152e+06	5.184e+06	-3.92246e+08
5.974e+07	56735.1	9.57161e+06	-4.60356e+06	-3.92253e+08
5.975e+07	177323	9.56866e+06	-1.43882e+07	-3.92014e+08
5.976e+07	297801	9.56268e+06	-2.4164e+07	-3.91528e+08
5.977e+07	418094	9.55365e+06	-3.39247e+07	-3.90796e+08
5.978e+07	538127	9.54159e+06	-4.36643e+07	-3.89817e+08
5.979e+07	657825	9.52651e+06	-5.33768e+07	-3.88594e+08
5.98e+07	777114	9.50842e+06	-6.30561e+07	-3.87125e+08
5.981e+07	895920	9.48732e+06	-7.26961e+07	-3.85413e+08
5.982e+07	1.01417e+06	9.46322e+06	-8.22908e+07	-3.83458e+08
5.983e+07	1.13178e+06	9.43615e+06	-9.18344e+07	-3.81262e+08
5.984e+07	1.24869e+06	9.40612e+06	-1.01321e+08	-3.78825e+08
5.985e+07	1.36483e+06	9.37314e+06	-1.10744e+08	-3.76149e+08
5.986e+07	1.48011e+06	9.33723e+06	-1.20098e+08	-3.73235e+08
5.987e+07	1.59447e+06	9.29842e+06	-1.29377e+08	-3.70086e+08
5.988e+07	1.70783e+06	9.25673e+06	-1.38576e+08	-3.66703e+08
5.989e+07	1.82013e+06	9.21218e+06	-1.47688e+08	-3.63088e+08
5.99e+07	1.93129e+06	9.1648e+06	-1.56707e+08	-3.59244e+08
5.991e+07	2.04124e+06	9.11461e+06	-1.65629e+08	-3.55171e+08
5.992e+07	2.14992e+06	9.06165e+06	-1.74447e+08	-3.50874e+08
5.993e+07	2.25725e+06	9.00595e+06	-1.83156e+08	-3.46354e+08
5.994e+07	2.36317e+06	8.94753e+06	-1.9175e+08	-3.41614e+08
5.995e+07	2.4676e+06	8.88644e+06	-2.00224e+08	-3.36657e+08
5.996e+07	2.57049e+06	8.82271e+06	-2.08573e+08	-3.31486e+08
5.997e+07	2.67176e+06	8.75638e+06	-2.1679e+08	-3.26104e+08
5.998e+07	2.77135e+06	8.68748e+06	-2.24871e+08	-3.20514e+08
5.999e+07	2.86919e+06	8.61607e+06	-2.3281e+08	-3.14719e+08
6e+07	2.96524e+06	8.54217e+06	-2.40603e+08	-3.08723e+08
6.001e+07	3.05941e+06	8.46584e+06	-2.48244e+08	-3.02529e+08
6.002e+07	3.15164e+06	8.38711e+06	-2.55729e+08	-2.96141e+08
6.003e+07	3.24189e+06	8.30605e+06	-2.63051e+08	-2.89564e+08
6.004e+07	3.33009e+06	8.22269e+06	-2.70208e+08	-2.828e+08
6.005e+07	3.41618e+06	8.13709e+06	-2.77193e+08	-2.75854e+08
6.006e+07	3.5001e+06	8.0493e+06	-2.84003e+08	-2.6873e+08
6.007e+07	3.5818e+06	7.95936e+06	-2.90632e+08	-2.61433e+08
6.008e+07	3.66123e+06	7.86735e+06	-2.97077e+08	-2.53967e+08
6.009e+07	3.73832e+06	7.7733e+06	-3.03332e+08	-2.46336e+08
6.01e+07	3.81303e+06	7.67728e+06	-3.09394e+08	-2.38545e+08
6.011e+07	3.88531e+06	7.57936e+06	-3.15259e+08	-2.30599e+08
6.012e+07	3.95511e+06	7.47957e+06	-3.20923e+08	-2.22502e+08
6.013e+07	4.02238e+06	7.378e+06	-3.26381e+08	-2.14261e+08
6.014e+07	4.08707e+06	7.2747e+06	-3.3163e+08	-2.05879e+08
6.015e+07	4.14913e+06	7.16973e+06	-3.36666e+08	-1.97361e+08
6.016e+07	4.20854e+06	7.06317e+06	-3.41486e+08	-1.88715e+08
6.017e+07	4.26523e+06	6.95507e+06	-3.46086e+08	-1.79943e+08
6.018e+07	4.31918e+06	6.8455e+06	-3.50464e+08	-1.71053e+08
6.019e+07	4.37033e+06	6.73454e+06	-3.54615e+08	-1.62049e+08
6.02e+07	4.41867e+06	6.62225e+06	-3.58536e+08	-1.52938e+08
6.021e+07	4.46414e+06	6.5087e+06	-3.62226e+08	-1.43724e+08
6.022e+07	4.50672e+06	6.39396e+06	-3.65681e+08	-1.34414e+08
6.023e+07	4.54637e+06	6.27811e+06	-3.68898e+08	-1.25014e+08
6.024e+07	4.58307e+06	6.16122e+06	-3.71876e+08	-1.1553e+08
6.025e+07	4.61677e+06	6.04337e+06	-3.74611e+08	-1.05967e+08
6.026e+07	4.64747e+06	5.92463e+06	-3.77102e+08	-9.63321e+07
6.027e+07	4.67513e+06	5.80507e+06	-3.79346e+08	-8.66312e+07
6.028e+07	4.69973e+06	5.68478e+06	-3.81342e+08	-7.68704e+07
6.029e+07	4.72124e+06	5.56383e+06	-3.83088e+08	-6.70562e+07
6.03e+07	4.73966e+06	5.44229e+06	-3.84582e+08	-5.71948e+07
6.031e+07	4.75495e+06	5.32026e+06	-3.85823e+08	-4.72928e+07
6.032e+07	4.76711e+06	5.1978e+06	-3.8681e+08	-3.73565e+07
6.033e+07	4.77613e+06	5.075e+06	-3.87541e+08	-2.73924e+07
6.034e+07	4.78198e+06	4.95194e+06	-3.88016e+08	-1.74071e+07
6.035e+07	4.78467e+06	4.8287e+06	-3.88234e+08	-7.40721e+06
6.036e+07	4.78418e+06	4.70536e+06	-3.88195e+08	2.60071e+06
6.037e+07	4.78051e+06	4.58201e+06	-3.87897e+08	1.261e+07
6.038e+07	4.77366e+06	4.45872e+06	-3.87341e+08	2.2614e+07
6.039e+07	4.76362e+06	4.33557e+06	-3.86527e+08	3.26061e+07
6.04e+07	4.75041e+06	4.21266e+06	-3.85454e+08	4.25795e+07
6.041e+07	4.73401e+06	4.09006e+06	-3.84123e+08	5.25275e+07
6.042e+07	4.71443e+06	3.96785e+06	-3.82535e+08	6.24435e+07
6.043e+07	4.69169e+06	3.84612e+06	-3.8069e+08	7.23206e+07
6.044e+07	4.6658e+06	3.72496e+06	-3.78589e+08	8.21522e+07
6.045e+07	4.63676e+06	3.60443e+06	-3.76232e+08	9.19317e+07
6.046e+07	4.60459e+06	3.48463e+06	-3.73622e+08	1.01652e+08
6.047e+07	4.5693e+06	3.36565e+06	-3.70759e+08	1.11307e+08
6.048e+07	4.53092e+06	3.24755e+06	-3.67645e+08	1.2089e+08
6.049e+07	4.48947e+06	3.13042e+06	-3.64281e+08	1.30394e+08
6.05e+07	4.44496e+06	3.01434e+06	-3.6067e+08	1.39812e+08
6.051e+07	4.39744e+06	2.8994e+06	-3.56814e+08	1.49139e+08
6.052e+07	4.34691e+06	2.78568e+06	-3.52714e+08	1.58367e+08
6.053e+07	4.29341e+06	2.67324e+06	-3.48373e+08	1.6749e+08
6.054e+07	4.23698e+06	2.56218e+06	-3.43794e+08	1.76501e+08
6.055e+07	4.17764e+06	2.45257e+06	-3.38979e+08	1.85395e+08
6.056e+07	4.11544e+06	2.34449e+06	-3.33932e+08	1.94165e+08
6.057e+07	4.05041e+06	2.23801e+06	-3.28656e+08	2.02805e+08
6.058e+07	3.9826e+06	2.13321e+06	-3.23153e+08	2.11308e+08
6.059e+07	3.91204e+06	2.03017e+06	-3.17428e+08	2.19669e+08
6.06e+07	3.83878e+06	1.92895e+06	-3.11483e+08	2.27882e+08
6.061e+07	3.76286e+06	1.82964e+06	-3.05324e+08	2.35941e+08
6.062e+07	3.68435e+06	1.7323e+06	-2.98953e+08	2.43839e+08
6.063e+07	3.60327e+06	1.637e+06	-2.92374e+08	2.51571e+08
6.064e+07	3.5197e+06	1.54382e+06	-2.85593e+08	2.59133e+08
6.065e+07	3.43368e+06	1.45281e+06	-2.78614e+08	2.66517e+08
6.066e+07	3.34528e+06	1.36405e+06	-2.7144e+08	2.73719e+08
6.067e+07	3.25454e+06	1.2776e+06	-2.64078e+08	2.80734e+08
6.068e+07	3.16153e+06	1.19352e+06	-2.56531e+08	2.87556e+08
6.069e+07	3.06632e+06	1.11187e+06	-2.48805e+08	2.94181e+08
6.07e+07	2.96896e+06	1.03273e+06	-2.40905e+08	3.00603e+08
6.071e+07	2.86952e+06	956129	-2.32837e+08	3.06818e+08
6.072e+07	2.76807e+06	882141	-2.24605e+08	3.12822e+08
6.073e+07	2.66468e+06	810818	-2.16216e+08	3.18609e+08
6.074e+07	2.55942e+06	742211	-2.07675e+08	3.24176e+08
6.075e+07	2.45236e+06	676372	-1.98988e+08	3.29518e+08
6.076e+07	2.34357e+06	613349	-1.90161e+08	3.34632e+08
6.077e+07	2.23314e+06	553190	-1.812e+08	3.39513e+08
6.078e+07	2.12113e+06	495938	-1.72111e+08	3.44159e+08
6.079e+07	2.00762e+06	441638	-1.62901e+08	3.48565e+08
6.08e+07	1.8927e+06	390328	-1.53576e+08	3.52728e+08
6.081e+07	1.77644e+06	342049	-1.44143e+08	3.56646e+08
6.082e+07	1.65893e+06	296836	-1.34608e+08	3.60314e+08
6.083e+07	1.54024e+06	254723	-1.24977e+08	3.63731e+08
6.084e+07	1.42046e+06	215742	-1.15258e+08	3.66894e+08
6.085e+07	1.29968e+06	179922	-1.05458e+08	3.69801e+08
6.086e+07	1.17797e+06	147290	-9.55822e+07	3.72449e+08
6.087e+07	1.05543e+06	117870	-8.56392e+07	3.74836e+08
6.088e+07	932144	91685.6	-7.56354e+07	3.76961e+08
6.089e+07	808195	68755.7	-6.5578e+07	3.78821e+08
6.09e+07	683671	49097.8	-5.5474e+07	3.80416e+08
6.091e+07	558663	32726.8	-4.53307e+07	3.81745e+08
6.092e+07	433258	19655	-3.51551e+07	3.82805e+08
6.093e+07	307546	9892.44	-2.49546e+07	3.83597e+08
6.094e+07	181614	3446.43	-1.47364e+07	3.8412e+08
6.095e+07	55554.4	321.868	-4.50776e+06	3.84374e+08
6.096e+07	-70545.1	521.131	5.72412e+06	3.84358e+08
6.097e+07	-196595	4044.07	1.59519e+07	3.84072e+08
6.098e+07	-322504	10888	2.61684e+07	3.83517e+08
6.099e+07	-448185	21047.8	3.63663e+07	3.82692e+08
6.1e+07	-573548	34515.7	4.65384e+07	3.81599e+08
6.101e+07	-698503	51281.6	5.66774e+07	3.80239e+08
6.102e+07	-822962	71332.7	6.67762e+07	3.78612e+08
6.103e+07	-946838	94653.9	7.68277e+07	3.7672e+08
6.104e+07	-1.07004e+06	121228	8.68246e+07	3.74563e+08
6.105e+07	-1.19249e+06	151034	9.67599e+07	3.72145e+08
6.106e+07	-1.31409e+06	184050	1.06627e+08	3.69466e+08
6.107e+07	-1.43476e+06	220251	1.16418e+08	3.66529e+08
6.108e+07	-1.55441e+06	259610	1.26127e+08	3.63335e+08
6.109e+07	-1.67296e+06	302097	1.35746e+08	3.59887e+08
6.11e+07	-1.79033e+06	347680	1.4527e+08	3.56189e+08
6.111e+07	-1.90644e+06	396325	1.54691e+08	3.52242e+08
6.112e+07	-2.02119e+06	447996	1.64002e+08	3.48049e+08
6.113e+07	-2.13452e+06	502653	1.73198e+08	3.43614e+08
6.114e+07	-2.24635e+06	560257	1.82272e+08	3.3894e+08
6.115e+07	-2.35659e+06	620763	1.91217e+08	3.3403e+08
6.116e+07	-2.46518e+06	684127	2.00028e+08	3.28889e+08
6.117e+07	-2.57203e+06	750302	2.08698e+08	3.23519e+08
6.118e+07	-2.67707e+06	819239	2.17221e+08	3.17926e+08
6.119e+07	-2.78023e+06	890886	2.25591e+08	3.12112e+08
6.12e+07	-2.88144e+06	965191	2.33804e+08	3.06083e+08
6.121e+07	-2.98064e+06	1.0421e+06	2.41853e+08	2.99843e+08
6.122e+07	-3.07774e+06	1.12155e+06	2.49732e+08	2.93396e+08
6.123e+07	-3.1727e+06	1.20349e+06	2.57437e+08	2.86747e+08
6.124e+07	-3.26544e+06	1.28786e+06	2.64962e+08	2.79901e+08
6.125e+07	-3.3559e+06	1.3746e+06	2.72302e+08	2.72864e+08
6.126e+07	-3.44402e+06	1.46363e+06	2.79453e+08	2.65639e+08
6.127e+07	-3.52975e+06	1.55491e+06	2.86409e+08	2.58233e+08
6.128e+07	-3.61303e+06	1.64835e+06	2.93166e+08	2.50651e+08
6.129e+07	-3.6938e+06	1.7439e+06	2.9972e+08	2.42898e+08
6.13e+07	-3.77201e+06	1.84148e+06	3.06066e+08	2.3498e+08
6.131e+07	-3.84761e+06	1.94103e+06	3.122e+08	2.26902e+08
6.132e+07	-3.92055e+06	2.04247e+06	3.18118e+08	2.18671e+08
6.133e+07	-3.99078e+06	2.14573e+06	3.23817e+08	2.10292e+08
6.134e+07	-4.05826e+06	2.25074e+06	3.29293e+08	2.01772e+08
6.135e+07	-4.12296e+06	2.35742e+06	3.34542e+08	1.93116e+08
6.136e+07	-4.18481e+06	2.46569e+06	3.39561e+08	1.84331e+08
6.137e+07	-4.2438e+06	2.57548e+06	3.44348e+08	1.75422e+08
6.138e+07	-4.29988e+06	2.68672e+06	3.48898e+08	1.66396e+08
6.139e+07	-4.35303e+06	2.79931e+06	3.5321e+08	1.5726e+08
6.14e+07	-4.4032e+06	2.91319e+06	3.57281e+08	1.4802e+08
6.141e+07	-4.45036e+06	3.02828e+06	3.61108e+08	1.38682e+08
6.142e+07	-4.4945e+06	3.14449e+06	3.6469e+08	1.29252e+08
6.143e+07	-4.53559e+06	3.26174e+06	3.68023e+08	1.19738e+08
6.144e+07	-4.57359e+06	3.37995e+06	3.71107e+08	1.10146e+08
6.145e+07	-4.6085e+06	3.49905e+06	3.7394e+08	1.00483e+08
6.146e+07	-4.6403e+06	3.61894e+06	3.7652e+08	9.07545e+07
6.147e+07	-4.66896e+06	3.73955e+06	3.78846e+08	8.09682e+07
6.148e+07	-4.69448e+06	3.86079e+06	3.80916e+08	7.11304e+07
6.149e+07	-4.71684e+06	3.98258e+06	3.8273e+08	6.1248e+07
6.15e+07	-4.73603e+06	4.10484e+06	3.84287e+08	5.13275e+07
6.151e+07	-4.75204e+06	4.22749e+06	3.85587e+08	4.13758e+07
6.152e+07	-4.76488e+06	4.35044e+06	3.86628e+08	3.13995e+07
6.153e+07	-4.77453e+06	4.47361e+06	3.87412e+08	2.14054e+07
6.154e+07	-4.781e+06	4.59692e+06	3.87936e+08	1.14001e+07
6.155e+07	-4.78428e+06	4.72028e+06	3.88203e+08	1.39037e+06
6.156e+07	-4.78438e+06	4.84361e+06	3.88211e+08	-8.61721e+06
6.157e+07	-4.78131e+06	4.96684e+06	3.87962e+08	-1.8616e+07
6.158e+07	-4.77508e+06	5.08988e+06	3.87456e+08	-2.85993e+07
6.159e+07	-4.76568e+06	5.21264e+06	3.86693e+08	-3.85606e+07
6.16e+07	-4.75314e+06	5.33506e+06	3.85676e+08	-4.84934e+07
6.161e+07	-4.73746e+06	5.45704e+06	3.84404e+08	-5.83911e+07
6.162e+07	-4.71867e+06	5.57851e+06	3.82879e+08	-6.82474e+07
6.163e+07	-4.69678e+06	5.69939e+06	3.81103e+08	-7.80557e+07
6.164e+07	-4.67181e+06	5.8196e+06	3.79077e+08	-8.78098e+07
6.165e+07	-4.64378e+06	5.93906e+06	3.76803e+08	-9.75034e+07
6.166e+07	-4.61272e+06	6.05771e+06	3.74282e+08	-1.0713e+08
6.167e+07	-4.57865e+06	6.17545e+06	3.71517e+08	-1.16684e+08
6.168e+07	-4.54159e+06	6.29222e+06	3.6851e+08	-1.26159e+08
6.169e+07	-4.50158e+06	6.40794e+06	3.65264e+08	-1.35548e+08
6.17e+07	-4.45865e+06	6.52254e+06	3.6178e+08	-1.44847e+08
6.171e+07	-4.41282e+06	6.63594e+06	3.58062e+08	-1.54049e+08
6.172e+07	-4.36414e+06	6.74808e+06	3.54112e+08	-1.63148e+08
6.173e+07	-4.31265e+06	6.85888e+06	3.49934e+08	-1.72138e+08
6.174e+07	-4.25836e+06	6.96827e+06	3.45529e+08	-1.81015e+08
6.175e+07	-4.20134e+06	7.07619e+06	3.40902e+08	-1.89771e+08
6.176e+07	-4.14161e+06	7.18257e+06	3.36055e+08	-1.98403e+08
6.177e+07	-4.07922e+06	7.28734e+06	3.30993e+08	-2.06904e+08
6.178e+07	-4.01421e+06	7.39044e+06	3.25718e+08	-2.1527e+08
6.179e+07	-3.94663e+06	7.4918e+06	3.20235e+08	-2.23494e+08
6.18e+07	-3.87653e+06	7.59136e+06	3.14547e+08	-2.31573e+08
6.181e+07	-3.80395e+06	7.68906e+06	3.08657e+08	-2.395e+08
6.182e+07	-3.72894e+06	7.78484e+06	3.02571e+08	-2.47272e+08
6.183e+07	-3.65156e+06	7.87865e+06	2.96292e+08	-2.54884e+08
6.184e+07	-3.57185e+06	7.97041e+06	2.89825e+08	-2.6233e+08
6.185e+07	-3.48988e+06	8.06009e+06	2.83173e+08	-2.69606e+08
6.186e+07	-3.40569e+06	8.14762e+06	2.76342e+08	-2.76709e+08
6.187e+07	-3.31934e+06	8.23296e+06	2.69335e+08	-2.83633e+08
6.188e+07	-3.23089e+06	8.31604e+06	2.62158e+08	-2.90374e+08
6.189e+07	-3.14039e+06	8.39682e+06	2.54815e+08	-2.96929e+08
6.19e+07	-3.04791e+06	8.47526e+06	2.47312e+08	-3.03293e+08
6.191e+07	-2.95351e+06	8.5513e+06	2.39652e+08	-3.09463e+08
6.192e+07	-2.85724e+06	8.6249e+06	2.31841e+08	-3.15435e+08
6.193e+07	-2.75918e+06	8.69601e+06	2.23883e+08	-3.21206e+08
6.194e+07	-2.65938e+06	8.7646e+06	2.15785e+08	-3.26771e+08
6.195e+07	-2.55791e+06	8.83061e+06	2.07552e+08	-3.32128e+08
6.196e+07	-2.45483e+06	8.89403e+06	1.99188e+08	-3.37273e+08
6.197e+07	-2.35021e+06	8.95479e+06	1.90699e+08	-3.42204e+08
6.198e+07	-2.24411e+06	9.01288e+06	1.8209e+08	-3.46917e+08
6.199e+07	-2.13662e+06	9.06825e+06	1.73368e+08	-3.5141e+08
6.2e+07	-2.02778e+06	9.12088e+06	1.64537e+08	-3.5568e+08
6.201e+07	-1.91767e+06	9.17072e+06	1.55603e+08	-3.59724e+08
6.202e+07	-1.80637e+06	9.21776e+06	1.46571e+08	-3.63541e+08
6.203e+07	-1.69394e+06	9.26197e+06	1.37448e+08	-3.67128e+08
6.204e+07	-1.58045e+06	9.30331e+06	1.2824e+08	-3.70483e+08
6.205e+07	-1.46597e+06	9.34177e+06	1.18951e+08	-3.73603e+08
6.206e+07	-1.35058e+06	9.37732e+06	1.09588e+08	-3.76488e+08
6.207e+07	-1.23435e+06	9.40994e+06	1.00156e+08	-3.79135e+08
6.208e+07	-1.11734e+06	9.43961e+06	9.06628e+07	-3.81542e+08
6.209e+07	-999647	9.46632e+06	8.11127e+07	-3.8371e+08
6.21e+07	-881327	9.49005e+06	7.1512e+07	-3.85635e+08
6.211e+07	-762458	9.51078e+06	6.18668e+07	-3.87317e+08
6.212e+07	-643115	9.52851e+06	5.21832e+07	-3.88756e+08
6.213e+07	-523371	9.54323e+06	4.2467e+07	-3.8995e+08
6.214e+07	-403302	9.55491e+06	3.27245e+07	-3.90898e+08
6.215e+07	-282983	9.56357e+06	2.29616e+07	-3.916e+08
6.216e+07	-162487	9.56919e+06	1.31844e+07	-3.92056e+08
6.217e+07	-41890.2	9.57177e+06	3.39903e+06	-3.92266e+08
6.218e+07	78732.5	9.5713e+06	-6.38846e+06	-3.92228e+08
6.219e+07	199306	9.5678e+06	-1.6172e+07	-3.91944e+08
6.22e+07	319756	9.56126e+06	-2.59454e+07	-3.91413e+08
6.221e+07	440007	9.55168e+06	-3.57028e+07	-3.90636e+08
6.222e+07	559985	9.53907e+06	-4.54379e+07	-3.89612e+08
6.223e+07	679614	9.52344e+06	-5.51447e+07	-3.88344e+08
6.224e+07	798820	9.50479e+06	-6.48173e+07	-3.86831e+08
6.225e+07	917529	9.48314e+06	-7.44495e+07	-3.85075e+08
6.226e+07	1.03567e+06	9.45851e+06	-8.40354e+07	-3.83076e+08
6.227e+07	1.15316e+06	9.43089e+06	-9.35689e+07	-3.80835e+08
6.228e+07	1.26993e+06	9.40032e+06	-1.03044e+08	-3.78354e+08
6.229e+07	1.38592e+06	9.36681e+06	-1.12455e+08	-3.75635e+08
6.23e+07	1.50104e+06	9.33037e+06	-1.21796e+08	-3.72678e+08
6.231e+07	1.61522e+06	9.29103e+06	-1.31061e+08	-3.69487e+08
6.232e+07	1.7284e+06	9.24882e+06	-1.40244e+08	-3.66061e+08
6.233e+07	1.84049e+06	9.20375e+06	-1.4934e+08	-3.62404e+08
6.234e+07	1.95144e+06	9.15585e+06	-1.58342e+08	-3.58518e+08
6.235e+07	2.06116e+06	9.10516e+06	-1.67245e+08	-3.54404e+08
6.236e+07	2.1696e+06	9.0517e+06	-1.76044e+08	-3.50066e+08
6.237e+07	2.27667e+06	8.99549e+06	-1.84732e+08	-3.45506e+08
6.238e+07	2.38233e+06	8.93659e+06	-1.93305e+08	-3.40727e+08
6.239e+07	2.48648e+06	8.87501e+06	-2.01756e+08	-3.3573e+08
6.24e+07	2.58908e+06	8.81081e+06	-2.10081e+08	-3.3052e+08
6.241e+07	2.69005e+06	8.744e+06	-2.18274e+08	-3.251e+08
6.242e+07	2.78932e+06	8.67465e+06	-2.26329e+08	-3.19472e+08
6.243e+07	2.88685e+06	8.60277e+06	-2.34243e+08	-3.1364e+08
6.244e+07	2.98255e+06	8.52843e+06	-2.42008e+08	-3.07608e+08
6.245e+07	3.07637e+06	8.45166e+06	-2.49621e+08	-3.01378e+08
6.246e+07	3.16825e+06	8.3725e+06	-2.57076e+08	-2.94956e+08
6.247e+07	3.25813e+06	8.29102e+06	-2.64369e+08	-2.88344e+08
6.248e+07	3.34595e+06	8.20725e+06	-2.71495e+08	-2.81547e+08
6.249e+07	3.43165e+06	8.12124e+06	-2.78448e+08	-2.74568e+08
6.25e+07	3.51517e+06	8.03305e+06	-2.85225e+08	-2.67412e+08
6.251e+07	3.59646e+06	7.94274e+06	-2.91821e+08	-2.60084e+08
6.252e+07	3.67546e+06	7.85034e+06	-2.98232e+08	-2.52587e+08
6.253e+07	3.75213e+06	7.75594e+06	-3.04452e+08	-2.44927e+08
6.254e+07	3.8264e+06	7.65957e+06	-3.10479e+08	-2.37107e+08
6.255e+07	3.89823e+06	7.56129e+06	-3.16307e+08	-2.29133e+08
6.256e+07	3.96757e+06	7.46118e+06	-3.21934e+08	-2.2101e+08
6.257e+07	4.03437e+06	7.35929e+06	-3.27354e+08	-2.12742e+08
6.258e+07	4.09858e+06	7.25568e+06	-3.32564e+08	-2.04335e+08
6.259e+07	4.16017e+06	7.15041e+06	-3.37561e+08	-1.95794e+08
6.26e+07	4.21908e+06	7.04356e+06	-3.42342e+08	-1.87124e+08
6.261e+07	4.27527e+06	6.93519e+06	-3.46901e+08	-1.7833e+08
6.262e+07	4.32871e+06	6.82537e+06	-3.51238e+08	-1.69419e+08
6.263e+07	4.37936e+06	6.71415e+06	-3.55347e+08	-1.60395e+08
6.264e+07	4.42717e+06	6.60163e+06	-3.59227e+08	-1.51265e+08
6.265e+07	4.47212e+06	6.48786e+06	-3.62874e+08	-1.42033e+08
6.266e+07	4.51417e+06	6.37291e+06	-3.66286e+08	-1.32707e+08
6.267e+07	4.55328e+06	6.25687e+06	-3.69459e+08	-1.23291e+08
6.268e+07	4.58944e+06	6.1398e+06	-3.72393e+08	-1.13791e+08
6.269e+07	4.6226e+06	6.02178e+06	-3.75084e+08	-1.04215e+08
6.27e+07	4.65274e+06	5.90288e+06	-3.7753e+08	-9.45676e+07
6.271e+07	4.67984e+06	5.78319e+06	-3.79729e+08	-8.48553e+07
6.272e+07	4.70388e+06	5.66277e+06	-3.81679e+08	-7.50843e+07
6.273e+07	4.72483e+06	5.5417e+06	-3.83379e+08	-6.5261e+07
6.274e+07	4.74268e+06	5.42007e+06	-3.84827e+08	-5.53918e+07
6.275e+07	4.7574e+06	5.29795e+06	-3.86022e+08	-4.5483e+07
6.276e+07	4.76899e+06	5.17543e+06	-3.86962e+08	-3.55411e+07
6.277e+07	4.77743e+06	5.05258e+06	-3.87647e+08	-2.55727e+07
6.278e+07	4.78271e+06	4.92948e+06	-3.88075e+08	-1.55843e+07
6.279e+07	4.78482e+06	4.80621e+06	-3.88246e+08	-5.58239e+06
6.28e+07	4.78375e+06	4.68286e+06	-3.8816e+08	4.42628e+06
6.281e+07	4.7795e+06	4.55951e+06	-3.87815e+08	1.44351e+07
6.282e+07	4.77207e+06	4.43624e+06	-3.87212e+08	2.44375e+07
6.283e+07	4.76145e+06	4.31313e+06	-3.8635e+08	3.44266e+07
6.284e+07	4.74765e+06	4.19027e+06	-3.85231e+08	4.43959e+07
6.285e+07	4.73067e+06	4.06774e+06	-3.83853e+08	5.43386e+07
6.286e+07	4.71052e+06	3.94561e+06	-3.82218e+08	6.42479e+07
6.287e+07	4.68721e+06	3.82398e+06	-3.80326e+08	7.41173e+07
6.288e+07	4.66073e+06	3.70292e+06	-3.78178e+08	8.39399e+07
6.289e+07	4.63112e+06	3.58253e+06	-3.75775e+08	9.37091e+07
6.29e+07	4.59838e+06	3.46287e+06	-3.73119e+08	1.03418e+08
6.291e+07	4.56253e+06	3.34404e+06	-3.7021e+08	1.1306e+08
6.292e+07	4.52359e+06	3.22611e+06	-3.6705e+08	1.22629e+08
6.293e+07	4.48158e+06	3.10917e+06	-3.63641e+08	1.32118e+08
6.294e+07	4.43652e+06	2.9933e+06	-3.59985e+08	1.4152e+08
6.295e+07	4.38844e+06	2.87857e+06	-3.56084e+08	1.50829e+08
6.296e+07	4.33737e+06	2.76507e+06	-3.5194e+08	1.60038e+08
6.297e+07	4.28334e+06	2.65288e+06	-3.47556e+08	1.69142e+08
6.298e+07	4.22637e+06	2.54208e+06	-3.42933e+08	1.78132e+08
6.299e+07	4.16651e+06	2.43274e+06	-3.38076e+08	1.87004e+08
6.3e+07	4.10379e+06	2.32495e+06	-3.32987e+08	1.95751e+08
6.301e+07	4.03825e+06	2.21877e+06	-3.27669e+08	2.04366e+08
6.302e+07	3.96993e+06	2.11429e+06	-3.22126e+08	2.12844e+08
6.303e+07	3.89888e+06	2.01157e+06	-3.1636e+08	2.21179e+08
6.304e+07	3.82513e+06	1.9107e+06	-3.10376e+08	2.29363e+08
6.305e+07	3.74874e+06	1.81174e+06	-3.04177e+08	2.37393e+08
6.306e+07	3.66975e+06	1.71477e+06	-2.97768e+08	2.45262e+08
6.307e+07	3.58822e+06	1.61985e+06	-2.91153e+08	2.52963e+08
6.308e+07	3.5042e+06	1.52705e+06	-2.84335e+08	2.60493e+08
6.309e+07	3.41774e+06	1.43645e+06	-2.7732e+08	2.67844e+08
6.31e+07	3.3289e+06	1.34811e+06	-2.70111e+08	2.75013e+08
6.311e+07	3.23774e+06	1.26208e+06	-2.62715e+08	2.81993e+08
6.312e+07	3.14433e+06	1.17844e+06	-2.55135e+08	2.88779e+08
6.313e+07	3.04872e+06	1.09725e+06	-2.47377e+08	2.95368e+08
6.314e+07	2.95097e+06	1.01856e+06	-2.39446e+08	3.01752e+08
6.315e+07	2.85116e+06	942439	-2.31347e+08	3.07929e+08
6.316e+07	2.74936e+06	868934	-2.23086e+08	3.13894e+08
6.317e+07	2.64562e+06	798102	-2.14669e+08	3.19641e+08
6.318e+07	2.54003e+06	729996	-2.06101e+08	3.25167e+08
6.319e+07	2.43265e+06	664667	-1.97388e+08	3.30468e+08
6.32e+07	2.32355e+06	602163	-1.88536e+08	3.3554e+08
6.321e+07	2.21283e+06	542530	-1.79552e+08	3.40378e+08
6.322e+07	2.10054e+06	485814	-1.7044e+08	3.4498e+08
6.323e+07	1.98677e+06	432056	-1.61209e+08	3.49342e+08
6.324e+07	1.8716e+06	381296	-1.51864e+08	3.53461e+08
6.325e+07	1.7551e+06	333574	-1.42411e+08	3.57333e+08
6.326e+07	1.63737e+06	288924	-1.32858e+08	3.60956e+08
6.327e+07	1.51847e+06	247379	-1.23211e+08	3.64327e+08
6.328e+07	1.39851e+06	208973	-1.13477e+08	3.67444e+08
6.329e+07	1.27755e+06	173732	-1.03662e+08	3.70303e+08
6.33e+07	1.15568e+06	141684	-9.37737e+07	3.72904e+08
6.331e+07	1.033e+06	112853	-8.3819e+07	3.75243e+08
6.332e+07	909585	87260.5	-7.38049e+07	3.7732e+08
6.333e+07	785524	64926.1	-6.37385e+07	3.79132e+08
6.334e+07	660906	45866.6	-5.36268e+07	3.80678e+08
6.335e+07	535819	30096.5	-4.34771e+07	3.81958e+08
6.336e+07	410351	17627.6	-3.32964e+07	3.8297e+08
6.337e+07	284592	8469.38	-2.30922e+07	3.83713e+08
6.338e+07	158631	2628.83	-1.28715e+07	3.84187e+08
6.339e+07	32556.9	110.362	-2.64171e+06	3.84391e+08
6.34e+07	-93540.1	915.875	7.58997e+06	3.84326e+08
6.341e+07	-219571	5044.76	1.78163e+07	3.83991e+08
6.342e+07	-345445	12493.9	2.80299e+07	3.83386e+08
6.343e+07	-471075	23257.7	3.82236e+07	3.82513e+08
6.344e+07	-596370	37327.9	4.83902e+07	3.81371e+08
6.345e+07	-721241	54693.9	5.85224e+07	3.79962e+08
6.346e+07	-845601	75342.6	6.86131e+07	3.78287e+08
6.347e+07	-969360	99258.4	7.86551e+07	3.76346e+08
6.348e+07	-1.09243e+06	126423	8.86414e+07	3.74142e+08
6.349e+07	-1.21473e+06	156817	9.85647e+07	3.71676e+08
6.35e+07	-1.33617e+06	190415	1.08418e+08	3.68949e+08
6.351e+07	-1.45666e+06	227194	1.18195e+08	3.65965e+08
6.352e+07	-1.57611e+06	267126	1.27888e+08	3.62725e+08
6.353e+07	-1.69446e+06	310180	1.37491e+08	3.59232e+08
6.354e+07	-1.8116e+06	356324	1.46996e+08	3.55487e+08
6.355e+07	-1.92747e+06	405524	1.56397e+08	3.51495e+08
6.356e+07	-2.04197e+06	457742	1.65688e+08	3.47258e+08
6.357e+07	-2.15503e+06	512940	1.74862e+08	3.42779e+08
6.358e+07	-2.26658e+06	571077	1.83913e+08	3.38062e+08
6.359e+07	-2.37652e+06	632108	1.92834e+08	3.3311e+08
6.36e+07	-2.48479e+06	695988	2.0162e+08	3.27927e+08
6.361e+07	-2.59132e+06	762671	2.10263e+08	3.22516e+08
6.362e+07	-2.69602e+06	832105	2.18759e+08	3.16882e+08
6.363e+07	-2.79884e+06	904241	2.27101e+08	3.11029e+08
6.364e+07	-2.89969e+06	979025	2.35284e+08	3.04961e+08
6.365e+07	-2.9985e+06	1.0564e+06	2.43302e+08	2.98682e+08
6.366e+07	-3.09522e+06	1.13631e+06	2.5115e+08	2.92198e+08
6.367e+07	-3.18978e+06	1.2187e+06	2.58823e+08	2.85513e+08
6.368e+07	-3.28211e+06	1.3035e+06	2.66315e+08	2.78632e+08
6.369e+07	-3.37215e+06	1.39066e+06	2.73621e+08	2.7156e+08
6.37e+07	-3.45984e+06	1.48011e+06	2.80736e+08	2.64302e+08
6.371e+07	-3.54513e+06	1.57179e+06	2.87656e+08	2.56863e+08
6.372e+07	-3.62795e+06	1.66562e+06	2.94376e+08	2.49249e+08
6.373e+07	-3.70825e+06	1.76155e+06	3.00893e+08	2.41466e+08
6.374e+07	-3.78599e+06	1.8595e+06	3.072e+08	2.33518e+08
6.375e+07	-3.86111e+06	1.95939e+06	3.13295e+08	2.25412e+08
6.376e+07	-3.93356e+06	2.06117e+06	3.19174e+08	2.17154e+08
6.377e+07	-4.00329e+06	2.16476e+06	3.24832e+08	2.08749e+08
6.378e+07	-4.07027e+06	2.27007e+06	3.30267e+08	2.00203e+08
6.379e+07	-4.13445e+06	2.37705e+06	3.35475e+08	1.91523e+08
6.38e+07	-4.19579e+06	2.4856e+06	3.40452e+08	1.82715e+08
6.381e+07	-4.25425e+06	2.59566e+06	3.45195e+08	1.73784e+08
6.382e+07	-4.3098e+06	2.70715e+06	3.49703e+08	1.64738e+08
6.383e+07	-4.3624e+06	2.81999e+06	3.53971e+08	1.55582e+08
6.384e+07	-4.41202e+06	2.9341e+06	3.57997e+08	1.46324e+08
6.385e+07	-4.45864e+06	3.04939e+06	3.6178e+08	1.36968e+08
6.386e+07	-4.50222e+06	3.1658e+06	3.65316e+08	1.27523e+08
6.387e+07	-4.54275e+06	3.28323e+06	3.68604e+08	1.17994e+08
6.388e+07	-4.58019e+06	3.40161e+06	3.71643e+08	1.08389e+08
6.389e+07	-4.61454e+06	3.52086e+06	3.74429e+08	9.87131e+07
6.39e+07	-4.64576e+06	3.64089e+06	3.76963e+08	8.89738e+07
6.391e+07	-4.67385e+06	3.76162e+06	3.79242e+08	7.91776e+07
6.392e+07	-4.69879e+06	3.88296e+06	3.81266e+08	6.93312e+07
6.393e+07	-4.72057e+06	4.00485e+06	3.83033e+08	5.94413e+07
6.394e+07	-4.73918e+06	4.12719e+06	3.84544e+08	4.95147e+07
6.395e+07	-4.75462e+06	4.24989e+06	3.85796e+08	3.9558e+07
6.396e+07	-4.76688e+06	4.37289e+06	3.8679e+08	2.9578e+07
6.397e+07	-4.77595e+06	4.49609e+06	3.87527e+08	1.95813e+07
6.398e+07	-4.78183e+06	4.61941e+06	3.88004e+08	9.57471e+06
6.399e+07	-4.78454e+06	4.74278e+06	3.88224e+08	-435149
6.4e+07	-4.78406e+06	4.8661e+06	3.88185e+08	-1.04416e+07
6.401e+07	-4.78041e+06	4.9893e+06	3.87889e+08	-2.0438e+07
6.402e+07	-4.7736e+06	5.11229e+06	3.87336e+08	-3.04178e+07
6.403e+07	-4.76363e+06	5.235e+06	3.86527e+08	-4.03745e+07
6.404e+07	-4.75051e+06	5.35734e+06	3.85463e+08	-5.03013e+07
6.405e+07	-4.73427e+06	5.47923e+06	3.84145e+08	-6.0192e+07
6.406e+07	-4.71491e+06	5.6006e+06	3.82574e+08	-7.004e+07
6.407e+07	-4.69246e+06	5.72136e+06	3.80752e+08	-7.98389e+07
6.408e+07	-4.66693e+06	5.84144e+06	3.7868e+08	-8.95824e+07
6.409e+07	-4.63834e+06	5.96076e+06	3.76361e+08	-9.92642e+07
6.41e+07	-4.60673e+06	6.07925e+06	3.73796e+08	-1.08878e+08
6.411e+07	-4.57211e+06	6.19682e+06	3.70987e+08	-1.18418e+08
6.412e+07	-4.53451e+06	6.3134e+06	3.67936e+08	-1.27878e+08
6.413e+07	-4.49397e+06	6.42892e+06	3.64646e+08	-1.37251e+08
6.414e+07	-4.4505e+06	6.54331e+06	3.6112e+08	-1.46533e+08
6.415e+07	-4.40416e+06	6.65649e+06	3.57359e+08	-1.55716e+08
6.416e+07	-4.35496e+06	6.76838e+06	3.53367e+08	-1.64796e+08
6.417e+07	-4.30295e+06	6.87893e+06	3.49147e+08	-1.73766e+08
6.418e+07	-4.24817e+06	6.98806e+06	3.44702e+08	-1.82621e+08
6.419e+07	-4.19064e+06	7.09571e+06	3.40034e+08	-1.91355e+08
6.42e+07	-4.13042e+06	7.2018e+06	3.35148e+08	-1.99963e+08
6.421e+07	-4.06755e+06	7.30627e+06	3.30047e+08	-2.0844e+08
6.422e+07	-4.00207e+06	7.40905e+06	3.24734e+08	-2.1678e+08
6.423e+07	-3.93403e+06	7.51009e+06	3.19213e+08	-2.24978e+08
6.424e+07	-3.86347e+06	7.60932e+06	3.13487e+08	-2.3303e+08
6.425e+07	-3.79045e+06	7.70667e+06	3.07562e+08	-2.4093e+08
6.426e+07	-3.715e+06	7.8021e+06	3.0144e+08	-2.48673e+08
6.427e+07	-3.6372e+06	7.89554e+06	2.95127e+08	-2.56254e+08
6.428e+07	-3.55707e+06	7.98693e+06	2.88625e+08	-2.6367e+08
6.429e+07	-3.47469e+06	8.07622e+06	2.81941e+08	-2.70915e+08
6.43e+07	-3.3901e+06	8.16335e+06	2.75077e+08	-2.77985e+08
6.431e+07	-3.30336e+06	8.24828e+06	2.68039e+08	-2.84876e+08
6.432e+07	-3.21453e+06	8.33095e+06	2.60831e+08	-2.91584e+08
6.433e+07	-3.12367e+06	8.4113e+06	2.53459e+08	-2.98104e+08
6.434e+07	-3.03084e+06	8.48931e+06	2.45926e+08	-3.04433e+08
6.435e+07	-2.93609e+06	8.5649e+06	2.38238e+08	-3.10567e+08
6.436e+07	-2.83949e+06	8.63805e+06	2.304e+08	-3.16503e+08
6.437e+07	-2.74111e+06	8.70871e+06	2.22417e+08	-3.22236e+08
6.438e+07	-2.641e+06	8.77683e+06	2.14294e+08	-3.27763e+08
6.439e+07	-2.53922e+06	8.84238e+06	2.06036e+08	-3.33082e+08
6.44e+07	-2.43586e+06	8.90531e+06	1.97649e+08	-3.38188e+08
6.441e+07	-2.33097e+06	8.96559e+06	1.89138e+08	-3.4308e+08
6.442e+07	-2.22461e+06	9.02318e+06	1.80508e+08	-3.47753e+08
6.443e+07	-2.11686e+06	9.07806e+06	1.71765e+08	-3.52205e+08
6.444e+07	-2.00779e+06	9.13018e+06	1.62915e+08	-3.56434e+08
6.445e+07	-1.89746e+06	9.17951e+06	1.53962e+08	-3.60438e+08
6.446e+07	-1.78595e+06	9.22604e+06	1.44914e+08	-3.64213e+08
6.447e+07	-1.67332e+06	9.26972e+06	1.35775e+08	-3.67757e+08
6.448e+07	-1.55964e+06	9.31054e+06	1.26551e+08	-3.71069e+08
6.449e+07	-1.44499e+06	9.34847e+06	1.17248e+08	-3.74147e+08
6.45e+07	-1.32944e+06	9.38348e+06	1.07873e+08	-3.76988e+08
6.451e+07	-1.21306e+06	9.41557e+06	9.84295e+07	-3.79592e+08
6.452e+07	-1.09593e+06	9.4447e+06	8.89251e+07	-3.81956e+08
6.453e+07	-978112	9.47087e+06	7.93653e+07	-3.84079e+08
6.454e+07	-859686	9.49406e+06	6.97561e+07	-3.8596e+08
6.455e+07	-740725	9.51424e+06	6.01034e+07	-3.87598e+08
6.456e+07	-621304	9.53142e+06	5.04134e+07	-3.88992e+08
6.457e+07	-501495	9.54558e+06	4.0692e+07	-3.90141e+08
6.458e+07	-381375	9.55672e+06	3.09453e+07	-3.91045e+08
6.459e+07	-261018	9.56482e+06	2.11793e+07	-3.91702e+08
6.46e+07	-140498	9.56988e+06	1.14002e+07	-3.92113e+08
6.461e+07	-19891.1	9.57191e+06	1.61399e+06	-3.92277e+08
6.462e+07	100728	9.57089e+06	-8.17323e+06	-3.92195e+08
6.463e+07	221285	9.56683e+06	-1.79554e+07	-3.91865e+08
6.464e+07	341704	9.55973e+06	-2.77263e+07	-3.91289e+08
6.465e+07	461911	9.5496e+06	-3.74801e+07	-3.90467e+08
6.466e+07	581830	9.53644e+06	-4.72105e+07	-3.89399e+08
6.467e+07	701388	9.52026e+06	-5.69115e+07	-3.88086e+08
6.468e+07	820509	9.50107e+06	-6.65772e+07	-3.86529e+08
6.469e+07	939120	9.47887e+06	-7.62014e+07	-3.84728e+08
6.47e+07	1.05715e+06	9.45369e+06	-8.57782e+07	-3.82685e+08
6.471e+07	1.17451e+06	9.42554e+06	-9.53015e+07	-3.804e+08
6.472e+07	1.29115e+06	9.39443e+06	-1.04765e+08	-3.77876e+08
6.473e+07	1.40698e+06	9.36038e+06	-1.14164e+08	-3.75113e+08
6.474e+07	1.52193e+06	9.32341e+06	-1.23492e+08	-3.72114e+08
6.475e+07	1.63594e+06	9.28355e+06	-1.32742e+08	-3.68879e+08
6.476e+07	1.74892e+06	9.24081e+06	-1.4191e+08	-3.65411e+08
6.477e+07	1.86081e+06	9.19522e+06	-1.50989e+08	-3.61712e+08
6.478e+07	1.97154e+06	9.14682e+06	-1.59973e+08	-3.57785e+08
6.479e+07	2.08104e+06	9.09561e+06	-1.68858e+08	-3.5363e+08
6.48e+07	2.18923e+06	9.04165e+06	-1.77637e+08	-3.49251e+08
6.481e+07	2.29605e+06	8.98495e+06	-1.86305e+08	-3.44651e+08
6.482e+07	2.40143e+06	8.92556e+06	-1.94856e+08	-3.39831e+08
6.483e+07	2.50531e+06	8.8635e+06	-2.03284e+08	-3.34796e+08
6.484e+07	2.60762e+06	8.79882e+06	-2.11585e+08	-3.29547e+08
6.485e+07	2.70828e+06	8.73154e+06	-2.19753e+08	-3.24089e+08
6.486e+07	2.80724e+06	8.66172e+06	-2.27783e+08	-3.18424e+08
6.487e+07	2.90444e+06	8.5894e+06	-2.3567e+08	-3.12555e+08
6.488e+07	2.9998e+06	8.51461e+06	-2.43408e+08	-3.06486e+08
6.489e+07	3.09328e+06	8.4374e+06	-2.50993e+08	-3.00221e+08
6.49e+07	3.1848e+06	8.35782e+06	-2.58419e+08	-2.93764e+08
6.491e+07	3.2743e+06	8.27591e+06	-2.65681e+08	-2.87118e+08
6.492e+07	3.36174e+06	8.19173e+06	-2.72776e+08	-2.80287e+08
6.493e+07	3.44704e+06	8.10532e+06	-2.79698e+08	-2.73276e+08
6.494e+07	3.53016e+06	8.01674e+06	-2.86442e+08	-2.66089e+08
6.495e+07	3.61104e+06	7.92604e+06	-2.93004e+08	-2.58729e+08
6.496e+07	3.68962e+06	7.83328e+06	-2.99381e+08	-2.51202e+08
6.497e+07	3.76585e+06	7.7385e+06	-3.05566e+08	-2.43512e+08
6.498e+07	3.83968e+06	7.64178e+06	-3.11557e+08	-2.35664e+08
6.499e+07	3.91106e+06	7.54317e+06	-3.17349e+08	-2.27663e+08
6.5e+07	3.97994e+06	7.44273e+06	-3.22938e+08	-2.19513e+08
6.501e+07	4.04627e+06	7.34052e+06	-3.2832e+08	-2.11219e+08
6.502e+07	4.11001e+06	7.2366e+06	-3.33492e+08	-2.02787e+08
6.503e+07	4.17111e+06	7.13104e+06	-3.38449e+08	-1.94222e+08
6.504e+07	4.22953e+06	7.02391e+06	-3.4319e+08	-1.85529e+08
6.505e+07	4.28523e+06	6.91527e+06	-3.47709e+08	-1.76714e+08
6.506e+07	4.33816e+06	6.80518e+06	-3.52004e+08	-1.67782e+08
6.507e+07	4.38829e+06	6.69373e+06	-3.56072e+08	-1.58738e+08
6.508e+07	4.43559e+06	6.58097e+06	-3.59909e+08	-1.49588e+08
6.509e+07	4.48001e+06	6.46698e+06	-3.63514e+08	-1.40339e+08
6.51e+07	4.52152e+06	6.35183e+06	-3.66882e+08	-1.30996e+08
6.511e+07	4.5601e+06	6.23559e+06	-3.70012e+08	-1.21564e+08
6.512e+07	4.59571e+06	6.11835e+06	-3.72902e+08	-1.12051e+08
6.513e+07	4.62832e+06	6.00016e+06	-3.75548e+08	-1.02461e+08
6.514e+07	4.65791e+06	5.88111e+06	-3.77949e+08	-9.2801e+07
6.515e+07	4.68446e+06	5.76128e+06	-3.80103e+08	-8.30775e+07
6.516e+07	4.70793e+06	5.64073e+06	-3.82008e+08	-7.32965e+07
6.517e+07	4.72832e+06	5.51956e+06	-3.83662e+08	-6.34643e+07
6.518e+07	4.7456e+06	5.39784e+06	-3.85064e+08	-5.35874e+07
6.519e+07	4.75975e+06	5.27564e+06	-3.86212e+08	-4.36721e+07
6.52e+07	4.77077e+06	5.15305e+06	-3.87106e+08	-3.37249e+07
6.521e+07	4.77863e+06	5.03014e+06	-3.87744e+08	-2.37523e+07
6.522e+07	4.78333e+06	4.90701e+06	-3.88126e+08	-1.37609e+07
6.523e+07	4.78486e+06	4.78372e+06	-3.8825e+08	-3.75735e+06
6.524e+07	4.78321e+06	4.66037e+06	-3.88116e+08	6.25185e+06
6.525e+07	4.77838e+06	4.53702e+06	-3.87724e+08	1.626e+07
6.526e+07	4.77037e+06	4.41378e+06	-3.87074e+08	2.62604e+07
6.527e+07	4.75917e+06	4.29071e+06	-3.86165e+08	3.62465e+07
6.528e+07	4.74479e+06	4.1679e+06	-3.84999e+08	4.62114e+07
6.529e+07	4.72723e+06	4.04543e+06	-3.83574e+08	5.61485e+07
6.53e+07	4.7065e+06	3.92339e+06	-3.81892e+08	6.60511e+07
6.531e+07	4.68261e+06	3.80186e+06	-3.79953e+08	7.59124e+07
6.532e+07	4.65557e+06	3.68092e+06	-3.77759e+08	8.57257e+07
6.533e+07	4.62538e+06	3.56065e+06	-3.7531e+08	9.54844e+07
6.534e+07	4.59208e+06	3.44114e+06	-3.72607e+08	1.05182e+08
6.535e+07	4.55566e+06	3.32246e+06	-3.69652e+08	1.14811e+08
6.536e+07	4.51616e+06	3.20471e+06	-3.66447e+08	1.24366e+08
6.537e+07	4.47359e+06	3.08795e+06	-3.62993e+08	1.33839e+08
6.538e+07	4.42798e+06	2.97228e+06	-3.59292e+08	1.43225e+08
6.539e+07	4.37935e+06	2.85778e+06	-3.55346e+08	1.52516e+08
6.54e+07	4.32774e+06	2.74451e+06	-3.51158e+08	1.61707e+08
6.541e+07	4.27317e+06	2.63257e+06	-3.4673e+08	1.7079e+08
6.542e+07	4.21567e+06	2.52203e+06	-3.42065e+08	1.79759e+08
6.543e+07	4.15529e+06	2.41297e+06	-3.37165e+08	1.88609e+08
6.544e+07	4.09205e+06	2.30546e+06	-3.32034e+08	1.97332e+08
6.545e+07	4.026e+06	2.19959e+06	-3.26675e+08	2.05923e+08
6.546e+07	3.95718e+06	2.09542e+06	-3.2109e+08	2.14375e+08
6.547e+07	3.88563e+06	1.99303e+06	-3.15285e+08	2.22683e+08
6.548e+07	3.81139e+06	1.8925e+06	-3.09261e+08	2.3084e+08
6.549e+07	3.73452e+06	1.7939e+06	-3.03024e+08	2.3884e+08
6.55e+07	3.65507e+06	1.6973e+06	-2.96577e+08	2.46679e+08
6.551e+07	3.57308e+06	1.60276e+06	-2.89924e+08	2.5435e+08
6.552e+07	3.48861e+06	1.51037e+06	-2.8307e+08	2.61847e+08
6.553e+07	3.40171e+06	1.42017e+06	-2.76019e+08	2.69166e+08
6.554e+07	3.31245e+06	1.33224e+06	-2.68776e+08	2.763e+08
6.555e+07	3.22087e+06	1.24665e+06	-2.61346e+08	2.83245e+08
6.556e+07	3.12705e+06	1.16345e+06	-2.53733e+08	2.89996e+08
6.557e+07	3.03105e+06	1.08271e+06	-2.45943e+08	2.96547e+08
6.558e+07	2.93292e+06	1.00449e+06	-2.37981e+08	3.02895e+08
6.559e+07	2.83274e+06	928836	-2.29853e+08	3.09033e+08
6.56e+07	2.73058e+06	855814	-2.21563e+08	3.14958e+08
6.561e+07	2.6265e+06	785476	-2.13118e+08	3.20665e+08
6.562e+07	2.52057e+06	717873	-2.04523e+08	3.26151e+08
6.563e+07	2.41288e+06	653055	-1.95784e+08	3.3141e+08
6.564e+07	2.30348e+06	591072	-1.86907e+08	3.3644e+08
6.565e+07	2.19246e+06	531968	-1.77899e+08	3.41235e+08
6.566e+07	2.0799e+06	475788	-1.68766e+08	3.45794e+08
6.567e+07	1.96587e+06	422574	-1.59513e+08	3.50112e+08
6.568e+07	1.85045e+06	372365	-1.50148e+08	3.54186e+08
6.569e+07	1.73372e+06	325200	-1.40676e+08	3.58013e+08
6.57e+07	1.61577e+06	281114	-1.31105e+08	3.6159e+08
6.571e+07	1.49667e+06	240140	-1.21442e+08	3.64915e+08
6.572e+07	1.37652e+06	202309	-1.11692e+08	3.67984e+08
6.573e+07	1.25539e+06	167648	-1.01864e+08	3.70797e+08
6.574e+07	1.13337e+06	136185	-9.19629e+07	3.7335e+08
6.575e+07	1.01054e+06	107943	-8.19969e+07	3.75641e+08
6.576e+07	887005	82943.7	-7.19727e+07	3.7767e+08
6.577e+07	762836	61205.4	-6.18975e+07	3.79434e+08
6.578e+07	638126	42744.8	-5.17783e+07	3.80932e+08
6.579e+07	512962	27576	-4.16224e+07	3.82162e+08
6.58e+07	387435	15710.2	-3.1437e+07	3.83125e+08
6.581e+07	261632	7156.67	-2.12292e+07	3.83819e+08
6.582e+07	135644	1921.74	-1.10063e+07	3.84244e+08
6.583e+07	9558.74	9.42432	-775609	3.84399e+08
6.584e+07	-116533	1421.17	9.45563e+06	3.84285e+08
6.585e+07	-242542	6155.9	1.96802e+07	3.83901e+08
6.586e+07	-368378	14210	2.98907e+07	3.83247e+08
6.587e+07	-493953	25577.5	4.008e+07	3.82325e+08
6.588e+07	-619178	40249.7	5.02409e+07	3.81134e+08
6.589e+07	-743962	58215.5	6.03661e+07	3.79676e+08
6.59e+07	-868219	79461.3	7.04484e+07	3.77952e+08
6.591e+07	-991860	103971	8.04808e+07	3.75964e+08
6.592e+07	-1.1148e+06	131726	9.04561e+07	3.73712e+08
6.593e+07	-1.23694e+06	162706	1.00367e+08	3.71198e+08
6.594e+07	-1.35821e+06	196887	1.10207e+08	3.68424e+08
6.595e+07	-1.47852e+06	234243	1.19969e+08	3.65393e+08
6.596e+07	-1.59778e+06	274746	1.29646e+08	3.62107e+08
6.597e+07	-1.71591e+06	318366	1.39232e+08	3.58567e+08
6.598e+07	-1.83283e+06	365071	1.48718e+08	3.54778e+08
6.599e+07	-1.94845e+06	414824	1.581e+08	3.50741e+08
6.6e+07	-2.0627e+06	467588	1.6737e+08	3.46459e+08
6.601e+07	-2.17549e+06	523325	1.76522e+08	3.41937e+08
6.602e+07	-2.28675e+06	581993	1.8555e+08	3.37176e+08
6.603e+07	-2.3964e+06	643547	1.94447e+08	3.32182e+08
6.604e+07	-2.50436e+06	707942	2.03207e+08	3.26957e+08
6.605e+07	-2.61055e+06	775130	2.11824e+08	3.21505e+08
6.606e+07	-2.71492e+06	845062	2.20292e+08	3.15831e+08
6.607e+07	-2.81738e+06	917684	2.28606e+08	3.09938e+08
6.608e+07	-2.91786e+06	992945	2.36759e+08	3.03831e+08
6.609e+07	-3.0163e+06	1.07079e+06	2.44747e+08	2.97515e+08
6.61e+07	-3.11263e+06	1.15116e+06	2.52563e+08	2.90994e+08
6.611e+07	-3.20679e+06	1.23399e+06	2.60203e+08	2.84273e+08
6.612e+07	-3.2987e+06	1.31923e+06	2.67661e+08	2.77356e+08
6.613e+07	-3.38832e+06	1.40681e+06	2.74933e+08	2.7025e+08
6.614e+07	-3.47558e+06	1.49667e+06	2.82013e+08	2.62958e+08
6.615e+07	-3.56042e+06	1.58874e+06	2.88897e+08	2.55487e+08
6.616e+07	-3.64278e+06	1.68296e+06	2.9558e+08	2.47842e+08
6.617e+07	-3.72262e+06	1.77926e+06	3.02059e+08	2.40028e+08
6.618e+07	-3.79989e+06	1.87757e+06	3.08328e+08	2.32051e+08
6.619e+07	-3.87452e+06	1.97782e+06	3.14384e+08	2.23917e+08
6.62e+07	-3.94648e+06	2.07993e+06	3.20222e+08	2.15632e+08
6.621e+07	-4.01572e+06	2.18384e+06	3.2584e+08	2.07201e+08
6.622e+07	-4.08219e+06	2.28946e+06	3.31234e+08	1.9863e+08
6.623e+07	-4.14585e+06	2.39673e+06	3.364e+08	1.89926e+08
6.624e+07	-4.20667e+06	2.50557e+06	3.41334e+08	1.81095e+08
6.625e+07	-4.2646e+06	2.61589e+06	3.46035e+08	1.72143e+08
6.626e+07	-4.31961e+06	2.72763e+06	3.50499e+08	1.63076e+08
6.627e+07	-4.37167e+06	2.84071e+06	3.54723e+08	1.53901e+08
6.628e+07	-4.42075e+06	2.95504e+06	3.58705e+08	1.44624e+08
6.629e+07	-4.46681e+06	3.07054e+06	3.62443e+08	1.35252e+08
6.63e+07	-4.50984e+06	3.18714e+06	3.65934e+08	1.25791e+08
6.631e+07	-4.54981e+06	3.30475e+06	3.69177e+08	1.16248e+08
6.632e+07	-4.58669e+06	3.4233e+06	3.7217e+08	1.06629e+08
6.633e+07	-4.62046e+06	3.54269e+06	3.7491e+08	9.69415e+07
6.634e+07	-4.65112e+06	3.66285e+06	3.77398e+08	8.71913e+07
6.635e+07	-4.67863e+06	3.7837e+06	3.7963e+08	7.73854e+07
6.636e+07	-4.703e+06	3.90516e+06	3.81608e+08	6.75306e+07
6.637e+07	-4.7242e+06	4.02713e+06	3.83328e+08	5.76335e+07
6.638e+07	-4.74224e+06	4.14954e+06	3.84791e+08	4.77009e+07
6.639e+07	-4.75709e+06	4.27231e+06	3.85997e+08	3.77394e+07
6.64e+07	-4.76877e+06	4.39535e+06	3.86944e+08	2.77558e+07
6.641e+07	-4.77726e+06	4.51858e+06	3.87633e+08	1.77569e+07
6.642e+07	-4.78256e+06	4.64191e+06	3.88063e+08	7.74918e+06
6.643e+07	-4.78469e+06	4.76527e+06	3.88236e+08	-2.26055e+06
6.644e+07	-4.78363e+06	4.88858e+06	3.8815e+08	-1.22657e+07
6.645e+07	-4.7794e+06	5.01175e+06	3.87807e+08	-2.22596e+07
6.646e+07	-4.77201e+06	5.13469e+06	3.87207e+08	-3.22356e+07
6.647e+07	-4.76147e+06	5.25734e+06	3.86352e+08	-4.21873e+07
6.648e+07	-4.74778e+06	5.3796e+06	3.85241e+08	-5.2108e+07
6.649e+07	-4.73097e+06	5.50141e+06	3.83877e+08	-6.19914e+07
6.65e+07	-4.71104e+06	5.62267e+06	3.8226e+08	-7.18309e+07
6.651e+07	-4.68803e+06	5.74332e+06	3.80393e+08	-8.16202e+07
6.652e+07	-4.66194e+06	5.86326e+06	3.78276e+08	-9.13529e+07
6.653e+07	-4.6328e+06	5.98244e+06	3.75912e+08	-1.01023e+08
6.654e+07	-4.60064e+06	6.10076e+06	3.73302e+08	-1.10624e+08
6.655e+07	-4.56547e+06	6.21816e+06	3.70448e+08	-1.20149e+08
6.656e+07	-4.52734e+06	6.33455e+06	3.67354e+08	-1.29594e+08
6.657e+07	-4.48626e+06	6.44987e+06	3.64021e+08	-1.38951e+08
6.658e+07	-4.44227e+06	6.56404e+06	3.60451e+08	-1.48215e+08
6.659e+07	-4.3954e+06	6.67699e+06	3.56648e+08	-1.5738e+08
6.66e+07	-4.34568e+06	6.78865e+06	3.52615e+08	-1.6644e+08
6.661e+07	-4.29317e+06	6.89894e+06	3.48353e+08	-1.75389e+08
6.662e+07	-4.23788e+06	7.00781e+06	3.43867e+08	-1.84223e+08
6.663e+07	-4.17986e+06	7.11517e+06	3.39159e+08	-1.92935e+08
6.664e+07	-4.11916e+06	7.22097e+06	3.34234e+08	-2.01519e+08
6.665e+07	-4.05581e+06	7.32514e+06	3.29093e+08	-2.09971e+08
6.666e+07	-3.98986e+06	7.42761e+06	3.23742e+08	-2.18286e+08
6.667e+07	-3.92135e+06	7.52832e+06	3.18183e+08	-2.26458e+08
6.668e+07	-3.85034e+06	7.62721e+06	3.12421e+08	-2.34482e+08
6.669e+07	-3.77687e+06	7.72422e+06	3.0646e+08	-2.42354e+08
6.67e+07	-3.70099e+06	7.81929e+06	3.00303e+08	-2.50067e+08
6.671e+07	-3.62275e+06	7.91236e+06	2.93955e+08	-2.57619e+08
6.672e+07	-3.54221e+06	8.00337e+06	2.8742e+08	-2.65004e+08
6.673e+07	-3.45942e+06	8.09227e+06	2.80702e+08	-2.72217e+08
6.674e+07	-3.37444e+06	8.17901e+06	2.73806e+08	-2.79255e+08
6.675e+07	-3.28732e+06	8.26353e+06	2.66737e+08	-2.86113e+08
6.676e+07	-3.19811e+06	8.34578e+06	2.59499e+08	-2.92787e+08
6.677e+07	-3.10689e+06	8.42571e+06	2.52097e+08	-2.99273e+08
6.678e+07	-3.0137e+06	8.50327e+06	2.44535e+08	-3.05567e+08
6.679e+07	-2.91861e+06	8.57843e+06	2.3682e+08	-3.11665e+08
6.68e+07	-2.82168e+06	8.65113e+06	2.28955e+08	-3.17564e+08
6.681e+07	-2.72297e+06	8.72132e+06	2.20946e+08	-3.23259e+08
6.682e+07	-2.62256e+06	8.78898e+06	2.12798e+08	-3.28749e+08
6.683e+07	-2.52049e+06	8.85405e+06	2.04516e+08	-3.34029e+08
6.684e+07	-2.41684e+06	8.9165e+06	1.96106e+08	-3.39096e+08
6.685e+07	-2.31168e+06	8.97629e+06	1.87572e+08	-3.43948e+08
6.686e+07	-2.20506e+06	9.03339e+06	1.78922e+08	-3.48581e+08
6.687e+07	-2.09707e+06	9.08777e+06	1.70159e+08	-3.52993e+08
6.688e+07	-1.98776e+06	9.13938e+06	1.61289e+08	-3.57181e+08
6.689e+07	-1.87721e+06	9.18821e+06	1.52319e+08	-3.61143e+08
6.69e+07	-1.76549e+06	9.23422e+06	1.43254e+08	-3.64876e+08
6.691e+07	-1.65266e+06	9.27738e+06	1.34099e+08	-3.68379e+08
6.692e+07	-1.5388e+06	9.31767e+06	1.2486e+08	-3.71648e+08
6.693e+07	-1.42398e+06	9.35507e+06	1.15544e+08	-3.74683e+08
6.694e+07	-1.30828e+06	9.38956e+06	1.06155e+08	-3.77481e+08
6.695e+07	-1.19175e+06	9.4211e+06	9.67005e+07	-3.80041e+08
6.696e+07	-1.07449e+06	9.4497e+06	8.71856e+07	-3.82361e+08
6.697e+07	-956557	9.47532e+06	7.76163e+07	-3.8444e+08
6.698e+07	-838028	9.49796e+06	6.79987e+07	-3.86277e+08
6.699e+07	-718978	9.5176e+06	5.83388e+07	-3.87871e+08
6.7e+07	-599480	9.53423e+06	4.86426e+07	-3.8922e+08
6.701e+07	-479609	9.54784e+06	3.89161e+07	-3.90324e+08
6.702e+07	-359440	9.55842e+06	2.91654e+07	-3.91183e+08
6.703e+07	-239048	9.56597e+06	1.93966e+07	-3.91795e+08
6.704e+07	-118506	9.57048e+06	9.61576e+06	-3.92161e+08
6.705e+07	2108.52	9.57195e+06	-171088	-3.9228e+08
6.706e+07	122722	9.57038e+06	-9.95783e+06	-3.92153e+08
6.707e+07	243259	9.56576e+06	-1.97384e+07	-3.91779e+08
6.708e+07	363645	9.55811e+06	-2.95067e+07	-3.91158e+08
6.709e+07	483805	9.54743e+06	-3.92566e+07	-3.90291e+08
6.71e+07	603664	9.53372e+06	-4.89821e+07	-3.89178e+08
6.711e+07	723148	9.51698e+06	-5.86771e+07	-3.87821e+08
6.712e+07	842181	9.49724e+06	-6.83357e+07	-3.86219e+08
6.713e+07	960691	9.4745e+06	-7.79517e+07	-3.84374e+08
6.714e+07	1.0786e+06	9.44878e+06	-8.75192e+07	-3.82286e+08
6.715e+07	1.19584e+06	9.42008e+06	-9.70321e+07	-3.79958e+08
6.716e+07	1.31234e+06	9.38844e+06	-1.06485e+08	-3.7739e+08
6.717e+07	1.42801e+06	9.35385e+06	-1.15871e+08	-3.74584e+08
6.718e+07	1.5428e+06	9.31636e+06	-1.25185e+08	-3.71541e+08
6.719e+07	1.65662e+06	9.27597e+06	-1.3442e+08	-3.68264e+08
6.72e+07	1.76941e+06	9.23271e+06	-1.43572e+08	-3.64754e+08
6.721e+07	1.8811e+06	9.1866e+06	-1.52635e+08	-3.61013e+08
6.722e+07	1.9916e+06	9.13768e+06	-1.61601e+08	-3.57044e+08
6.723e+07	2.10087e+06	9.08598e+06	-1.70467e+08	-3.52848e+08
6.724e+07	2.20882e+06	9.03151e+06	-1.79226e+08	-3.48429e+08
6.725e+07	2.31538e+06	8.97432e+06	-1.87873e+08	-3.43788e+08
6.726e+07	2.42049e+06	8.91444e+06	-1.96402e+08	-3.38929e+08
6.727e+07	2.52409e+06	8.8519e+06	-2.04808e+08	-3.33855e+08
6.728e+07	2.6261e+06	8.78674e+06	-2.13085e+08	-3.28567e+08
6.729e+07	2.72646e+06	8.719e+06	-2.21228e+08	-3.23071e+08
6.73e+07	2.8251e+06	8.64872e+06	-2.29233e+08	-3.17368e+08
6.731e+07	2.92197e+06	8.57594e+06	-2.37092e+08	-3.11463e+08
6.732e+07	3.01699e+06	8.5007e+06	-2.44803e+08	-3.05358e+08
6.733e+07	3.11012e+06	8.42306e+06	-2.52359e+08	-2.99058e+08
6.734e+07	3.20127e+06	8.34305e+06	-2.59755e+08	-2.92566e+08
6.735e+07	3.29041e+06	8.26072e+06	-2.66988e+08	-2.85886e+08
6.736e+07	3.37746e+06	8.17613e+06	-2.74051e+08	-2.79022e+08
6.737e+07	3.46237e+06	8.08932e+06	-2.80941e+08	-2.71978e+08
6.738e+07	3.54508e+06	8.00035e+06	-2.87652e+08	-2.64759e+08
6.739e+07	3.62554e+06	7.90927e+06	-2.94181e+08	-2.57369e+08
6.74e+07	3.7037e+06	7.81614e+06	-3.00523e+08	-2.49812e+08
6.741e+07	3.7795e+06	7.72101e+06	-3.06673e+08	-2.42093e+08
6.742e+07	3.85288e+06	7.62394e+06	-3.12628e+08	-2.34216e+08
6.743e+07	3.92381e+06	7.52499e+06	-3.18383e+08	-2.26187e+08
6.744e+07	3.99223e+06	7.42422e+06	-3.23935e+08	-2.18011e+08
6.745e+07	4.05809e+06	7.32169e+06	-3.29279e+08	-2.09692e+08
6.746e+07	4.12135e+06	7.21747e+06	-3.34412e+08	-2.01235e+08
6.747e+07	4.18197e+06	7.11162e+06	-3.3933e+08	-1.92646e+08
6.748e+07	4.23989e+06	7.00421e+06	-3.4403e+08	-1.8393e+08
6.749e+07	4.29509e+06	6.8953e+06	-3.48509e+08	-1.75093e+08
6.75e+07	4.34751e+06	6.78496e+06	-3.52763e+08	-1.6614e+08
6.751e+07	4.39713e+06	6.67326e+06	-3.56789e+08	-1.57077e+08
6.752e+07	4.4439e+06	6.56027e+06	-3.60584e+08	-1.47909e+08
6.753e+07	4.4878e+06	6.44606e+06	-3.64146e+08	-1.38642e+08
6.754e+07	4.52878e+06	6.33071e+06	-3.67471e+08	-1.29282e+08
6.755e+07	4.56682e+06	6.21428e+06	-3.70557e+08	-1.19835e+08
6.756e+07	4.60188e+06	6.09686e+06	-3.73403e+08	-1.10307e+08
6.757e+07	4.63394e+06	5.97851e+06	-3.76004e+08	-1.00704e+08
6.758e+07	4.66298e+06	5.85931e+06	-3.7836e+08	-9.10322e+07
6.759e+07	4.68897e+06	5.73934e+06	-3.80469e+08	-8.12977e+07
6.76e+07	4.71188e+06	5.61868e+06	-3.82328e+08	-7.15069e+07
6.761e+07	4.7317e+06	5.4974e+06	-3.83937e+08	-6.16661e+07
6.762e+07	4.74841e+06	5.37558e+06	-3.85292e+08	-5.17817e+07
6.763e+07	4.76199e+06	5.25331e+06	-3.86394e+08	-4.18601e+07
6.764e+07	4.77244e+06	5.13065e+06	-3.87242e+08	-3.19078e+07
6.765e+07	4.77972e+06	5.0077e+06	-3.87833e+08	-2.19313e+07
6.766e+07	4.78385e+06	4.88453e+06	-3.88167e+08	-1.19372e+07
6.767e+07	4.7848e+06	4.76123e+06	-3.88245e+08	-1.93211e+06
6.768e+07	4.78257e+06	4.63787e+06	-3.88064e+08	8.07739e+06
6.769e+07	4.77716e+06	4.51454e+06	-3.87625e+08	1.80846e+07
6.77e+07	4.76856e+06	4.39132e+06	-3.86928e+08	2.80829e+07
6.771e+07	4.75679e+06	4.26829e+06	-3.85972e+08	3.80656e+07
6.772e+07	4.74183e+06	4.14553e+06	-3.84758e+08	4.8026e+07
6.773e+07	4.72369e+06	4.02314e+06	-3.83286e+08	5.79573e+07
6.774e+07	4.70238e+06	3.90118e+06	-3.81557e+08	6.78528e+07
6.775e+07	4.67791e+06	3.77975e+06	-3.79572e+08	7.77059e+07
6.776e+07	4.6503e+06	3.65893e+06	-3.77331e+08	8.75098e+07
6.777e+07	4.61954e+06	3.53879e+06	-3.74836e+08	9.72578e+07
6.778e+07	4.58567e+06	3.41943e+06	-3.72087e+08	1.06943e+08
6.779e+07	4.54868e+06	3.30091e+06	-3.69086e+08	1.1656e+08
6.78e+07	4.50862e+06	3.18334e+06	-3.65835e+08	1.261e+08
6.781e+07	4.4655e+06	3.06678e+06	-3.62336e+08	1.35558e+08
6.782e+07	4.41933e+06	2.95131e+06	-3.5859e+08	1.44927e+08
6.783e+07	4.37016e+06	2.83702e+06	-3.546e+08	1.542e+08
6.784e+07	4.318e+06	2.72399e+06	-3.50368e+08	1.63371e+08
6.785e+07	4.2629e+06	2.6123e+06	-3.45897e+08	1.72434e+08
6.786e+07	4.20487e+06	2.50202e+06	-3.41189e+08	1.81382e+08
6.787e+07	4.14396e+06	2.39324e+06	-3.36247e+08	1.90209e+08
6.788e+07	4.08021e+06	2.28603e+06	-3.31074e+08	1.98909e+08
6.789e+07	4.01365e+06	2.18046e+06	-3.25673e+08	2.07475e+08
6.79e+07	3.94433e+06	2.07661e+06	-3.20048e+08	2.15901e+08
6.791e+07	3.87229e+06	1.97456e+06	-3.14202e+08	2.24182e+08
6.792e+07	3.79757e+06	1.87438e+06	-3.0814e+08	2.32311e+08
6.793e+07	3.72022e+06	1.77613e+06	-3.01864e+08	2.40282e+08
6.794e+07	3.6403e+06	1.6799e+06	-2.95379e+08	2.48091e+08
6.795e+07	3.55786e+06	1.58575e+06	-2.88689e+08	2.5573e+08
6.796e+07	3.47294e+06	1.49375e+06	-2.81799e+08	2.63195e+08
6.797e+07	3.38561e+06	1.40396e+06	-2.74713e+08	2.70481e+08
6.798e+07	3.29592e+06	1.31646e+06	-2.67435e+08	2.77581e+08
6.799e+07	3.20393e+06	1.2313e+06	-2.59971e+08	2.84491e+08
6.8e+07	3.10971e+06	1.14854e+06	-2.52326e+08	2.91206e+08
6.801e+07	3.01331e+06	1.06826e+06	-2.44504e+08	2.9772e+08
6.802e+07	2.9148e+06	990497	-2.36511e+08	3.0403e+08
6.803e+07	2.81426e+06	915321	-2.28353e+08	3.1013e+08
6.804e+07	2.71174e+06	842785	-2.20034e+08	3.16015e+08
6.805e+07	2.60732e+06	772941	-2.11561e+08	3.21683e+08
6.806e+07	2.50106e+06	705842	-2.02939e+08	3.27127e+08
6.807e+07	2.39305e+06	641538	-1.94175e+08	3.32345e+08
6.808e+07	2.28335e+06	580076	-1.85274e+08	3.37332e+08
6.809e+07	2.17204e+06	521502	-1.76243e+08	3.42085e+08
6.81e+07	2.05921e+06	465860	-1.67087e+08	3.46599e+08
6.811e+07	1.94492e+06	413192	-1.57813e+08	3.50873e+08
6.812e+07	1.82925e+06	363536	-1.48428e+08	3.54902e+08
6.813e+07	1.7123e+06	316930	-1.38938e+08	3.58684e+08
6.814e+07	1.59413e+06	273409	-1.2935e+08	3.62215e+08
6.815e+07	1.47483e+06	233005	-1.1967e+08	3.65494e+08
6.816e+07	1.3545e+06	195750	-1.09906e+08	3.68517e+08
6.817e+07	1.2332e+06	161671	-1.00063e+08	3.71282e+08
6.818e+07	1.11102e+06	130794	-9.015e+07	3.73787e+08
6.819e+07	988064	103142	-8.01728e+07	3.76031e+08
6.82e+07	864404	78735.5	-7.01388e+07	3.78011e+08
6.821e+07	740129	57593.8	-6.00551e+07	3.79727e+08
6.822e+07	615330	39732.6	-4.99287e+07	3.81176e+08
6.823e+07	490093	25165.3	-3.97668e+07	3.82358e+08
6.824e+07	364509	13903.1	-2.95767e+07	3.83272e+08
6.825e+07	238666	5954.35	-1.93657e+07	3.83917e+08
6.826e+07	112653	1325.18	-9.14082e+06	3.84292e+08
6.827e+07	-13439.7	19.0568	1.09051e+06	3.84398e+08
6.828e+07	-139523	2036.99	1.13211e+07	3.84235e+08
6.829e+07	-265507	7377.46	2.15436e+07	3.83801e+08
6.83e+07	-391303	16036.4	3.17508e+07	3.83099e+08
6.831e+07	-516820	28007.3	4.19355e+07	3.82127e+08
6.832e+07	-641971	43281	5.20904e+07	3.80888e+08
6.833e+07	-766666	61846.1	6.22083e+07	3.79382e+08
6.834e+07	-890817	83688.5	7.2282e+07	3.77609e+08
6.835e+07	-1.01434e+06	108792	8.23045e+07	3.75573e+08
6.836e+07	-1.13714e+06	137136	9.22686e+07	3.73273e+08
6.837e+07	-1.25913e+06	168702	1.02167e+08	3.70711e+08
6.838e+07	-1.38023e+06	203464	1.11994e+08	3.67891e+08
6.839e+07	-1.50035e+06	241396	1.21741e+08	3.64813e+08
6.84e+07	-1.61941e+06	282470	1.31401e+08	3.6148e+08
6.841e+07	-1.73733e+06	326655	1.40969e+08	3.57895e+08
6.842e+07	-1.85402e+06	373918	1.50437e+08	3.5406e+08
6.843e+07	-1.9694e+06	424223	1.59799e+08	3.49978e+08
6.844e+07	-2.08338e+06	477533	1.69048e+08	3.45652e+08
6.845e+07	-2.1959e+06	533808	1.78178e+08	3.41086e+08
6.846e+07	-2.30687e+06	593005	1.87182e+08	3.36283e+08
6.847e+07	-2.41621e+06	655081	1.96055e+08	3.31246e+08
6.848e+07	-2.52386e+06	719989	2.04789e+08	3.25979e+08
6.849e+07	-2.62973e+06	787681	2.13379e+08	3.20487e+08
6.85e+07	-2.73375e+06	858107	2.2182e+08	3.14772e+08
6.851e+07	-2.83585e+06	931215	2.30105e+08	3.0884e+08
6.852e+07	-2.93597e+06	1.00695e+06	2.38228e+08	3.02695e+08
6.853e+07	-3.03403e+06	1.08526e+06	2.46185e+08	2.96341e+08
6.854e+07	-3.12997e+06	1.16608e+06	2.5397e+08	2.89783e+08
6.855e+07	-3.22372e+06	1.24936e+06	2.61577e+08	2.83026e+08
6.856e+07	-3.31522e+06	1.33503e+06	2.69001e+08	2.76074e+08
6.857e+07	-3.40441e+06	1.42303e+06	2.76238e+08	2.68934e+08
6.858e+07	-3.49123e+06	1.5133e+06	2.83283e+08	2.61609e+08
6.859e+07	-3.57562e+06	1.60577e+06	2.90131e+08	2.54106e+08
6.86e+07	-3.65753e+06	1.70037e+06	2.96777e+08	2.46429e+08
6.861e+07	-3.73691e+06	1.79704e+06	3.03218e+08	2.38585e+08
6.862e+07	-3.8137e+06	1.89571e+06	3.09448e+08	2.3058e+08
6.863e+07	-3.88785e+06	1.9963e+06	3.15465e+08	2.22417e+08
6.864e+07	-3.95931e+06	2.09875e+06	3.21264e+08	2.14105e+08
6.865e+07	-4.02805e+06	2.20297e+06	3.26841e+08	2.05648e+08
6.866e+07	-4.09401e+06	2.3089e+06	3.32193e+08	1.97052e+08
6.867e+07	-4.15715e+06	2.41646e+06	3.37317e+08	1.88325e+08
6.868e+07	-4.21745e+06	2.52558e+06	3.42209e+08	1.79471e+08
6.869e+07	-4.27485e+06	2.63617e+06	3.46867e+08	1.70498e+08
6.87e+07	-4.32933e+06	2.74816e+06	3.51287e+08	1.61411e+08
6.871e+07	-4.38085e+06	2.86147e+06	3.55468e+08	1.52217e+08
6.872e+07	-4.42938e+06	2.97602e+06	3.59405e+08	1.42922e+08
6.873e+07	-4.47489e+06	3.09173e+06	3.63098e+08	1.33533e+08
6.874e+07	-4.51736e+06	3.20852e+06	3.66544e+08	1.24057e+08
6.875e+07	-4.55676e+06	3.3263e+06	3.69742e+08	1.14499e+08
6.876e+07	-4.59308e+06	3.44501e+06	3.72688e+08	1.04867e+08
6.877e+07	-4.62629e+06	3.56455e+06	3.75383e+08	9.51677e+07
6.878e+07	-4.65637e+06	3.68485e+06	3.77824e+08	8.54068e+07
6.879e+07	-4.68331e+06	3.80581e+06	3.8001e+08	7.55915e+07
6.88e+07	-4.7071e+06	3.92736e+06	3.8194e+08	6.57285e+07
6.881e+07	-4.72773e+06	4.04942e+06	3.83614e+08	5.58244e+07
6.882e+07	-4.74518e+06	4.17191e+06	3.8503e+08	4.58861e+07
6.883e+07	-4.75946e+06	4.29473e+06	3.86189e+08	3.59201e+07
6.884e+07	-4.77055e+06	4.41781e+06	3.87089e+08	2.59332e+07
6.885e+07	-4.77846e+06	4.54106e+06	3.87731e+08	1.59321e+07
6.886e+07	-4.78319e+06	4.66441e+06	3.88114e+08	5.92359e+06
6.887e+07	-4.78473e+06	4.78777e+06	3.88239e+08	-4.08581e+06
6.888e+07	-4.7831e+06	4.91105e+06	3.88107e+08	-1.40894e+07
6.889e+07	-4.77829e+06	5.03419e+06	3.87717e+08	-2.40805e+07
6.89e+07	-4.77032e+06	5.15709e+06	3.8707e+08	-3.40526e+07
6.891e+07	-4.75921e+06	5.27967e+06	3.86168e+08	-4.39991e+07
6.892e+07	-4.74495e+06	5.40185e+06	3.85011e+08	-5.39135e+07
6.893e+07	-4.72757e+06	5.52357e+06	3.83601e+08	-6.37894e+07
6.894e+07	-4.70708e+06	5.64472e+06	3.81938e+08	-7.36202e+07
6.895e+07	-4.6835e+06	5.76525e+06	3.80025e+08	-8.33996e+07
6.896e+07	-4.65685e+06	5.88506e+06	3.77863e+08	-9.31214e+07
6.897e+07	-4.62716e+06	6.00408e+06	3.75454e+08	-1.02779e+08
6.898e+07	-4.59445e+06	6.12224e+06	3.72799e+08	-1.12367e+08
6.899e+07	-4.55874e+06	6.23946e+06	3.69902e+08	-1.21878e+08
6.9e+07	-4.52006e+06	6.35567e+06	3.66764e+08	-1.31307e+08
6.901e+07	-4.47845e+06	6.47078e+06	3.63387e+08	-1.40648e+08
6.902e+07	-4.43393e+06	6.58473e+06	3.59775e+08	-1.49894e+08
6.903e+07	-4.38654e+06	6.69745e+06	3.5593e+08	-1.5904e+08
6.904e+07	-4.33631e+06	6.80887e+06	3.51854e+08	-1.6808e+08
6.905e+07	-4.28329e+06	6.91891e+06	3.47552e+08	-1.77009e+08
6.906e+07	-4.2275e+06	7.0275e+06	3.43025e+08	-1.85821e+08
6.907e+07	-4.16899e+06	7.13459e+06	3.38277e+08	-1.9451e+08
6.908e+07	-4.1078e+06	7.24009e+06	3.33312e+08	-2.03071e+08
6.909e+07	-4.04397e+06	7.34396e+06	3.28133e+08	-2.11498e+08
6.91e+07	-3.97755e+06	7.44611e+06	3.22744e+08	-2.19787e+08
6.911e+07	-3.90858e+06	7.5465e+06	3.17148e+08	-2.27933e+08
6.912e+07	-3.83712e+06	7.64505e+06	3.11349e+08	-2.35929e+08
6.913e+07	-3.76321e+06	7.74171e+06	3.05352e+08	-2.43772e+08
6.914e+07	-3.68689e+06	7.83641e+06	2.99159e+08	-2.51457e+08
6.915e+07	-3.60823e+06	7.92911e+06	2.92777e+08	-2.58978e+08
6.916e+07	-3.52728e+06	8.01974e+06	2.86208e+08	-2.66332e+08
6.917e+07	-3.44409e+06	8.10825e+06	2.79458e+08	-2.73514e+08
6.918e+07	-3.35871e+06	8.19459e+06	2.7253e+08	-2.8052e+08
6.919e+07	-3.2712e+06	8.2787e+06	2.65429e+08	-2.87344e+08
6.92e+07	-3.18162e+06	8.36053e+06	2.58161e+08	-2.93984e+08
6.921e+07	-3.09003e+06	8.44003e+06	2.50729e+08	-3.00435e+08
6.922e+07	-2.9965e+06	8.51716e+06	2.4314e+08	-3.06694e+08
6.923e+07	-2.90107e+06	8.59187e+06	2.35396e+08	-3.12756e+08
6.924e+07	-2.80381e+06	8.66412e+06	2.27505e+08	-3.18618e+08
6.925e+07	-2.70479e+06	8.73385e+06	2.1947e+08	-3.24276e+08
6.926e+07	-2.60406e+06	8.80104e+06	2.11297e+08	-3.29728e+08
6.927e+07	-2.5017e+06	8.86563e+06	2.02991e+08	-3.34969e+08
6.928e+07	-2.39777e+06	8.9276e+06	1.94558e+08	-3.39997e+08
6.929e+07	-2.29234e+06	8.98691e+06	1.86003e+08	-3.4481e+08
6.93e+07	-2.18547e+06	9.04351e+06	1.77332e+08	-3.49403e+08
6.931e+07	-2.07723e+06	9.09739e+06	1.68549e+08	-3.53774e+08
6.932e+07	-1.96769e+06	9.1485e+06	1.59661e+08	-3.57921e+08
6.933e+07	-1.85692e+06	9.19681e+06	1.50673e+08	-3.61841e+08
6.934e+07	-1.74499e+06	9.2423e+06	1.41591e+08	-3.65532e+08
6.935e+07	-1.63197e+06	9.28494e+06	1.3242e+08	-3.68992e+08
6.936e+07	-1.51793e+06	9.32471e+06	1.23167e+08	-3.72219e+08
6.937e+07	-1.40294e+06	9.36158e+06	1.13837e+08	-3.75211e+08
6.938e+07	-1.28708e+06	9.39553e+06	1.04436e+08	-3.77965e+08
6.939e+07	-1.17042e+06	9.42654e+06	9.49695e+07	-3.80482e+08
6.94e+07	-1.05303e+06	9.45459e+06	8.54442e+07	-3.82758e+08
6.941e+07	-934982	9.47967e+06	7.58657e+07	-3.84793e+08
6.942e+07	-816353	9.50177e+06	6.62399e+07	-3.86586e+08
6.943e+07	-697215	9.52086e+06	5.65729e+07	-3.88135e+08
6.944e+07	-577644	9.53694e+06	4.68708e+07	-3.8944e+08
6.945e+07	-457713	9.55e+06	3.71394e+07	-3.90499e+08
6.946e+07	-337498	9.56002e+06	2.7385e+07	-3.91313e+08
6.947e+07	-217072	9.56702e+06	1.76135e+07	-3.9188e+08
6.948e+07	-96512.2	9.57097e+06	7.83112e+06	-3.92201e+08
6.949e+07	24108.1	9.57189e+06	-1.95616e+06	-3.92276e+08
6.95e+07	144713	9.56976e+06	-1.17422e+07	-3.92103e+08
6.951e+07	265229	9.5646e+06	-2.1521e+07	-3.91684e+08
6.952e+07	385579	9.55639e+06	-3.12864e+07	-3.91018e+08
6.953e+07	505689	9.54515e+06	-4.10323e+07	-3.90106e+08
6.954e+07	625486	9.53089e+06	-5.07527e+07	-3.88949e+08
6.955e+07	744892	9.51361e+06	-6.04415e+07	-3.87547e+08
6.956e+07	863836	9.49332e+06	-7.00928e+07	-3.859e+08
6.957e+07	982242	9.47003e+06	-7.97004e+07	-3.84011e+08
6.958e+07	1.10004e+06	9.44377e+06	-8.92584e+07	-3.8188e+08
6.959e+07	1.21715e+06	9.41453e+06	-9.87607e+07	-3.79507e+08
6.96e+07	1.3335e+06	9.38235e+06	-1.08202e+08	-3.76896e+08
6.961e+07	1.44902e+06	9.34723e+06	-1.17575e+08	-3.74047e+08
6.962e+07	1.56363e+06	9.30921e+06	-1.26875e+08	-3.70961e+08
6.963e+07	1.67727e+06	9.26829e+06	-1.36096e+08	-3.67641e+08
6.964e+07	1.78986e+06	9.22451e+06	-1.45232e+08	-3.64089e+08
6.965e+07	1.90134e+06	9.17789e+06	-1.54277e+08	-3.60306e+08
6.966e+07	2.01163e+06	9.12846e+06	-1.63226e+08	-3.56295e+08
6.967e+07	2.12065e+06	9.07625e+06	-1.72073e+08	-3.52059e+08
6.968e+07	2.22836e+06	9.02128e+06	-1.80812e+08	-3.47599e+08
6.969e+07	2.33466e+06	8.9636e+06	-1.89437e+08	-3.42918e+08
6.97e+07	2.4395e+06	8.90323e+06	-1.97944e+08	-3.3802e+08
6.971e+07	2.54281e+06	8.84021e+06	-2.06327e+08	-3.32906e+08
6.972e+07	2.64453e+06	8.77458e+06	-2.1458e+08	-3.27581e+08
6.973e+07	2.74458e+06	8.70637e+06	-2.22699e+08	-3.22046e+08
6.974e+07	2.8429e+06	8.63563e+06	-2.30677e+08	-3.16306e+08
6.975e+07	2.93944e+06	8.5624e+06	-2.3851e+08	-3.10364e+08
6.976e+07	3.03412e+06	8.48672e+06	-2.46193e+08	-3.04224e+08
6.977e+07	3.12689e+06	8.40864e+06	-2.5372e+08	-2.97888e+08
6.978e+07	3.21768e+06	8.32821e+06	-2.61087e+08	-2.91361e+08
6.979e+07	3.30644e+06	8.24546e+06	-2.68289e+08	-2.84648e+08
6.98e+07	3.3931e+06	8.16046e+06	-2.75321e+08	-2.77751e+08
6.981e+07	3.47762e+06	8.07326e+06	-2.82178e+08	-2.70675e+08
6.982e+07	3.55992e+06	7.9839e+06	-2.88857e+08	-2.63424e+08
6.983e+07	3.63997e+06	7.89244e+06	-2.95352e+08	-2.56003e+08
6.984e+07	3.7177e+06	7.79894e+06	-3.01659e+08	-2.48416e+08
6.985e+07	3.79306e+06	7.70345e+06	-3.07774e+08	-2.40668e+08
6.986e+07	3.866e+06	7.60603e+06	-3.13693e+08	-2.32763e+08
6.987e+07	3.93648e+06	7.50674e+06	-3.19411e+08	-2.24707e+08
6.988e+07	4.00443e+06	7.40565e+06	-3.24925e+08	-2.16504e+08
6.989e+07	4.06983e+06	7.30281e+06	-3.30231e+08	-2.08159e+08
6.99e+07	4.13261e+06	7.19829e+06	-3.35325e+08	-1.99678e+08
6.991e+07	4.19273e+06	7.09215e+06	-3.40204e+08	-1.91066e+08
6.992e+07	4.25016e+06	6.98445e+06	-3.44864e+08	-1.82328e+08
6.993e+07	4.30486e+06	6.87528e+06	-3.49302e+08	-1.73469e+08
6.994e+07	4.35677e+06	6.76469e+06	-3.53514e+08	-1.64495e+08
6.995e+07	4.40587e+06	6.65275e+06	-3.57498e+08	-1.55412e+08
6.996e+07	4.45212e+06	6.53953e+06	-3.61251e+08	-1.46226e+08
6.997e+07	4.49549e+06	6.42511e+06	-3.6477e+08	-1.36942e+08
6.998e+07	4.53594e+06	6.30955e+06	-3.68052e+08	-1.27565e+08
6.999e+07	4.57343e+06	6.19294e+06	-3.71094e+08	-1.18103e+08
7e+07	4.60795e+06	6.07534e+06	-3.73895e+08	-1.08561e+08
7.001e+07	4.63947e+06	5.95683e+06	-3.76452e+08	-9.8945e+07
7.002e+07	4.66795e+06	5.83749e+06	-3.78763e+08	-8.92613e+07
7.003e+07	4.69338e+06	5.71739e+06	-3.80827e+08	-7.95161e+07
7.004e+07	4.71573e+06	5.5966e+06	-3.8264e+08	-6.97157e+07
7.005e+07	4.73498e+06	5.47522e+06	-3.84203e+08	-5.98665e+07
7.006e+07	4.75112e+06	5.35331e+06	-3.85512e+08	-4.99748e+07
7.007e+07	4.76413e+06	5.23096e+06	-3.86568e+08	-4.00471e+07
7.008e+07	4.774e+06	5.10825e+06	-3.87369e+08	-3.00899e+07
7.009e+07	4.78071e+06	4.98525e+06	-3.87913e+08	-2.01097e+07
7.01e+07	4.78426e+06	4.86205e+06	-3.88201e+08	-1.01131e+07
7.011e+07	4.78463e+06	4.73873e+06	-3.88231e+08	-106734
7.012e+07	4.78182e+06	4.61537e+06	-3.88003e+08	9.90286e+06
7.013e+07	4.77583e+06	4.49205e+06	-3.87517e+08	1.9909e+07
7.014e+07	4.76665e+06	4.36886e+06	-3.86772e+08	2.99049e+07
7.015e+07	4.75429e+06	4.24588e+06	-3.8577e+08	3.9884e+07
7.016e+07	4.73876e+06	4.12318e+06	-3.84509e+08	4.98396e+07
7.017e+07	4.72004e+06	4.00086e+06	-3.8299e+08	5.97649e+07
7.018e+07	4.69816e+06	3.879e+06	-3.81215e+08	6.96532e+07
7.019e+07	4.67311e+06	3.75767e+06	-3.79182e+08	7.94978e+07
7.02e+07	4.64492e+06	3.63696e+06	-3.76895e+08	8.9292e+07
7.021e+07	4.6136e+06	3.51696e+06	-3.74353e+08	9.90291e+07
7.022e+07	4.57915e+06	3.39775e+06	-3.71558e+08	1.08702e+08
7.023e+07	4.54161e+06	3.2794e+06	-3.68512e+08	1.18305e+08
7.024e+07	4.50098e+06	3.162e+06	-3.65216e+08	1.27831e+08
7.025e+07	4.4573e+06	3.04563e+06	-3.61671e+08	1.37273e+08
7.026e+07	4.41059e+06	2.93038e+06	-3.57881e+08	1.46625e+08
7.027e+07	4.36087e+06	2.81631e+06	-3.53847e+08	1.55881e+08
7.028e+07	4.30817e+06	2.70352e+06	-3.49571e+08	1.65033e+08
7.029e+07	4.25253e+06	2.59208e+06	-3.45056e+08	1.74075e+08
7.03e+07	4.19398e+06	2.48207e+06	-3.40305e+08	1.83001e+08
7.031e+07	4.13255e+06	2.37357e+06	-3.3532e+08	1.91806e+08
7.032e+07	4.06828e+06	2.26665e+06	-3.30106e+08	2.00481e+08
7.033e+07	4.00121e+06	2.16139e+06	-3.24664e+08	2.09022e+08
7.034e+07	3.93139e+06	2.05786e+06	-3.18998e+08	2.17422e+08
7.035e+07	3.85886e+06	1.95615e+06	-3.13113e+08	2.25676e+08
7.036e+07	3.78366e+06	1.85631e+06	-3.07011e+08	2.33776e+08
7.037e+07	3.70584e+06	1.75843e+06	-3.00697e+08	2.41719e+08
7.038e+07	3.62545e+06	1.66257e+06	-2.94174e+08	2.49497e+08
7.039e+07	3.54255e+06	1.56881e+06	-2.87447e+08	2.57105e+08
7.04e+07	3.45719e+06	1.47721e+06	-2.80521e+08	2.64537e+08
7.041e+07	3.36942e+06	1.38783e+06	-2.73399e+08	2.7179e+08
7.042e+07	3.27931e+06	1.30075e+06	-2.66087e+08	2.78856e+08
7.043e+07	3.18691e+06	1.21602e+06	-2.5859e+08	2.8573e+08
7.044e+07	3.09229e+06	1.13371e+06	-2.50912e+08	2.92409e+08
7.045e+07	2.9955e+06	1.05388e+06	-2.43059e+08	2.98886e+08
7.046e+07	2.89662e+06	976592	-2.35035e+08	3.05158e+08
7.047e+07	2.79571e+06	901894	-2.26847e+08	3.11219e+08
7.048e+07	2.69283e+06	829844	-2.185e+08	3.17065e+08
7.049e+07	2.58807e+06	760498	-2.1e+08	3.22692e+08
7.05e+07	2.48149e+06	693905	-2.01351e+08	3.28096e+08
7.051e+07	2.37317e+06	630116	-1.92562e+08	3.33272e+08
7.052e+07	2.26317e+06	569177	-1.83636e+08	3.38216e+08
7.053e+07	2.15158e+06	511135	-1.74582e+08	3.42926e+08
7.054e+07	2.03847e+06	456032	-1.65404e+08	3.47397e+08
7.055e+07	1.92392e+06	403910	-1.5611e+08	3.51626e+08
7.056e+07	1.80802e+06	354807	-1.46705e+08	3.5561e+08
7.057e+07	1.69083e+06	308761	-1.37196e+08	3.59347e+08
7.058e+07	1.57245e+06	265807	-1.27591e+08	3.62832e+08
7.059e+07	1.45296e+06	225975	-1.17895e+08	3.66064e+08
7.06e+07	1.33244e+06	189297	-1.08116e+08	3.6904e+08
7.061e+07	1.21098e+06	155800	-9.82604e+07	3.71758e+08
7.062e+07	1.08866e+06	125509	-8.83349e+07	3.74216e+08
7.063e+07	965561	98447.9	-7.83469e+07	3.76412e+08
7.064e+07	841782	74635.8	-6.83033e+07	3.78344e+08
7.065e+07	717405	54091.3	-5.82112e+07	3.80011e+08
7.066e+07	592519	36829.9	-4.80778e+07	3.81412e+08
7.067e+07	467213	22864.7	-3.79103e+07	3.82545e+08
7.068e+07	341575	12206.2	-2.77158e+07	3.8341e+08
7.069e+07	215694	4862.46	-1.75017e+07	3.84005e+08
7.07e+07	89659.9	839.145	-7.27512e+06	3.84332e+08
7.071e+07	-36437.8	139.259	2.95661e+06	3.84389e+08
7.072e+07	-162510	2763.34	1.31862e+07	3.84176e+08
7.073e+07	-288466	8709.39	2.34065e+07	3.83693e+08
7.074e+07	-414217	17972.9	3.36101e+07	3.82942e+08
7.075e+07	-539675	30546.9	4.37899e+07	3.81921e+08
7.076e+07	-664749	46421.9	5.39386e+07	3.80633e+08
7.077e+07	-789351	65585.8	6.4049e+07	3.79078e+08
7.078e+07	-913393	88024.1	7.41139e+07	3.77258e+08
7.079e+07	-1.03679e+06	113720	8.41263e+07	3.75173e+08
7.08e+07	-1.15945e+06	142654	9.4079e+07	3.72825e+08
7.081e+07	-1.28128e+06	174804	1.03965e+08	3.70216e+08
7.082e+07	-1.40221e+06	210146	1.13777e+08	3.67348e+08
7.083e+07	-1.52215e+06	248654	1.23509e+08	3.64224e+08
7.084e+07	-1.64101e+06	290298	1.33154e+08	3.60845e+08
7.085e+07	-1.75871e+06	335047	1.42704e+08	3.57214e+08
7.086e+07	-1.87516e+06	382867	1.52153e+08	3.53334e+08
7.087e+07	-1.99029e+06	433723	1.61495e+08	3.49207e+08
7.088e+07	-2.10401e+06	487577	1.70723e+08	3.44837e+08
7.089e+07	-2.21626e+06	544387	1.7983e+08	3.40228e+08
7.09e+07	-2.32693e+06	604113	1.8881e+08	3.35381e+08
7.091e+07	-2.43597e+06	666709	1.97658e+08	3.30302e+08
7.092e+07	-2.5433e+06	732128	2.06367e+08	3.24994e+08
7.093e+07	-2.64884e+06	800323	2.1493e+08	3.19461e+08
7.094e+07	-2.75252e+06	871242	2.23343e+08	3.13706e+08
7.095e+07	-2.85426e+06	944833	2.31599e+08	3.07735e+08
7.096e+07	-2.95401e+06	1.02104e+06	2.39692e+08	3.01551e+08
7.097e+07	-3.05169e+06	1.09981e+06	2.47618e+08	2.9516e+08
7.098e+07	-3.14723e+06	1.18109e+06	2.5537e+08	2.88565e+08
7.099e+07	-3.24057e+06	1.2648e+06	2.62944e+08	2.81772e+08
7.1e+07	-3.33166e+06	1.3509e+06	2.70335e+08	2.74786e+08
7.101e+07	-3.42042e+06	1.43932e+06	2.77538e+08	2.67611e+08
7.102e+07	-3.5068e+06	1.53e+06	2.84547e+08	2.60254e+08
7.103e+07	-3.59075e+06	1.62287e+06	2.91358e+08	2.52719e+08
7.104e+07	-3.6722e+06	1.71785e+06	2.97967e+08	2.45011e+08
7.105e+07	-3.75111e+06	1.81489e+06	3.0437e+08	2.37137e+08
7.106e+07	-3.82742e+06	1.91392e+06	3.10562e+08	2.29102e+08
7.107e+07	-3.90108e+06	2.01485e+06	3.16539e+08	2.20912e+08
7.108e+07	-3.97205e+06	2.11763e+06	3.22297e+08	2.12573e+08
7.109e+07	-4.04028e+06	2.22217e+06	3.27834e+08	2.0409e+08
7.11e+07	-4.10573e+06	2.3284e+06	3.33145e+08	1.9547e+08
7.111e+07	-4.16836e+06	2.43625e+06	3.38226e+08	1.86719e+08
7.112e+07	-4.22813e+06	2.54564e+06	3.43076e+08	1.77843e+08
7.113e+07	-4.285e+06	2.65649e+06	3.47691e+08	1.68849e+08
7.114e+07	-4.33894e+06	2.76873e+06	3.52068e+08	1.59742e+08
7.115e+07	-4.38992e+06	2.88227e+06	3.56204e+08	1.50529e+08
7.116e+07	-4.4379e+06	2.99704e+06	3.60097e+08	1.41217e+08
7.117e+07	-4.48286e+06	3.11295e+06	3.63745e+08	1.31811e+08
7.118e+07	-4.52478e+06	3.22993e+06	3.67146e+08	1.2232e+08
7.119e+07	-4.56362e+06	3.34789e+06	3.70298e+08	1.12748e+08
7.12e+07	-4.59937e+06	3.46675e+06	3.73199e+08	1.03103e+08
7.121e+07	-4.63201e+06	3.58644e+06	3.75847e+08	9.33919e+07
7.122e+07	-4.66152e+06	3.70686e+06	3.78242e+08	8.36206e+07
7.123e+07	-4.68789e+06	3.82794e+06	3.80381e+08	7.37961e+07
7.124e+07	-4.7111e+06	3.94959e+06	3.82265e+08	6.39251e+07
7.125e+07	-4.73115e+06	4.07173e+06	3.83892e+08	5.40143e+07
7.126e+07	-4.74802e+06	4.19428e+06	3.85261e+08	4.40704e+07
7.127e+07	-4.76172e+06	4.31716e+06	3.86372e+08	3.41001e+07
7.128e+07	-4.77223e+06	4.44028e+06	3.87225e+08	2.41101e+07
7.129e+07	-4.77956e+06	4.56356e+06	3.8782e+08	1.41072e+07
7.13e+07	-4.78371e+06	4.68691e+06	3.88156e+08	4.09796e+06
7.131e+07	-4.78467e+06	4.81026e+06	3.88234e+08	-5.91086e+06
7.132e+07	-4.78246e+06	4.93353e+06	3.88055e+08	-1.59127e+07
7.133e+07	-4.77707e+06	5.05662e+06	3.87618e+08	-2.59008e+07
7.134e+07	-4.76853e+06	5.17947e+06	3.86925e+08	-3.58687e+07
7.135e+07	-4.75684e+06	5.30198e+06	3.85976e+08	-4.58099e+07
7.136e+07	-4.74201e+06	5.42409e+06	3.84773e+08	-5.57177e+07
7.137e+07	-4.72406e+06	5.54571e+06	3.83316e+08	-6.55858e+07
7.138e+07	-4.70301e+06	5.66675e+06	3.81608e+08	-7.54078e+07
7.139e+07	-4.67887e+06	5.78715e+06	3.79649e+08	-8.51772e+07
7.14e+07	-4.65166e+06	5.90683e+06	3.77442e+08	-9.48877e+07
7.141e+07	-4.62142e+06	6.0257e+06	3.74988e+08	-1.04533e+08
7.142e+07	-4.58816e+06	6.14369e+06	3.72289e+08	-1.14107e+08
7.143e+07	-4.55191e+06	6.26073e+06	3.69348e+08	-1.23604e+08
7.144e+07	-4.51269e+06	6.37674e+06	3.66166e+08	-1.33017e+08
7.145e+07	-4.47055e+06	6.49165e+06	3.62746e+08	-1.42341e+08
7.146e+07	-4.4255e+06	6.60539e+06	3.59091e+08	-1.5157e+08
7.147e+07	-4.37759e+06	6.71787e+06	3.55204e+08	-1.60697e+08
7.148e+07	-4.32685e+06	6.82904e+06	3.51086e+08	-1.69717e+08
7.149e+07	-4.27332e+06	6.93882e+06	3.46743e+08	-1.78625e+08
7.15e+07	-4.21703e+06	7.04715e+06	3.42175e+08	-1.87415e+08
7.151e+07	-4.15803e+06	7.15395e+06	3.37388e+08	-1.96081e+08
7.152e+07	-4.09635e+06	7.25916e+06	3.32383e+08	-2.04618e+08
7.153e+07	-4.03205e+06	7.36272e+06	3.27166e+08	-2.1302e+08
7.154e+07	-3.96516e+06	7.46455e+06	3.21738e+08	-2.21284e+08
7.155e+07	-3.89574e+06	7.56461e+06	3.16105e+08	-2.29402e+08
7.156e+07	-3.82382e+06	7.66282e+06	3.1027e+08	-2.37371e+08
7.157e+07	-3.74947e+06	7.75913e+06	3.04237e+08	-2.45186e+08
7.158e+07	-3.67272e+06	7.85347e+06	2.98009e+08	-2.52841e+08
7.159e+07	-3.59364e+06	7.9458e+06	2.91593e+08	-2.60332e+08
7.16e+07	-3.51227e+06	8.03604e+06	2.8499e+08	-2.67655e+08
7.161e+07	-3.42868e+06	8.12416e+06	2.78207e+08	-2.74805e+08
7.162e+07	-3.3429e+06	8.21009e+06	2.71248e+08	-2.81778e+08
7.163e+07	-3.25502e+06	8.29379e+06	2.64116e+08	-2.88569e+08
7.164e+07	-3.16507e+06	8.3752e+06	2.56818e+08	-2.95175e+08
7.165e+07	-3.07312e+06	8.45428e+06	2.49357e+08	-3.01591e+08
7.166e+07	-2.97923e+06	8.53097e+06	2.41739e+08	-3.07814e+08
7.167e+07	-2.88346e+06	8.60523e+06	2.33968e+08	-3.1384e+08
7.168e+07	-2.78588e+06	8.67702e+06	2.2605e+08	-3.19665e+08
7.169e+07	-2.68654e+06	8.7463e+06	2.17989e+08	-3.25286e+08
7.17e+07	-2.58551e+06	8.81301e+06	2.09792e+08	-3.30699e+08
7.171e+07	-2.48286e+06	8.87713e+06	2.01463e+08	-3.35902e+08
7.172e+07	-2.37865e+06	8.93862e+06	1.93007e+08	-3.40891e+08
7.173e+07	-2.27295e+06	8.99743e+06	1.8443e+08	-3.45664e+08
7.174e+07	-2.16583e+06	9.05354e+06	1.75738e+08	-3.50216e+08
7.175e+07	-2.05735e+06	9.10692e+06	1.66936e+08	-3.54547e+08
7.176e+07	-1.94758e+06	9.15752e+06	1.58029e+08	-3.58653e+08
7.177e+07	-1.83659e+06	9.20532e+06	1.49023e+08	-3.62531e+08
7.178e+07	-1.72446e+06	9.25029e+06	1.39925e+08	-3.66181e+08
7.179e+07	-1.61124e+06	9.29241e+06	1.30739e+08	-3.69598e+08
7.18e+07	-1.49703e+06	9.33165e+06	1.21471e+08	-3.72782e+08
7.181e+07	-1.38188e+06	9.36799e+06	1.12127e+08	-3.75731e+08
7.182e+07	-1.26587e+06	9.4014e+06	1.02714e+08	-3.78442e+08
7.183e+07	-1.14906e+06	9.43188e+06	9.32366e+07	-3.80915e+08
7.184e+07	-1.03155e+06	9.45939e+06	8.37011e+07	-3.83147e+08
7.185e+07	-913388	9.48393e+06	7.41135e+07	-3.85138e+08
7.186e+07	-794660	9.50547e+06	6.44798e+07	-3.86886e+08
7.187e+07	-675438	9.52402e+06	5.48059e+07	-3.88391e+08
7.188e+07	-555796	9.53954e+06	4.5098e+07	-3.89651e+08
7.189e+07	-435807	9.55205e+06	3.5362e+07	-3.90666e+08
7.19e+07	-315548	9.56153e+06	2.5604e+07	-3.91435e+08
7.191e+07	-195093	9.56797e+06	1.58301e+07	-3.91957e+08
7.192e+07	-74516	9.57137e+06	6.04633e+06	-3.92233e+08
7.193e+07	46107.1	9.57173e+06	-3.74119e+06	-3.92263e+08
7.194e+07	166702	9.56905e+06	-1.35264e+07	-3.92045e+08
7.195e+07	287192	9.56333e+06	-2.33032e+07	-3.91581e+08
7.196e+07	407504	9.55457e+06	-3.30654e+07	-3.9087e+08
7.197e+07	527563	9.54278e+06	-4.28072e+07	-3.89913e+08
7.198e+07	647294	9.52796e+06	-5.25223e+07	-3.88711e+08
7.199e+07	766622	9.51013e+06	-6.22047e+07	-3.87265e+08
7.2e+07	885473	9.4893e+06	-7.18484e+07	-3.85574e+08
7.201e+07	1.00377e+06	9.46547e+06	-8.14474e+07	-3.8364e+08
7.202e+07	1.12145e+06	9.43866e+06	-9.09957e+07	-3.81465e+08
7.203e+07	1.23842e+06	9.40888e+06	-1.00487e+08	-3.79049e+08
7.204e+07	1.35463e+06	9.37616e+06	-1.09916e+08	-3.76394e+08
7.205e+07	1.46999e+06	9.34051e+06	-1.19277e+08	-3.73501e+08
7.206e+07	1.58443e+06	9.30196e+06	-1.28563e+08	-3.70373e+08
7.207e+07	1.69789e+06	9.26052e+06	-1.37769e+08	-3.67011e+08
7.208e+07	1.81028e+06	9.21622e+06	-1.46889e+08	-3.63416e+08
7.209e+07	1.92154e+06	9.16909e+06	-1.55917e+08	-3.59592e+08
7.21e+07	2.03161e+06	9.11915e+06	-1.64847e+08	-3.55539e+08
7.211e+07	2.1404e+06	9.06643e+06	-1.73675e+08	-3.51262e+08
7.212e+07	2.24785e+06	9.01096e+06	-1.82393e+08	-3.46761e+08
7.213e+07	2.35389e+06	8.95279e+06	-1.90998e+08	-3.42041e+08
7.214e+07	2.45846e+06	8.89193e+06	-1.99483e+08	-3.37103e+08
7.215e+07	2.56148e+06	8.82843e+06	-2.07842e+08	-3.3195e+08
7.216e+07	2.6629e+06	8.76233e+06	-2.16071e+08	-3.26587e+08
7.217e+07	2.76264e+06	8.69366e+06	-2.24164e+08	-3.21015e+08
7.218e+07	2.86065e+06	8.62246e+06	-2.32116e+08	-3.15238e+08
7.219e+07	2.95685e+06	8.54878e+06	-2.39922e+08	-3.09259e+08
7.22e+07	3.05118e+06	8.47266e+06	-2.47577e+08	-3.03083e+08
7.221e+07	3.1436e+06	8.39415e+06	-2.55076e+08	-2.96712e+08
7.222e+07	3.23402e+06	8.31329e+06	-2.62413e+08	-2.90151e+08
7.223e+07	3.3224e+06	8.23013e+06	-2.69584e+08	-2.83403e+08
7.224e+07	3.40868e+06	8.14472e+06	-2.76585e+08	-2.76473e+08
7.225e+07	3.49279e+06	8.05712e+06	-2.8341e+08	-2.69365e+08
7.226e+07	3.57469e+06	7.96737e+06	-2.90055e+08	-2.62083e+08
7.227e+07	3.65432e+06	7.87554e+06	-2.96516e+08	-2.54631e+08
7.228e+07	3.73162e+06	7.78167e+06	-3.02789e+08	-2.47015e+08
7.229e+07	3.80655e+06	7.68582e+06	-3.08868e+08	-2.39238e+08
7.23e+07	3.87904e+06	7.58806e+06	-3.14751e+08	-2.31305e+08
7.231e+07	3.94906e+06	7.48844e+06	-3.20432e+08	-2.23222e+08
7.232e+07	4.01655e+06	7.38702e+06	-3.25908e+08	-2.14992e+08
7.233e+07	4.08147e+06	7.28387e+06	-3.31176e+08	-2.06623e+08
7.234e+07	4.14377e+06	7.17905e+06	-3.36231e+08	-1.98117e+08
7.235e+07	4.20341e+06	7.07262e+06	-3.4107e+08	-1.89481e+08
7.236e+07	4.26034e+06	6.96465e+06	-3.4569e+08	-1.80721e+08
7.237e+07	4.31453e+06	6.85521e+06	-3.50087e+08	-1.71841e+08
7.238e+07	4.36594e+06	6.74437e+06	-3.54258e+08	-1.62847e+08
7.239e+07	4.41452e+06	6.63219e+06	-3.582e+08	-1.53745e+08
7.24e+07	4.46025e+06	6.51875e+06	-3.6191e+08	-1.4454e+08
7.241e+07	4.50308e+06	6.40412e+06	-3.65386e+08	-1.35238e+08
7.242e+07	4.54299e+06	6.28836e+06	-3.68625e+08	-1.25846e+08
7.243e+07	4.57995e+06	6.17156e+06	-3.71623e+08	-1.16369e+08
7.244e+07	4.61392e+06	6.05379e+06	-3.7438e+08	-1.06813e+08
7.245e+07	4.64489e+06	5.93513e+06	-3.76892e+08	-9.71838e+07
7.246e+07	4.67281e+06	5.81564e+06	-3.79158e+08	-8.74884e+07
7.247e+07	4.69768e+06	5.69541e+06	-3.81176e+08	-7.77327e+07
7.248e+07	4.71947e+06	5.57451e+06	-3.82944e+08	-6.79229e+07
7.249e+07	4.73816e+06	5.45302e+06	-3.8446e+08	-5.80655e+07
7.25e+07	4.75373e+06	5.33103e+06	-3.85724e+08	-4.81667e+07
7.251e+07	4.76617e+06	5.20861e+06	-3.86733e+08	-3.82332e+07
7.252e+07	4.77546e+06	5.08584e+06	-3.87487e+08	-2.82713e+07
7.253e+07	4.78159e+06	4.96279e+06	-3.87985e+08	-1.82876e+07
7.254e+07	4.78456e+06	4.83957e+06	-3.88225e+08	-8.28873e+06
7.255e+07	4.78435e+06	4.71623e+06	-3.88209e+08	1.71875e+06
7.256e+07	4.78096e+06	4.59287e+06	-3.87934e+08	1.17282e+07
7.257e+07	4.77439e+06	4.46957e+06	-3.874e+08	2.1733e+07
7.258e+07	4.76464e+06	4.34641e+06	-3.86609e+08	3.17263e+07
7.259e+07	4.7517e+06	4.22348e+06	-3.85559e+08	4.17016e+07
7.26e+07	4.73558e+06	4.10084e+06	-3.84251e+08	5.16522e+07
7.261e+07	4.71628e+06	3.9786e+06	-3.82686e+08	6.15712e+07
7.262e+07	4.69382e+06	3.85683e+06	-3.80863e+08	7.1452e+07
7.263e+07	4.66821e+06	3.73561e+06	-3.78784e+08	8.1288e+07
7.264e+07	4.63944e+06	3.61502e+06	-3.7645e+08	9.10722e+07
7.265e+07	4.60755e+06	3.49516e+06	-3.73862e+08	1.00798e+08
7.266e+07	4.57253e+06	3.3761e+06	-3.71021e+08	1.10459e+08
7.267e+07	4.53443e+06	3.25791e+06	-3.67929e+08	1.20049e+08
7.268e+07	4.49324e+06	3.1407e+06	-3.64588e+08	1.2956e+08
7.269e+07	4.44901e+06	3.02453e+06	-3.60998e+08	1.38986e+08
7.27e+07	4.40174e+06	2.90948e+06	-3.57163e+08	1.48321e+08
7.271e+07	4.35148e+06	2.79565e+06	-3.53085e+08	1.57558e+08
7.272e+07	4.29824e+06	2.6831e+06	-3.48765e+08	1.6669e+08
7.273e+07	4.24207e+06	2.57191e+06	-3.44207e+08	1.75712e+08
7.274e+07	4.18299e+06	2.46217e+06	-3.39413e+08	1.84616e+08
7.275e+07	4.12104e+06	2.35395e+06	-3.34386e+08	1.93398e+08
7.276e+07	4.05626e+06	2.24732e+06	-3.2913e+08	2.02049e+08
7.277e+07	3.98868e+06	2.14238e+06	-3.23647e+08	2.10565e+08
7.278e+07	3.91836e+06	2.03918e+06	-3.17941e+08	2.18939e+08
7.279e+07	3.84534e+06	1.9378e+06	-3.12016e+08	2.27165e+08
7.28e+07	3.76966e+06	1.83831e+06	-3.05875e+08	2.35237e+08
7.281e+07	3.69137e+06	1.7408e+06	-2.99522e+08	2.4315e+08
7.282e+07	3.61052e+06	1.64532e+06	-2.92962e+08	2.50897e+08
7.283e+07	3.52717e+06	1.55194e+06	-2.86199e+08	2.58474e+08
7.284e+07	3.44136e+06	1.46074e+06	-2.79236e+08	2.65874e+08
7.285e+07	3.35316e+06	1.37178e+06	-2.7208e+08	2.73092e+08
7.286e+07	3.26263e+06	1.28512e+06	-2.64734e+08	2.80124e+08
7.287e+07	3.16982e+06	1.20083e+06	-2.57203e+08	2.86963e+08
7.288e+07	3.07479e+06	1.11897e+06	-2.49493e+08	2.93605e+08
7.289e+07	2.97762e+06	1.0396e+06	-2.41608e+08	3.00046e+08
7.29e+07	2.87836e+06	962774	-2.33554e+08	3.06279e+08
7.291e+07	2.77709e+06	888554	-2.25337e+08	3.12302e+08
7.292e+07	2.67387e+06	816994	-2.16961e+08	3.18108e+08
7.293e+07	2.56877e+06	748146	-2.08433e+08	3.23694e+08
7.294e+07	2.46186e+06	682061	-1.99759e+08	3.29057e+08
7.295e+07	2.35323e+06	618788	-1.90944e+08	3.34191e+08
7.296e+07	2.24293e+06	558374	-1.81995e+08	3.39093e+08
7.297e+07	2.13106e+06	500865	-1.72917e+08	3.43759e+08
7.298e+07	2.01768e+06	446302	-1.63717e+08	3.48186e+08
7.299e+07	1.90288e+06	394728	-1.54402e+08	3.52371e+08
7.3e+07	1.78674e+06	346181	-1.44978e+08	3.5631e+08
7.301e+07	1.66933e+06	300696	-1.35452e+08	3.60001e+08
7.302e+07	1.55074e+06	258308	-1.25829e+08	3.63441e+08
7.303e+07	1.43106e+06	219050	-1.16118e+08	3.66626e+08
7.304e+07	1.31036e+06	182950	-1.06324e+08	3.69555e+08
7.305e+07	1.18873e+06	150036	-9.64552e+07	3.72226e+08
7.306e+07	1.06626e+06	120333	-8.65178e+07	3.74636e+08
7.307e+07	943035	93862.2	-7.65191e+07	3.76784e+08
7.308e+07	819140	70644.8	-6.64661e+07	3.78668e+08
7.309e+07	694664	50698	-5.6366e+07	3.80286e+08
7.31e+07	569695	34036.8	-4.62258e+07	3.81638e+08
7.311e+07	444321	20674	-3.60528e+07	3.82722e+08
7.312e+07	318632	10619.5	-2.58542e+07	3.83538e+08
7.313e+07	192717	3881.01	-1.56373e+07	3.84085e+08
7.314e+07	66664.6	463.663	-5.40925e+06	3.84362e+08
7.315e+07	-59435.1	370.029	4.82264e+06	3.8437e+08
7.316e+07	-185492	3600.18	1.50511e+07	3.84108e+08
7.317e+07	-311418	10151.7	2.52689e+07	3.83576e+08
7.318e+07	-437123	20019.6	3.54687e+07	3.82776e+08
7.319e+07	-562517	33196.4	4.56433e+07	3.81706e+08
7.32e+07	-687511	49672.1	5.57856e+07	3.8037e+08
7.321e+07	-812018	69434.4	6.58882e+07	3.78766e+08
7.322e+07	-935949	92468.1	7.59441e+07	3.76897e+08
7.323e+07	-1.05922e+06	118756	8.59461e+07	3.74764e+08
7.324e+07	-1.18173e+06	148278	9.58872e+07	3.72369e+08
7.325e+07	-1.30341e+06	181012	1.0576e+08	3.69712e+08
7.326e+07	-1.42416e+06	216934	1.15558e+08	3.66798e+08
7.327e+07	-1.54391e+06	256016	1.25275e+08	3.63627e+08
7.328e+07	-1.66256e+06	298228	1.34902e+08	3.60201e+08
7.329e+07	-1.78004e+06	343540	1.44435e+08	3.56525e+08
7.33e+07	-1.89626e+06	391917	1.53865e+08	3.52599e+08
7.331e+07	-2.01114e+06	443322	1.63186e+08	3.48428e+08
7.332e+07	-2.1246e+06	497718	1.72393e+08	3.44014e+08
7.333e+07	-2.23656e+06	555064	1.81477e+08	3.39361e+08
7.334e+07	-2.34694e+06	615316	1.90434e+08	3.34472e+08
7.335e+07	-2.45568e+06	678431	1.99257e+08	3.29351e+08
7.336e+07	-2.56268e+06	744360	2.07939e+08	3.24002e+08
7.337e+07	-2.66789e+06	813055	2.16476e+08	3.18428e+08
7.338e+07	-2.77122e+06	884466	2.2486e+08	3.12633e+08
7.339e+07	-2.8726e+06	958539	2.33087e+08	3.06623e+08
7.34e+07	-2.97198e+06	1.03522e+06	2.4115e+08	3.00401e+08
7.341e+07	-3.06927e+06	1.11445e+06	2.49045e+08	2.93972e+08
7.342e+07	-3.16442e+06	1.19617e+06	2.56765e+08	2.87341e+08
7.343e+07	-3.25736e+06	1.28033e+06	2.64306e+08	2.80512e+08
7.344e+07	-3.34802e+06	1.36686e+06	2.71663e+08	2.73491e+08
7.345e+07	-3.43636e+06	1.4557e+06	2.7883e+08	2.66283e+08
7.346e+07	-3.5223e+06	1.54678e+06	2.85804e+08	2.58893e+08
7.347e+07	-3.60579e+06	1.64003e+06	2.92579e+08	2.51326e+08
7.348e+07	-3.68678e+06	1.7354e+06	2.9915e+08	2.43587e+08
7.349e+07	-3.76522e+06	1.83281e+06	3.05515e+08	2.35684e+08
7.35e+07	-3.84105e+06	1.93218e+06	3.11668e+08	2.2762e+08
7.351e+07	-3.91423e+06	2.03346e+06	3.17605e+08	2.19402e+08
7.352e+07	-3.9847e+06	2.13656e+06	3.23324e+08	2.11036e+08
7.353e+07	-4.05243e+06	2.24142e+06	3.28819e+08	2.02528e+08
7.354e+07	-4.11737e+06	2.34795e+06	3.34089e+08	1.93884e+08
7.355e+07	-4.17948e+06	2.45609e+06	3.39128e+08	1.8511e+08
7.356e+07	-4.23872e+06	2.56575e+06	3.43935e+08	1.76212e+08
7.357e+07	-4.29506e+06	2.67686e+06	3.48507e+08	1.67196e+08
7.358e+07	-4.34846e+06	2.78934e+06	3.5284e+08	1.58069e+08
7.359e+07	-4.39889e+06	2.90311e+06	3.56932e+08	1.48838e+08
7.36e+07	-4.44633e+06	3.01809e+06	3.60781e+08	1.39508e+08
7.361e+07	-4.49073e+06	3.13421e+06	3.64384e+08	1.30087e+08
7.362e+07	-4.53209e+06	3.25137e+06	3.6774e+08	1.2058e+08
7.363e+07	-4.57037e+06	3.3695e+06	3.70846e+08	1.10994e+08
7.364e+07	-4.60555e+06	3.48852e+06	3.73701e+08	1.01337e+08
7.365e+07	-4.63762e+06	3.60835e+06	3.76303e+08	9.16141e+07
7.366e+07	-4.66656e+06	3.72889e+06	3.78651e+08	8.18326e+07
7.367e+07	-4.69236e+06	3.85008e+06	3.80744e+08	7.19991e+07
7.368e+07	-4.71499e+06	3.97183e+06	3.82581e+08	6.21203e+07
7.369e+07	-4.73446e+06	4.09406e+06	3.84161e+08	5.2203e+07
7.37e+07	-4.75076e+06	4.21667e+06	3.85483e+08	4.22538e+07
7.371e+07	-4.76387e+06	4.3396e+06	3.86547e+08	3.22794e+07
7.372e+07	-4.77381e+06	4.46275e+06	3.87353e+08	2.22866e+07
7.373e+07	-4.78055e+06	4.58605e+06	3.879e+08	1.2282e+07
7.374e+07	-4.78412e+06	4.70941e+06	3.8819e+08	2.27235e+06
7.375e+07	-4.7845e+06	4.83275e+06	3.88221e+08	-7.73569e+06
7.376e+07	-4.78171e+06	4.95599e+06	3.87994e+08	-1.77355e+07
7.377e+07	-4.77575e+06	5.07905e+06	3.87511e+08	-2.77204e+07
7.378e+07	-4.76663e+06	5.20184e+06	3.86771e+08	-3.7684e+07
7.379e+07	-4.75437e+06	5.32429e+06	3.85776e+08	-4.76195e+07
7.38e+07	-4.73897e+06	5.44631e+06	3.84526e+08	-5.75206e+07
7.381e+07	-4.72045e+06	5.56783e+06	3.83024e+08	-6.73808e+07
7.382e+07	-4.69883e+06	5.68876e+06	3.8127e+08	-7.71936e+07
7.383e+07	-4.67413e+06	5.80904e+06	3.79265e+08	-8.69527e+07
7.384e+07	-4.64637e+06	5.92857e+06	3.77013e+08	-9.66518e+07
7.385e+07	-4.61558e+06	6.04729e+06	3.74514e+08	-1.06285e+08
7.386e+07	-4.58177e+06	6.16511e+06	3.71771e+08	-1.15845e+08
7.387e+07	-4.54497e+06	6.28197e+06	3.68785e+08	-1.25327e+08
7.388e+07	-4.50522e+06	6.39779e+06	3.6556e+08	-1.34725e+08
7.389e+07	-4.46255e+06	6.51248e+06	3.62097e+08	-1.44032e+08
7.39e+07	-4.41698e+06	6.626e+06	3.58399e+08	-1.53242e+08
7.391e+07	-4.36855e+06	6.73825e+06	3.5447e+08	-1.6235e+08
7.392e+07	-4.3173e+06	6.84917e+06	3.50311e+08	-1.7135e+08
7.393e+07	-4.26326e+06	6.95869e+06	3.45926e+08	-1.80237e+08
7.394e+07	-4.20647e+06	7.06674e+06	3.41318e+08	-1.89005e+08
7.395e+07	-4.14698e+06	7.17326e+06	3.36491e+08	-1.97648e+08
7.396e+07	-4.08482e+06	7.27817e+06	3.31448e+08	-2.0616e+08
7.397e+07	-4.02004e+06	7.38142e+06	3.26191e+08	-2.14538e+08
7.398e+07	-3.95269e+06	7.48294e+06	3.20726e+08	-2.22775e+08
7.399e+07	-3.8828e+06	7.58266e+06	3.15056e+08	-2.30867e+08
7.4e+07	-3.81044e+06	7.68053e+06	3.09184e+08	-2.38808e+08
7.401e+07	-3.73565e+06	7.77648e+06	3.03115e+08	-2.46594e+08
7.402e+07	-3.65847e+06	7.87046e+06	2.96853e+08	-2.5422e+08
7.403e+07	-3.57897e+06	7.96241e+06	2.90402e+08	-2.61681e+08
7.404e+07	-3.49719e+06	8.05228e+06	2.83767e+08	-2.68972e+08
7.405e+07	-3.41319e+06	8.14e+06	2.76951e+08	-2.7609e+08
7.406e+07	-3.32703e+06	8.22553e+06	2.6996e+08	-2.8303e+08
7.407e+07	-3.23876e+06	8.30881e+06	2.62797e+08	-2.89788e+08
7.408e+07	-3.14845e+06	8.3898e+06	2.55469e+08	-2.96359e+08
7.409e+07	-3.05614e+06	8.46844e+06	2.47979e+08	-3.0274e+08
7.41e+07	-2.9619e+06	8.54469e+06	2.40333e+08	-3.08928e+08
7.411e+07	-2.8658e+06	8.61851e+06	2.32535e+08	-3.14917e+08
7.412e+07	-2.76789e+06	8.68984e+06	2.2459e+08	-3.20705e+08
7.413e+07	-2.66824e+06	8.75866e+06	2.16505e+08	-3.26289e+08
7.414e+07	-2.56691e+06	8.8249e+06	2.08283e+08	-3.31664e+08
7.415e+07	-2.46397e+06	8.88854e+06	1.9993e+08	-3.36828e+08
7.416e+07	-2.35949e+06	8.94955e+06	1.91452e+08	-3.41778e+08
7.417e+07	-2.25352e+06	9.00787e+06	1.82854e+08	-3.4651e+08
7.418e+07	-2.14614e+06	9.06348e+06	1.74141e+08	-3.51023e+08
7.419e+07	-2.03742e+06	9.11635e+06	1.65319e+08	-3.55313e+08
7.42e+07	-1.92742e+06	9.16644e+06	1.56394e+08	-3.59377e+08
7.421e+07	-1.81622e+06	9.21373e+06	1.47371e+08	-3.63214e+08
7.422e+07	-1.70389e+06	9.25819e+06	1.38256e+08	-3.66821e+08
7.423e+07	-1.59049e+06	9.29978e+06	1.29054e+08	-3.70196e+08
7.424e+07	-1.47609e+06	9.33849e+06	1.19772e+08	-3.73338e+08
7.425e+07	-1.36078e+06	9.3743e+06	1.10416e+08	-3.76243e+08
7.426e+07	-1.24462e+06	9.40718e+06	1.0099e+08	-3.78911e+08
7.427e+07	-1.12768e+06	9.43712e+06	9.15017e+07	-3.8134e+08
7.428e+07	-1.01004e+06	9.46409e+06	8.19562e+07	-3.83528e+08
7.429e+07	-891775	9.48808e+06	7.23598e+07	-3.85475e+08
7.43e+07	-772952	9.50908e+06	6.27183e+07	-3.87179e+08
7.431e+07	-653647	9.52707e+06	5.30378e+07	-3.88639e+08
7.432e+07	-533936	9.54205e+06	4.33243e+07	-3.89854e+08
7.433e+07	-413893	9.55401e+06	3.35838e+07	-3.90824e+08
7.434e+07	-293592	9.56293e+06	2.38225e+07	-3.91548e+08
7.435e+07	-173109	9.56881e+06	1.40463e+07	-3.92026e+08
7.436e+07	-52518.3	9.57166e+06	4.2614e+06	-3.92257e+08
7.437e+07	68105.2	9.57147e+06	-5.52614e+06	-3.92241e+08
7.438e+07	188686	9.56823e+06	-1.53103e+07	-3.91979e+08
7.439e+07	309150	9.56195e+06	-2.50848e+07	-3.91469e+08
7.44e+07	429422	9.55264e+06	-3.48438e+07	-3.90714e+08
7.441e+07	549426	9.5403e+06	-4.45812e+07	-3.89712e+08
7.442e+07	669089	9.52494e+06	-5.42907e+07	-3.88466e+08
7.443e+07	788335	9.50656e+06	-6.39666e+07	-3.86974e+08
7.444e+07	907091	9.48517e+06	-7.36026e+07	-3.85239e+08
7.445e+07	1.02528e+06	9.4608e+06	-8.31928e+07	-3.83261e+08
7.446e+07	1.14284e+06	9.43345e+06	-9.27312e+07	-3.81042e+08
7.447e+07	1.25968e+06	9.40313e+06	-1.02212e+08	-3.78583e+08
7.448e+07	1.37573e+06	9.36988e+06	-1.11629e+08	-3.75884e+08
7.449e+07	1.49093e+06	9.3337e+06	-1.20976e+08	-3.72948e+08
7.45e+07	1.6052e+06	9.29461e+06	-1.30248e+08	-3.69777e+08
7.451e+07	1.71847e+06	9.25265e+06	-1.39439e+08	-3.66372e+08
7.452e+07	1.83066e+06	9.20783e+06	-1.48542e+08	-3.62736e+08
7.453e+07	1.94171e+06	9.16019e+06	-1.57553e+08	-3.58869e+08
7.454e+07	2.05154e+06	9.10974e+06	-1.66465e+08	-3.54776e+08
7.455e+07	2.1601e+06	9.05652e+06	-1.75273e+08	-3.50458e+08
7.456e+07	2.2673e+06	9.00056e+06	-1.83971e+08	-3.45917e+08
7.457e+07	2.37308e+06	8.94189e+06	-1.92554e+08	-3.41156e+08
7.458e+07	2.47737e+06	8.88055e+06	-2.01017e+08	-3.36179e+08
7.459e+07	2.5801e+06	8.81657e+06	-2.09353e+08	-3.30988e+08
7.46e+07	2.68122e+06	8.74999e+06	-2.17557e+08	-3.25586e+08
7.461e+07	2.78065e+06	8.68086e+06	-2.25625e+08	-3.19976e+08
7.462e+07	2.87833e+06	8.6092e+06	-2.33551e+08	-3.14162e+08
7.463e+07	2.97419e+06	8.53508e+06	-2.4133e+08	-3.08147e+08
7.464e+07	3.06818e+06	8.45852e+06	-2.48956e+08	-3.01935e+08
7.465e+07	3.16024e+06	8.37957e+06	-2.56426e+08	-2.95529e+08
7.466e+07	3.2503e+06	8.29829e+06	-2.63733e+08	-2.88934e+08
7.467e+07	3.3383e+06	8.21472e+06	-2.70874e+08	-2.82153e+08
7.468e+07	3.42418e+06	8.12891e+06	-2.77843e+08	-2.7519e+08
7.469e+07	3.5079e+06	8.04091e+06	-2.84635e+08	-2.6805e+08
7.47e+07	3.58939e+06	7.95078e+06	-2.91248e+08	-2.60736e+08
7.471e+07	3.66859e+06	7.85857e+06	-2.97674e+08	-2.53254e+08
7.472e+07	3.74547e+06	7.76433e+06	-3.03912e+08	-2.45608e+08
7.473e+07	3.81995e+06	7.66813e+06	-3.09956e+08	-2.37802e+08
7.474e+07	3.892e+06	7.57003e+06	-3.15802e+08	-2.29842e+08
7.475e+07	3.96156e+06	7.47007e+06	-3.21446e+08	-2.21732e+08
7.476e+07	4.02858e+06	7.36834e+06	-3.26885e+08	-2.13476e+08
7.477e+07	4.09303e+06	7.26487e+06	-3.32114e+08	-2.05081e+08
7.478e+07	4.15485e+06	7.15975e+06	-3.3713e+08	-1.96552e+08
7.479e+07	4.214e+06	7.05304e+06	-3.41929e+08	-1.87893e+08
7.48e+07	4.27043e+06	6.9448e+06	-3.46509e+08	-1.7911e+08
7.481e+07	4.32412e+06	6.8351e+06	-3.50865e+08	-1.70209e+08
7.482e+07	4.37501e+06	6.72401e+06	-3.54994e+08	-1.61195e+08
7.483e+07	4.42308e+06	6.61159e+06	-3.58894e+08	-1.52073e+08
7.484e+07	4.46828e+06	6.49793e+06	-3.62562e+08	-1.4285e+08
7.485e+07	4.51058e+06	6.38309e+06	-3.65994e+08	-1.33532e+08
7.486e+07	4.54996e+06	6.26714e+06	-3.69189e+08	-1.24124e+08
7.487e+07	4.58637e+06	6.15016e+06	-3.72144e+08	-1.14632e+08
7.488e+07	4.6198e+06	6.03222e+06	-3.74856e+08	-1.05062e+08
7.489e+07	4.65021e+06	5.91339e+06	-3.77324e+08	-9.54204e+07
7.49e+07	4.67758e+06	5.79376e+06	-3.79545e+08	-8.57135e+07
7.491e+07	4.70189e+06	5.6734e+06	-3.81517e+08	-7.59474e+07
7.492e+07	4.72311e+06	5.55239e+06	-3.83239e+08	-6.61285e+07
7.493e+07	4.74123e+06	5.43081e+06	-3.8471e+08	-5.6263e+07
7.494e+07	4.75623e+06	5.30873e+06	-3.85927e+08	-4.63575e+07
7.495e+07	4.7681e+06	5.18624e+06	-3.8689e+08	-3.64183e+07
7.496e+07	4.77681e+06	5.06341e+06	-3.87597e+08	-2.64519e+07
7.497e+07	4.78237e+06	4.94033e+06	-3.88048e+08	-1.6465e+07
7.498e+07	4.78476e+06	4.81708e+06	-3.88242e+08	-6.46404e+06
7.499e+07	4.78397e+06	4.69373e+06	-3.88178e+08	3.5443e+06
7.5e+07	4.78e+06	4.57038e+06	-3.87856e+08	1.35534e+07
7.501e+07	4.77285e+06	4.4471e+06	-3.87275e+08	2.35566e+07
7.502e+07	4.76251e+06	4.32397e+06	-3.86437e+08	3.35472e+07
7.503e+07	4.749e+06	4.20109e+06	-3.8534e+08	4.35184e+07
7.504e+07	4.7323e+06	4.07852e+06	-3.83985e+08	5.34637e+07
7.505e+07	4.71242e+06	3.95635e+06	-3.82372e+08	6.33763e+07
7.506e+07	4.68939e+06	3.83468e+06	-3.80503e+08	7.32494e+07
7.507e+07	4.66319e+06	3.71357e+06	-3.78378e+08	8.30764e+07
7.508e+07	4.63386e+06	3.59311e+06	-3.75997e+08	9.28506e+07
7.509e+07	4.60139e+06	3.47338e+06	-3.73363e+08	1.02565e+08
7.51e+07	4.56582e+06	3.35447e+06	-3.70476e+08	1.12214e+08
7.511e+07	4.52715e+06	3.23646e+06	-3.67338e+08	1.21789e+08
7.512e+07	4.4854e+06	3.11943e+06	-3.63951e+08	1.31285e+08
7.513e+07	4.44061e+06	3.00346e+06	-3.60317e+08	1.40695e+08
7.514e+07	4.3928e+06	2.88863e+06	-3.56437e+08	1.50013e+08
7.515e+07	4.34199e+06	2.77502e+06	-3.52315e+08	1.59231e+08
7.516e+07	4.28822e+06	2.66271e+06	-3.47951e+08	1.68344e+08
7.517e+07	4.23151e+06	2.55179e+06	-3.4335e+08	1.77345e+08
7.518e+07	4.1719e+06	2.44232e+06	-3.38514e+08	1.86227e+08
7.519e+07	4.10943e+06	2.33438e+06	-3.33445e+08	1.94985e+08
7.52e+07	4.04414e+06	2.22806e+06	-3.28147e+08	2.03613e+08
7.521e+07	3.97606e+06	2.12342e+06	-3.22623e+08	2.12103e+08
7.522e+07	3.90525e+06	2.02055e+06	-3.16877e+08	2.2045e+08
7.523e+07	3.83173e+06	1.91951e+06	-3.10912e+08	2.28648e+08
7.524e+07	3.75557e+06	1.82038e+06	-3.04732e+08	2.36692e+08
7.525e+07	3.67681e+06	1.72323e+06	-2.98341e+08	2.44575e+08
7.526e+07	3.5955e+06	1.62813e+06	-2.91744e+08	2.52292e+08
7.527e+07	3.5117e+06	1.53514e+06	-2.84944e+08	2.59836e+08
7.528e+07	3.42545e+06	1.44435e+06	-2.77946e+08	2.67204e+08
7.529e+07	3.33682e+06	1.3558e+06	-2.70754e+08	2.74389e+08
7.53e+07	3.24587e+06	1.26957e+06	-2.63374e+08	2.81386e+08
7.531e+07	3.15265e+06	1.18572e+06	-2.5581e+08	2.88189e+08
7.532e+07	3.05723e+06	1.10431e+06	-2.48068e+08	2.94795e+08
7.533e+07	2.95967e+06	1.02539e+06	-2.40152e+08	3.01198e+08
7.534e+07	2.86004e+06	949042	-2.32067e+08	3.07393e+08
7.535e+07	2.75841e+06	875304	-2.23821e+08	3.13377e+08
7.536e+07	2.65484e+06	804234	-2.15417e+08	3.19143e+08
7.537e+07	2.5494e+06	735886	-2.06862e+08	3.24689e+08
7.538e+07	2.44218e+06	670310	-1.98161e+08	3.3001e+08
7.539e+07	2.33323e+06	607555	-1.89322e+08	3.35102e+08
7.54e+07	2.22265e+06	547668	-1.80348e+08	3.39962e+08
7.541e+07	2.11049e+06	490693	-1.71248e+08	3.44585e+08
7.542e+07	1.99685e+06	436673	-1.62027e+08	3.48968e+08
7.543e+07	1.8818e+06	385647	-1.52692e+08	3.53108e+08
7.544e+07	1.76542e+06	337656	-1.43248e+08	3.57002e+08
7.545e+07	1.64779e+06	292733	-1.33704e+08	3.60647e+08
7.546e+07	1.52899e+06	250914	-1.24065e+08	3.6404e+08
7.547e+07	1.40912e+06	212230	-1.14338e+08	3.67179e+08
7.548e+07	1.28824e+06	176709	-1.0453e+08	3.70062e+08
7.549e+07	1.16646e+06	144379	-9.46477e+07	3.72685e+08
7.55e+07	1.04384e+06	115263	-8.46986e+07	3.75047e+08
7.551e+07	920487	89384.8	-7.46895e+07	3.77147e+08
7.552e+07	796479	66762.7	-6.46274e+07	3.78983e+08
7.553e+07	671907	47414	-5.45194e+07	3.80553e+08
7.554e+07	546857	31353.5	-4.43727e+07	3.81856e+08
7.555e+07	421419	18593.3	-3.41945e+07	3.82891e+08
7.556e+07	295682	9143.12	-2.39921e+07	3.83658e+08
7.557e+07	169735	3010.04	-1.37725e+07	3.84156e+08
7.558e+07	43667.7	198.741	-3.54326e+06	3.84384e+08
7.559e+07	-82430.9	711.361	6.68855e+06	3.84342e+08
7.56e+07	-208471	4547.51	1.69156e+07	3.84031e+08
7.561e+07	-334363	11704.3	2.71306e+07	3.8345e+08
7.562e+07	-460018	22176.3	3.73264e+07	3.82601e+08
7.563e+07	-585345	35955.6	4.74957e+07	3.81483e+08
7.564e+07	-710258	53031.7	5.76312e+07	3.80097e+08
7.565e+07	-834666	73391.8	6.77259e+07	3.78445e+08
7.566e+07	-958482	97020.4	7.77725e+07	3.76528e+08
7.567e+07	-1.08162e+06	123900	8.77639e+07	3.74347e+08
7.568e+07	-1.20399e+06	154009	9.76931e+07	3.71903e+08
7.569e+07	-1.3255e+06	187327	1.07553e+08	3.692e+08
7.57e+07	-1.44608e+06	223827	1.17337e+08	3.66238e+08
7.571e+07	-1.56563e+06	263482	1.27037e+08	3.63021e+08
7.572e+07	-1.68408e+06	306262	1.36648e+08	3.5955e+08
7.573e+07	-1.80133e+06	352135	1.46162e+08	3.55827e+08
7.574e+07	-1.91731e+06	401067	1.55573e+08	3.51857e+08
7.575e+07	-2.03194e+06	453021	1.64874e+08	3.47641e+08
7.576e+07	-2.14513e+06	507958	1.74059e+08	3.43184e+08
7.577e+07	-2.25681e+06	565837	1.83121e+08	3.38487e+08
7.578e+07	-2.3669e+06	626615	1.92053e+08	3.33556e+08
7.579e+07	-2.47532e+06	690246	2.00851e+08	3.28393e+08
7.58e+07	-2.58201e+06	756684	2.09507e+08	3.23002e+08
7.581e+07	-2.68687e+06	825878	2.18016e+08	3.17387e+08
7.582e+07	-2.78986e+06	897778	2.26372e+08	3.11553e+08
7.583e+07	-2.89088e+06	972331	2.3457e+08	3.05504e+08
7.584e+07	-2.98988e+06	1.04948e+06	2.42603e+08	2.99244e+08
7.585e+07	-3.08679e+06	1.12917e+06	2.50466e+08	2.92778e+08
7.586e+07	-3.18154e+06	1.21134e+06	2.58154e+08	2.8611e+08
7.587e+07	-3.27406e+06	1.29594e+06	2.65662e+08	2.79246e+08
7.588e+07	-3.36431e+06	1.38289e+06	2.72984e+08	2.7219e+08
7.589e+07	-3.45221e+06	1.47214e+06	2.80117e+08	2.64949e+08
7.59e+07	-3.53771e+06	1.56362e+06	2.87054e+08	2.57526e+08
7.591e+07	-3.62075e+06	1.65727e+06	2.93792e+08	2.49927e+08
7.592e+07	-3.70128e+06	1.75301e+06	3.00327e+08	2.42158e+08
7.593e+07	-3.77925e+06	1.85079e+06	3.06653e+08	2.34225e+08
7.594e+07	-3.8546e+06	1.95051e+06	3.12767e+08	2.26133e+08
7.595e+07	-3.92728e+06	2.05213e+06	3.18665e+08	2.17887e+08
7.596e+07	-3.99726e+06	2.15556e+06	3.24343e+08	2.09495e+08
7.597e+07	-4.06448e+06	2.26073e+06	3.29797e+08	2.00962e+08
7.598e+07	-4.12891e+06	2.36756e+06	3.35025e+08	1.92293e+08
7.599e+07	-4.1905e+06	2.47598e+06	3.40022e+08	1.83496e+08
7.6e+07	-4.24921e+06	2.58591e+06	3.44787e+08	1.74576e+08
7.601e+07	-4.30502e+06	2.69727e+06	3.49315e+08	1.6554e+08
7.602e+07	-4.35788e+06	2.80999e+06	3.53604e+08	1.56393e+08
7.603e+07	-4.40777e+06	2.92399e+06	3.57652e+08	1.47143e+08
7.604e+07	-4.45465e+06	3.03919e+06	3.61456e+08	1.37796e+08
7.605e+07	-4.4985e+06	3.1555e+06	3.65015e+08	1.28359e+08
7.606e+07	-4.5393e+06	3.27284e+06	3.68325e+08	1.18837e+08
7.607e+07	-4.57702e+06	3.39114e+06	3.71385e+08	1.09238e+08
7.608e+07	-4.61163e+06	3.51032e+06	3.74194e+08	9.95683e+07
7.609e+07	-4.64313e+06	3.63028e+06	3.7675e+08	8.98343e+07
7.61e+07	-4.6715e+06	3.75095e+06	3.79052e+08	8.00429e+07
7.611e+07	-4.69672e+06	3.87225e+06	3.81098e+08	7.02006e+07
7.612e+07	-4.71878e+06	3.99409e+06	3.82888e+08	6.03143e+07
7.613e+07	-4.73767e+06	4.11639e+06	3.84421e+08	5.03906e+07
7.614e+07	-4.75339e+06	4.23907e+06	3.85696e+08	4.04363e+07
7.615e+07	-4.76592e+06	4.36204e+06	3.86713e+08	3.04581e+07
7.616e+07	-4.77528e+06	4.48523e+06	3.87472e+08	2.04626e+07
7.617e+07	-4.78144e+06	4.60855e+06	3.87972e+08	1.04566e+07
7.618e+07	-4.78443e+06	4.73191e+06	3.88215e+08	446793
7.619e+07	-4.78423e+06	4.85524e+06	3.88199e+08	-9.56024e+06
7.62e+07	-4.78086e+06	4.97845e+06	3.87925e+08	-1.95578e+07
7.621e+07	-4.77432e+06	5.10146e+06	3.87395e+08	-2.95394e+07
7.622e+07	-4.76463e+06	5.2242e+06	3.86608e+08	-3.94983e+07
7.623e+07	-4.75179e+06	5.34657e+06	3.85567e+08	-4.9428e+07
7.624e+07	-4.73582e+06	5.46851e+06	3.84271e+08	-5.93221e+07
7.625e+07	-4.71674e+06	5.58993e+06	3.82722e+08	-6.91741e+07
7.626e+07	-4.69456e+06	5.71075e+06	3.80923e+08	-7.89776e+07
7.627e+07	-4.6693e+06	5.83089e+06	3.78873e+08	-8.87263e+07
7.628e+07	-4.64098e+06	5.95028e+06	3.76575e+08	-9.84138e+07
7.629e+07	-4.60963e+06	6.06884e+06	3.74032e+08	-1.08034e+08
7.63e+07	-4.57528e+06	6.1865e+06	3.71244e+08	-1.17581e+08
7.631e+07	-4.53794e+06	6.30317e+06	3.68215e+08	-1.27048e+08
7.632e+07	-4.49766e+06	6.41879e+06	3.64946e+08	-1.36429e+08
7.633e+07	-4.45445e+06	6.53328e+06	3.6144e+08	-1.45719e+08
7.634e+07	-4.40836e+06	6.64656e+06	3.577e+08	-1.54911e+08
7.635e+07	-4.35941e+06	6.75858e+06	3.53728e+08	-1.64e+08
7.636e+07	-4.30765e+06	6.86925e+06	3.49528e+08	-1.7298e+08
7.637e+07	-4.2531e+06	6.97851e+06	3.45102e+08	-1.81845e+08
7.638e+07	-4.19582e+06	7.08628e+06	3.40454e+08	-1.9059e+08
7.639e+07	-4.13584e+06	7.19251e+06	3.35587e+08	-1.9921e+08
7.64e+07	-4.0732e+06	7.29713e+06	3.30505e+08	-2.07699e+08
7.641e+07	-4.00795e+06	7.40007e+06	3.2521e+08	-2.16051e+08
7.642e+07	-3.94013e+06	7.50126e+06	3.19707e+08	-2.24262e+08
7.643e+07	-3.86979e+06	7.60065e+06	3.14e+08	-2.32327e+08
7.644e+07	-3.79698e+06	7.69817e+06	3.08092e+08	-2.4024e+08
7.645e+07	-3.72175e+06	7.79377e+06	3.01987e+08	-2.47997e+08
7.646e+07	-3.64414e+06	7.88738e+06	2.95691e+08	-2.55593e+08
7.647e+07	-3.56422e+06	7.97896e+06	2.89206e+08	-2.63023e+08
7.648e+07	-3.48204e+06	8.06844e+06	2.82537e+08	-2.70283e+08
7.649e+07	-3.39764e+06	8.15576e+06	2.75689e+08	-2.77369e+08
7.65e+07	-3.31109e+06	8.24089e+06	2.68666e+08	-2.84276e+08
7.651e+07	-3.22244e+06	8.32375e+06	2.61473e+08	-2.91e+08
7.652e+07	-3.13176e+06	8.40432e+06	2.54115e+08	-2.97537e+08
7.653e+07	-3.03909e+06	8.48253e+06	2.46596e+08	-3.03883e+08
7.654e+07	-2.94451e+06	8.55834e+06	2.38922e+08	-3.10035e+08
7.655e+07	-2.84808e+06	8.63171e+06	2.31097e+08	-3.15988e+08
7.656e+07	-2.74984e+06	8.70258e+06	2.23126e+08	-3.21739e+08
7.657e+07	-2.64988e+06	8.77093e+06	2.15015e+08	-3.27285e+08
7.658e+07	-2.54826e+06	8.8367e+06	2.06769e+08	-3.32622e+08
7.659e+07	-2.44503e+06	8.89987e+06	1.98393e+08	-3.37747e+08
7.66e+07	-2.34027e+06	8.96038e+06	1.89892e+08	-3.42657e+08
7.661e+07	-2.23404e+06	9.01822e+06	1.81273e+08	-3.4735e+08
7.662e+07	-2.12641e+06	9.07333e+06	1.7254e+08	-3.51822e+08
7.663e+07	-2.01745e+06	9.12569e+06	1.63699e+08	-3.56071e+08
7.664e+07	-1.90723e+06	9.17528e+06	1.54755e+08	-3.60094e+08
7.665e+07	-1.79582e+06	9.22205e+06	1.45715e+08	-3.63889e+08
7.666e+07	-1.68328e+06	9.26599e+06	1.36584e+08	-3.67454e+08
7.667e+07	-1.5697e+06	9.30706e+06	1.27367e+08	-3.70787e+08
7.668e+07	-1.45513e+06	9.34524e+06	1.18071e+08	-3.73885e+08
7.669e+07	-1.33966e+06	9.38052e+06	1.08702e+08	-3.76747e+08
7.67e+07	-1.22335e+06	9.41286e+06	9.92641e+07	-3.79372e+08
7.671e+07	-1.10628e+06	9.44226e+06	8.97649e+07	-3.81757e+08
7.672e+07	-988519	9.46869e+06	8.02097e+07	-3.83901e+08
7.673e+07	-870144	9.49213e+06	7.06046e+07	-3.85804e+08
7.674e+07	-751227	9.51258e+06	6.09555e+07	-3.87464e+08
7.675e+07	-631843	9.53003e+06	5.12685e+07	-3.88879e+08
7.676e+07	-512065	9.54446e+06	4.15497e+07	-3.9005e+08
7.677e+07	-391970	9.55586e+06	3.18049e+07	-3.90975e+08
7.678e+07	-271630	9.56423e+06	2.20404e+07	-3.91654e+08
7.679e+07	-151122	9.56956e+06	1.22622e+07	-3.92087e+08
7.68e+07	-30519.5	9.57185e+06	2.47639e+06	-3.92273e+08
7.681e+07	90101.8	9.5711e+06	-7.31098e+06	-3.92212e+08
7.682e+07	210667	9.56731e+06	-1.70938e+07	-3.91904e+08
7.683e+07	331101	9.56048e+06	-2.6866e+07	-3.9135e+08
7.684e+07	451330	9.55062e+06	-3.66215e+07	-3.9055e+08
7.685e+07	571278	9.53772e+06	-4.63542e+07	-3.89503e+08
7.686e+07	690870	9.52181e+06	-5.60581e+07	-3.88212e+08
7.687e+07	810033	9.50288e+06	-6.57271e+07	-3.86676e+08
7.688e+07	928691	9.48095e+06	-7.53552e+07	-3.84897e+08
7.689e+07	1.04677e+06	9.45603e+06	-8.49364e+07	-3.82875e+08
7.69e+07	1.1642e+06	9.42814e+06	-9.44647e+07	-3.80611e+08
7.691e+07	1.2809e+06	9.39729e+06	-1.03934e+08	-3.78108e+08
7.692e+07	1.39681e+06	9.3635e+06	-1.13339e+08	-3.75366e+08
7.693e+07	1.51184e+06	9.32679e+06	-1.22673e+08	-3.72388e+08
7.694e+07	1.62593e+06	9.28718e+06	-1.3193e+08	-3.69174e+08
7.695e+07	1.73901e+06	9.24469e+06	-1.41105e+08	-3.65726e+08
7.696e+07	1.851e+06	9.19935e+06	-1.50193e+08	-3.62048e+08
7.697e+07	1.96183e+06	9.15119e+06	-1.59186e+08	-3.5814e+08
7.698e+07	2.07144e+06	9.10024e+06	-1.68079e+08	-3.54005e+08
7.699e+07	2.17975e+06	9.04651e+06	-1.76868e+08	-3.49646e+08
7.7e+07	2.2867e+06	8.99006e+06	-1.85545e+08	-3.45065e+08
7.701e+07	2.39221e+06	8.9309e+06	-1.94107e+08	-3.40265e+08
7.702e+07	2.49622e+06	8.86907e+06	-2.02547e+08	-3.35248e+08
7.703e+07	2.59867e+06	8.80462e+06	-2.10859e+08	-3.30018e+08
7.704e+07	2.69948e+06	8.73757e+06	-2.19039e+08	-3.24578e+08
7.705e+07	2.79859e+06	8.66798e+06	-2.27082e+08	-3.18931e+08
7.706e+07	2.89595e+06	8.59587e+06	-2.34981e+08	-3.1308e+08
7.707e+07	2.99148e+06	8.52129e+06	-2.42732e+08	-3.07029e+08
7.708e+07	3.08512e+06	8.4443e+06	-2.50331e+08	-3.00781e+08
7.709e+07	3.17681e+06	8.36492e+06	-2.57771e+08	-2.94341e+08
7.71e+07	3.2665e+06	8.28322e+06	-2.65048e+08	-2.87711e+08
7.711e+07	3.35412e+06	8.19923e+06	-2.72158e+08	-2.80896e+08
7.712e+07	3.43961e+06	8.11302e+06	-2.79095e+08	-2.73901e+08
7.713e+07	3.52293e+06	8.02463e+06	-2.85855e+08	-2.66729e+08
7.714e+07	3.604e+06	7.93411e+06	-2.92434e+08	-2.59384e+08
7.715e+07	3.68279e+06	7.84153e+06	-2.98826e+08	-2.51872e+08
7.716e+07	3.75923e+06	7.74693e+06	-3.05029e+08	-2.44196e+08
7.717e+07	3.83327e+06	7.65038e+06	-3.11037e+08	-2.36362e+08
7.718e+07	3.90487e+06	7.55193e+06	-3.16846e+08	-2.28374e+08
7.719e+07	3.97397e+06	7.45165e+06	-3.22453e+08	-2.20237e+08
7.72e+07	4.04053e+06	7.34959e+06	-3.27854e+08	-2.11956e+08
7.721e+07	4.1045e+06	7.24582e+06	-3.33045e+08	-2.03536e+08
7.722e+07	4.16584e+06	7.14041e+06	-3.38021e+08	-1.94982e+08
7.723e+07	4.22449e+06	7.03341e+06	-3.42781e+08	-1.863e+08
7.724e+07	4.28043e+06	6.9249e+06	-3.4732e+08	-1.77495e+08
7.725e+07	4.33361e+06	6.81494e+06	-3.51635e+08	-1.68573e+08
7.726e+07	4.38399e+06	6.7036e+06	-3.55723e+08	-1.59539e+08
7.727e+07	4.43153e+06	6.59096e+06	-3.5958e+08	-1.50399e+08
7.728e+07	4.47621e+06	6.47707e+06	-3.63206e+08	-1.41158e+08
7.729e+07	4.51798e+06	6.36202e+06	-3.66595e+08	-1.31823e+08
7.73e+07	4.55682e+06	6.24588e+06	-3.69746e+08	-1.22399e+08
7.731e+07	4.59269e+06	6.12871e+06	-3.72657e+08	-1.12892e+08
7.732e+07	4.62557e+06	6.01061e+06	-3.75325e+08	-1.03309e+08
7.733e+07	4.65543e+06	5.89163e+06	-3.77747e+08	-9.36547e+07
7.734e+07	4.68224e+06	5.77186e+06	-3.79923e+08	-8.39366e+07
7.735e+07	4.70599e+06	5.65138e+06	-3.8185e+08	-7.41604e+07
7.736e+07	4.72665e+06	5.53026e+06	-3.83526e+08	-6.43325e+07
7.737e+07	4.7442e+06	5.40858e+06	-3.84951e+08	-5.44593e+07
7.738e+07	4.75863e+06	5.28642e+06	-3.86121e+08	-4.45471e+07
7.739e+07	4.76992e+06	5.16386e+06	-3.87038e+08	-3.46025e+07
7.74e+07	4.77806e+06	5.04098e+06	-3.87698e+08	-2.46319e+07
7.741e+07	4.78304e+06	4.91786e+06	-3.88102e+08	-1.46419e+07
7.742e+07	4.78485e+06	4.79459e+06	-3.88249e+08	-4.6391e+06
7.743e+07	4.78348e+06	4.67124e+06	-3.88138e+08	5.36988e+06
7.744e+07	4.77894e+06	4.54789e+06	-3.87769e+08	1.53784e+07
7.745e+07	4.7712e+06	4.42463e+06	-3.87142e+08	2.53798e+07
7.746e+07	4.76029e+06	4.30154e+06	-3.86256e+08	3.53673e+07
7.747e+07	4.74619e+06	4.17871e+06	-3.85112e+08	4.53344e+07
7.748e+07	4.72891e+06	4.05621e+06	-3.8371e+08	5.52742e+07
7.749e+07	4.70846e+06	3.93412e+06	-3.8205e+08	6.51801e+07
7.75e+07	4.68484e+06	3.81254e+06	-3.80134e+08	7.50453e+07
7.751e+07	4.65808e+06	3.69155e+06	-3.77962e+08	8.48632e+07
7.752e+07	4.62817e+06	3.57121e+06	-3.75536e+08	9.4627e+07
7.753e+07	4.59514e+06	3.45163e+06	-3.72855e+08	1.0433e+08
7.754e+07	4.55899e+06	3.33288e+06	-3.69923e+08	1.13966e+08
7.755e+07	4.51976e+06	3.21504e+06	-3.66739e+08	1.23527e+08
7.756e+07	4.47746e+06	3.0982e+06	-3.63307e+08	1.33008e+08
7.757e+07	4.43212e+06	2.98243e+06	-3.59628e+08	1.42402e+08
7.758e+07	4.38376e+06	2.86782e+06	-3.55704e+08	1.51702e+08
7.759e+07	4.3324e+06	2.75444e+06	-3.51537e+08	1.60901e+08
7.76e+07	4.27809e+06	2.64238e+06	-3.4713e+08	1.69994e+08
7.761e+07	4.22085e+06	2.53171e+06	-3.42486e+08	1.78974e+08
7.762e+07	4.16072e+06	2.42251e+06	-3.37606e+08	1.87834e+08
7.763e+07	4.09773e+06	2.31487e+06	-3.32496e+08	1.96569e+08
7.764e+07	4.03193e+06	2.20885e+06	-3.27156e+08	2.05171e+08
7.765e+07	3.96335e+06	2.10453e+06	-3.21591e+08	2.13636e+08
7.766e+07	3.89204e+06	2.00198e+06	-3.15805e+08	2.21957e+08
7.767e+07	3.81804e+06	1.90129e+06	-3.09801e+08	2.30127e+08
7.768e+07	3.7414e+06	1.80251e+06	-3.03582e+08	2.38142e+08
7.769e+07	3.66217e+06	1.70573e+06	-2.97153e+08	2.45995e+08
7.77e+07	3.5804e+06	1.61101e+06	-2.90519e+08	2.53681e+08
7.771e+07	3.49615e+06	1.51842e+06	-2.83682e+08	2.61193e+08
7.772e+07	3.40946e+06	1.42803e+06	-2.76648e+08	2.68528e+08
7.773e+07	3.32041e+06	1.3399e+06	-2.69422e+08	2.75679e+08
7.774e+07	3.22903e+06	1.2541e+06	-2.62008e+08	2.82641e+08
7.775e+07	3.13541e+06	1.17069e+06	-2.54411e+08	2.89409e+08
7.776e+07	3.03959e+06	1.08973e+06	-2.46637e+08	2.95978e+08
7.777e+07	2.94165e+06	1.01128e+06	-2.3869e+08	3.02344e+08
7.778e+07	2.84165e+06	935397	-2.30575e+08	3.08501e+08
7.779e+07	2.73966e+06	862141	-2.223e+08	3.14445e+08
7.78e+07	2.63574e+06	791564	-2.13868e+08	3.20171e+08
7.781e+07	2.52998e+06	723718	-2.05286e+08	3.25677e+08
7.782e+07	2.42243e+06	658653	-1.96559e+08	3.30956e+08
7.783e+07	2.31318e+06	596418	-1.87695e+08	3.36006e+08
7.784e+07	2.20231e+06	537058	-1.78698e+08	3.40822e+08
7.785e+07	2.08988e+06	480619	-1.69575e+08	3.45402e+08
7.786e+07	1.97597e+06	427142	-1.60333e+08	3.49741e+08
7.787e+07	1.86067e+06	376668	-1.50977e+08	3.53837e+08
7.788e+07	1.74406e+06	329233	-1.41515e+08	3.57686e+08
7.789e+07	1.62621e+06	284874	-1.31953e+08	3.61285e+08
7.79e+07	1.50721e+06	243625	-1.22297e+08	3.64632e+08
7.791e+07	1.38714e+06	205515	-1.12555e+08	3.67724e+08
7.792e+07	1.2661e+06	170574	-1.02733e+08	3.70559e+08
7.793e+07	1.14415e+06	138828	-9.2838e+07	3.73135e+08
7.794e+07	1.0214e+06	110302	-8.28775e+07	3.7545e+08
7.795e+07	897917	85015.7	-7.28581e+07	3.77502e+08
7.796e+07	773800	62989.4	-6.27871e+07	3.79289e+08
7.797e+07	649133	44239.4	-5.26715e+07	3.8081e+08
7.798e+07	524006	28780	-4.25186e+07	3.82065e+08
7.799e+07	398507	16622.8	-3.23354e+07	3.83051e+08
7.8e+07	272725	7777.09	-2.21293e+07	3.83769e+08
7.801e+07	146750	2249.56	-1.19075e+07	3.84217e+08
7.802e+07	20669.8	44.3845	-1.67718e+06	3.84396e+08
7.803e+07	-105425	1163.24	8.55431e+06	3.84306e+08
7.804e+07	-231445	5605.29	1.87797e+07	3.83945e+08
7.805e+07	-357300	13367.2	2.89918e+07	3.83315e+08
7.806e+07	-482901	24443	3.91833e+07	3.82417e+08
7.807e+07	-608160	38824.4	4.93469e+07	3.8125e+08
7.808e+07	-732987	56500.5	5.94755e+07	3.79815e+08
7.809e+07	-857294	77457.9	6.95619e+07	3.78115e+08
7.81e+07	-980992	101681	7.9599e+07	3.76149e+08
7.811e+07	-1.104e+06	129151	8.95796e+07	3.73921e+08
7.812e+07	-1.22621e+06	159847	9.94967e+07	3.7143e+08
7.813e+07	-1.34757e+06	193747	1.09343e+08	3.68679e+08
7.814e+07	-1.46796e+06	230825	1.19112e+08	3.65671e+08
7.815e+07	-1.58732e+06	271052	1.28797e+08	3.62407e+08
7.816e+07	-1.70555e+06	314399	1.38391e+08	3.58889e+08
7.817e+07	-1.82258e+06	360832	1.47887e+08	3.55122e+08
7.818e+07	-1.93832e+06	410318	1.57278e+08	3.51106e+08
7.819e+07	-2.05269e+06	462819	1.66558e+08	3.46846e+08
7.82e+07	-2.16561e+06	518296	1.75721e+08	3.42345e+08
7.821e+07	-2.27701e+06	576707	1.8476e+08	3.37605e+08
7.822e+07	-2.3868e+06	638008	1.93668e+08	3.32631e+08
7.823e+07	-2.49491e+06	702155	2.0244e+08	3.27426e+08
7.824e+07	-2.60127e+06	769099	2.1107e+08	3.21994e+08
7.825e+07	-2.7058e+06	838791	2.19552e+08	3.16339e+08
7.826e+07	-2.80843e+06	911179	2.27879e+08	3.10466e+08
7.827e+07	-2.90909e+06	986209	2.36047e+08	3.04378e+08
7.828e+07	-3.00771e+06	1.06383e+06	2.4405e+08	2.9808e+08
7.829e+07	-3.10423e+06	1.14397e+06	2.51881e+08	2.91576e+08
7.83e+07	-3.19858e+06	1.22659e+06	2.59537e+08	2.84873e+08
7.831e+07	-3.29069e+06	1.31162e+06	2.67011e+08	2.77973e+08
7.832e+07	-3.38052e+06	1.399e+06	2.74299e+08	2.70883e+08
7.833e+07	-3.46798e+06	1.48866e+06	2.81397e+08	2.63608e+08
7.834e+07	-3.55304e+06	1.58054e+06	2.88298e+08	2.56153e+08
7.835e+07	-3.63563e+06	1.67458e+06	2.94999e+08	2.48523e+08
7.836e+07	-3.71569e+06	1.7707e+06	3.01496e+08	2.40723e+08
7.837e+07	-3.79318e+06	1.86883e+06	3.07784e+08	2.32761e+08
7.838e+07	-3.86805e+06	1.96891e+06	3.13859e+08	2.2464e+08
7.839e+07	-3.94025e+06	2.07086e+06	3.19717e+08	2.16368e+08
7.84e+07	-4.00973e+06	2.17461e+06	3.25354e+08	2.07949e+08
7.841e+07	-4.07644e+06	2.28009e+06	3.30768e+08	1.99391e+08
7.842e+07	-4.14035e+06	2.38721e+06	3.35954e+08	1.90698e+08
7.843e+07	-4.20142e+06	2.49592e+06	3.40909e+08	1.81878e+08
7.844e+07	-4.25961e+06	2.60611e+06	3.4563e+08	1.72936e+08
7.845e+07	-4.31488e+06	2.71773e+06	3.50115e+08	1.6388e+08
7.846e+07	-4.3672e+06	2.83069e+06	3.54361e+08	1.54714e+08
7.847e+07	-4.41655e+06	2.94491e+06	3.58364e+08	1.45446e+08
7.848e+07	-4.46288e+06	3.06032e+06	3.62124e+08	1.36082e+08
7.849e+07	-4.50617e+06	3.17682e+06	3.65637e+08	1.26628e+08
7.85e+07	-4.54641e+06	3.29435e+06	3.68902e+08	1.17092e+08
7.851e+07	-4.58356e+06	3.41282e+06	3.71916e+08	1.0748e+08
7.852e+07	-4.61761e+06	3.53214e+06	3.74679e+08	9.77977e+07
7.853e+07	-4.64854e+06	3.65224e+06	3.77189e+08	8.80527e+07
7.854e+07	-4.67634e+06	3.77303e+06	3.79444e+08	7.82515e+07
7.855e+07	-4.70098e+06	3.89443e+06	3.81444e+08	6.84007e+07
7.856e+07	-4.72246e+06	4.01636e+06	3.83187e+08	5.85071e+07
7.857e+07	-4.74078e+06	4.13874e+06	3.84673e+08	4.85773e+07
7.858e+07	-4.75591e+06	4.26148e+06	3.85901e+08	3.86181e+07
7.859e+07	-4.76787e+06	4.3845e+06	3.86871e+08	2.86362e+07
7.86e+07	-4.77664e+06	4.50771e+06	3.87583e+08	1.86383e+07
7.861e+07	-4.78222e+06	4.63104e+06	3.88036e+08	8.63115e+06
7.862e+07	-4.78463e+06	4.75441e+06	3.88231e+08	-1.37867e+06
7.863e+07	-4.78385e+06	4.87772e+06	3.88168e+08	-1.13845e+07
7.864e+07	-4.7799e+06	5.0009e+06	3.87848e+08	-2.13796e+07
7.865e+07	-4.77279e+06	5.12387e+06	3.87271e+08	-3.13575e+07
7.866e+07	-4.76252e+06	5.24655e+06	3.86437e+08	-4.13116e+07
7.867e+07	-4.74911e+06	5.36885e+06	3.85349e+08	-5.12353e+07
7.868e+07	-4.73258e+06	5.4907e+06	3.84007e+08	-6.11222e+07
7.869e+07	-4.71293e+06	5.61201e+06	3.82413e+08	-7.09659e+07
7.87e+07	-4.69018e+06	5.73271e+06	3.80567e+08	-8.07598e+07
7.871e+07	-4.66436e+06	5.85273e+06	3.78472e+08	-9.04978e+07
7.872e+07	-4.63549e+06	5.97197e+06	3.7613e+08	-1.00174e+08
7.873e+07	-4.60359e+06	6.09037e+06	3.73541e+08	-1.09781e+08
7.874e+07	-4.56869e+06	6.20785e+06	3.7071e+08	-1.19313e+08
7.875e+07	-4.53082e+06	6.32434e+06	3.67636e+08	-1.28765e+08
7.876e+07	-4.48999e+06	6.43976e+06	3.64324e+08	-1.3813e+08
7.877e+07	-4.44626e+06	6.55403e+06	3.60775e+08	-1.47403e+08
7.878e+07	-4.39964e+06	6.66709e+06	3.56993e+08	-1.56576e+08
7.879e+07	-4.35018e+06	6.77886e+06	3.52979e+08	-1.65646e+08
7.88e+07	-4.2979e+06	6.88928e+06	3.48738e+08	-1.74605e+08
7.881e+07	-4.24286e+06	6.99828e+06	3.44271e+08	-1.83449e+08
7.882e+07	-4.18508e+06	7.10578e+06	3.39583e+08	-1.92172e+08
7.883e+07	-4.12461e+06	7.21172e+06	3.34676e+08	-2.00768e+08
7.884e+07	-4.06149e+06	7.31603e+06	3.29555e+08	-2.09232e+08
7.885e+07	-3.99577e+06	7.41865e+06	3.24222e+08	-2.17559e+08
7.886e+07	-3.92749e+06	7.51952e+06	3.18681e+08	-2.25744e+08
7.887e+07	-3.85669e+06	7.61858e+06	3.12937e+08	-2.33781e+08
7.888e+07	-3.78344e+06	7.71575e+06	3.06993e+08	-2.41666e+08
7.889e+07	-3.70777e+06	7.81099e+06	3.00853e+08	-2.49394e+08
7.89e+07	-3.62974e+06	7.90424e+06	2.94522e+08	-2.5696e+08
7.891e+07	-3.5494e+06	7.99544e+06	2.88003e+08	-2.6436e+08
7.892e+07	-3.46681e+06	8.08452e+06	2.81301e+08	-2.71589e+08
7.893e+07	-3.38201e+06	8.17145e+06	2.74421e+08	-2.78642e+08
7.894e+07	-3.29508e+06	8.25617e+06	2.67367e+08	-2.85516e+08
7.895e+07	-3.20605e+06	8.33862e+06	2.60143e+08	-2.92207e+08
7.896e+07	-3.115e+06	8.41876e+06	2.52755e+08	-2.98709e+08
7.897e+07	-3.02199e+06	8.49654e+06	2.45208e+08	-3.0502e+08
7.898e+07	-2.92706e+06	8.5719e+06	2.37506e+08	-3.11135e+08
7.899e+07	-2.83029e+06	8.64482e+06	2.29654e+08	-3.17052e+08
7.9e+07	-2.73174e+06	8.71524e+06	2.21657e+08	-3.22766e+08
7.901e+07	-2.63147e+06	8.78312e+06	2.13521e+08	-3.28274e+08
7.902e+07	-2.52955e+06	8.84842e+06	2.05251e+08	-3.33572e+08
7.903e+07	-2.42604e+06	8.9111e+06	1.96852e+08	-3.38659e+08
7.904e+07	-2.321e+06	8.97113e+06	1.88329e+08	-3.43529e+08
7.905e+07	-2.21451e+06	9.02847e+06	1.79688e+08	-3.48182e+08
7.906e+07	-2.10664e+06	9.08309e+06	1.70935e+08	-3.52614e+08
7.907e+07	-1.99744e+06	9.13495e+06	1.62075e+08	-3.56821e+08
7.908e+07	-1.887e+06	9.18402e+06	1.53114e+08	-3.60803e+08
7.909e+07	-1.77538e+06	9.23028e+06	1.44056e+08	-3.64557e+08
7.91e+07	-1.66264e+06	9.27369e+06	1.34909e+08	-3.68079e+08
7.911e+07	-1.54887e+06	9.31424e+06	1.25678e+08	-3.71369e+08
7.912e+07	-1.43414e+06	9.35189e+06	1.16368e+08	-3.74425e+08
7.913e+07	-1.31851e+06	9.38663e+06	1.06985e+08	-3.77244e+08
7.914e+07	-1.20205e+06	9.41844e+06	9.75361e+07	-3.79825e+08
7.915e+07	-1.08485e+06	9.4473e+06	8.80262e+07	-3.82166e+08
7.916e+07	-966973	9.47318e+06	7.84615e+07	-3.84267e+08
7.917e+07	-848494	9.49609e+06	6.88479e+07	-3.86125e+08
7.918e+07	-729486	9.51599e+06	5.91915e+07	-3.8774e+08
7.919e+07	-610025	9.53289e+06	4.94982e+07	-3.89111e+08
7.92e+07	-490184	9.54676e+06	3.97742e+07	-3.90237e+08
7.921e+07	-370038	9.55761e+06	3.00254e+07	-3.91117e+08
7.922e+07	-249663	9.56543e+06	2.02579e+07	-3.91751e+08
7.923e+07	-129131	9.5702e+06	1.04779e+07	-3.92139e+08
7.924e+07	-8520.05	9.57194e+06	691328	-3.9228e+08
7.925e+07	112097	9.57064e+06	-9.09567e+06	-3.92174e+08
7.926e+07	232644	9.56629e+06	-1.8877e+07	-3.91821e+08
7.927e+07	353046	9.55891e+06	-2.86466e+07	-3.91222e+08
7.928e+07	473229	9.54849e+06	-3.83984e+07	-3.90377e+08
7.929e+07	593117	9.53505e+06	-4.81263e+07	-3.89286e+08
7.93e+07	712637	9.51858e+06	-5.78243e+07	-3.8795e+08
7.931e+07	831713	9.4991e+06	-6.74863e+07	-3.8637e+08
7.932e+07	950272	9.47663e+06	-7.71063e+07	-3.84546e+08
7.933e+07	1.06824e+06	9.45117e+06	-8.66783e+07	-3.8248e+08
7.934e+07	1.18554e+06	9.42273e+06	-9.61963e+07	-3.80173e+08
7.935e+07	1.3021e+06	9.39134e+06	-1.05654e+08	-3.77626e+08
7.936e+07	1.41785e+06	9.35702e+06	-1.15047e+08	-3.74841e+08
7.937e+07	1.53272e+06	9.31978e+06	-1.24367e+08	-3.71819e+08
7.938e+07	1.64663e+06	9.27964e+06	-1.3361e+08	-3.68562e+08
7.939e+07	1.75952e+06	9.23663e+06	-1.42769e+08	-3.65073e+08
7.94e+07	1.8713e+06	9.19078e+06	-1.5184e+08	-3.61352e+08
7.941e+07	1.98192e+06	9.14211e+06	-1.60815e+08	-3.57403e+08
7.942e+07	2.09129e+06	9.09064e+06	-1.6969e+08	-3.53227e+08
7.943e+07	2.19936e+06	9.03642e+06	-1.78459e+08	-3.48827e+08
7.944e+07	2.30605e+06	8.97947e+06	-1.87116e+08	-3.44206e+08
7.945e+07	2.41129e+06	8.91982e+06	-1.95655e+08	-3.39366e+08
7.946e+07	2.51502e+06	8.85751e+06	-2.04072e+08	-3.3431e+08
7.947e+07	2.61718e+06	8.79258e+06	-2.12361e+08	-3.29042e+08
7.948e+07	2.71768e+06	8.72507e+06	-2.20516e+08	-3.23564e+08
7.949e+07	2.81648e+06	8.65501e+06	-2.28533e+08	-3.17879e+08
7.95e+07	2.91351e+06	8.58245e+06	-2.36406e+08	-3.11991e+08
7.951e+07	3.0087e+06	8.50743e+06	-2.4413e+08	-3.05904e+08
7.952e+07	3.10199e+06	8.43e+06	-2.51699e+08	-2.99621e+08
7.953e+07	3.19332e+06	8.35019e+06	-2.5911e+08	-2.93146e+08
7.954e+07	3.28264e+06	8.26807e+06	-2.66357e+08	-2.86482e+08
7.955e+07	3.36987e+06	8.18367e+06	-2.73436e+08	-2.79634e+08
7.956e+07	3.45497e+06	8.09706e+06	-2.80341e+08	-2.72606e+08
7.957e+07	3.53788e+06	8.00828e+06	-2.87068e+08	-2.65402e+08
7.958e+07	3.61855e+06	7.91738e+06	-2.93613e+08	-2.58027e+08
7.959e+07	3.69691e+06	7.82443e+06	-2.99972e+08	-2.50484e+08
7.96e+07	3.77291e+06	7.72947e+06	-3.06139e+08	-2.42779e+08
7.961e+07	3.84652e+06	7.63257e+06	-3.12111e+08	-2.34916e+08
7.962e+07	3.91766e+06	7.53378e+06	-3.17884e+08	-2.26901e+08
7.963e+07	3.9863e+06	7.43317e+06	-3.23454e+08	-2.18737e+08
7.964e+07	4.05239e+06	7.33079e+06	-3.28816e+08	-2.1043e+08
7.965e+07	4.11588e+06	7.22672e+06	-3.33968e+08	-2.01985e+08
7.966e+07	4.17673e+06	7.12101e+06	-3.38906e+08	-1.93408e+08
7.967e+07	4.2349e+06	7.01373e+06	-3.43625e+08	-1.84703e+08
7.968e+07	4.29034e+06	6.90495e+06	-3.48123e+08	-1.75877e+08
7.969e+07	4.34301e+06	6.79474e+06	-3.52397e+08	-1.66934e+08
7.97e+07	4.39287e+06	6.68315e+06	-3.56443e+08	-1.5788e+08
7.971e+07	4.4399e+06	6.57028e+06	-3.60259e+08	-1.48721e+08
7.972e+07	4.48405e+06	6.45617e+06	-3.63841e+08	-1.39462e+08
7.973e+07	4.52528e+06	6.34092e+06	-3.67188e+08	-1.3011e+08
7.974e+07	4.56358e+06	6.22458e+06	-3.70295e+08	-1.20671e+08
7.975e+07	4.59891e+06	6.10724e+06	-3.73162e+08	-1.1115e+08
7.976e+07	4.63124e+06	5.98897e+06	-3.75785e+08	-1.01553e+08
7.977e+07	4.66054e+06	5.86985e+06	-3.78163e+08	-9.1887e+07
7.978e+07	4.6868e+06	5.74994e+06	-3.80293e+08	-8.21578e+07
7.979e+07	4.70999e+06	5.62934e+06	-3.82174e+08	-7.23717e+07
7.98e+07	4.73008e+06	5.50811e+06	-3.83805e+08	-6.25351e+07
7.981e+07	4.74707e+06	5.38633e+06	-3.85183e+08	-5.26542e+07
7.982e+07	4.76092e+06	5.2641e+06	-3.86308e+08	-4.27356e+07
7.983e+07	4.77164e+06	5.14147e+06	-3.87177e+08	-3.27858e+07
7.984e+07	4.77921e+06	5.01854e+06	-3.87791e+08	-2.28112e+07
7.985e+07	4.78361e+06	4.89539e+06	-3.88148e+08	-1.28184e+07
7.986e+07	4.78484e+06	4.77209e+06	-3.88248e+08	-2.81395e+06
7.987e+07	4.78289e+06	4.64874e+06	-3.8809e+08	7.19544e+06
7.988e+07	4.77776e+06	4.5254e+06	-3.87674e+08	1.72031e+07
7.989e+07	4.76945e+06	4.40217e+06	-3.86999e+08	2.72025e+07
7.99e+07	4.75795e+06	4.27912e+06	-3.86066e+08	3.71868e+07
7.991e+07	4.74327e+06	4.15634e+06	-3.84875e+08	4.71494e+07
7.992e+07	4.72542e+06	4.03391e+06	-3.83426e+08	5.70835e+07
7.993e+07	4.70439e+06	3.91191e+06	-3.8172e+08	6.69825e+07
7.994e+07	4.6802e+06	3.79043e+06	-3.79757e+08	7.68396e+07
7.995e+07	4.65286e+06	3.66955e+06	-3.77539e+08	8.66481e+07
7.996e+07	4.62238e+06	3.54935e+06	-3.75066e+08	9.64013e+07
7.997e+07	4.58877e+06	3.42991e+06	-3.72339e+08	1.06093e+08
7.998e+07	4.55207e+06	3.31132e+06	-3.69361e+08	1.15715e+08
7.999e+07	4.51227e+06	3.19366e+06	-3.66132e+08	1.25263e+08
8e+07	4.46942e+06	3.077e+06	-3.62654e+08	1.34728e+08
8.001e+07	4.42352e+06	2.96144e+06	-3.5893e+08	1.44105e+08
8.002e+07	4.37461e+06	2.84704e+06	-3.54962e+08	1.53387e+08
8.003e+07	4.32272e+06	2.7339e+06	-3.50751e+08	1.62568e+08
8.004e+07	4.26787e+06	2.62209e+06	-3.46301e+08	1.7164e+08
8.005e+07	4.2101e+06	2.51168e+06	-3.41613e+08	1.80599e+08
8.006e+07	4.14945e+06	2.40276e+06	-3.36691e+08	1.89437e+08
8.007e+07	4.08594e+06	2.29541e+06	-3.31539e+08	1.98148e+08
8.008e+07	4.01963e+06	2.18969e+06	-3.26158e+08	2.06726e+08
8.009e+07	3.95055e+06	2.08569e+06	-3.20553e+08	2.15164e+08
8.01e+07	3.87874e+06	1.98348e+06	-3.14726e+08	2.23458e+08
8.011e+07	3.80426e+06	1.88313e+06	-3.08682e+08	2.31601e+08
8.012e+07	3.72714e+06	1.78471e+06	-3.02425e+08	2.39586e+08
8.013e+07	3.64745e+06	1.6883e+06	-2.95959e+08	2.47409e+08
8.014e+07	3.56522e+06	1.59396e+06	-2.89287e+08	2.55064e+08
8.015e+07	3.48052e+06	1.50177e+06	-2.82414e+08	2.62545e+08
8.016e+07	3.3934e+06	1.41178e+06	-2.75345e+08	2.69846e+08
8.017e+07	3.30391e+06	1.32407e+06	-2.68084e+08	2.76963e+08
8.018e+07	3.21213e+06	1.2387e+06	-2.60636e+08	2.8389e+08
8.019e+07	3.1181e+06	1.15574e+06	-2.53006e+08	2.90622e+08
8.02e+07	3.02189e+06	1.07523e+06	-2.452e+08	2.97154e+08
8.021e+07	2.92357e+06	997245	-2.37222e+08	3.03482e+08
8.022e+07	2.8232e+06	921840	-2.29078e+08	3.09601e+08
8.023e+07	2.72085e+06	849069	-2.20773e+08	3.15505e+08
8.024e+07	2.61659e+06	778986	-2.12314e+08	3.21192e+08
8.025e+07	2.5105e+06	711643	-2.03705e+08	3.26656e+08
8.026e+07	2.40263e+06	647091	-1.94953e+08	3.31894e+08
8.027e+07	2.29308e+06	585376	-1.86064e+08	3.36902e+08
8.028e+07	2.18191e+06	526546	-1.77043e+08	3.41675e+08
8.029e+07	2.06921e+06	470644	-1.67898e+08	3.46211e+08
8.03e+07	1.95504e+06	417712	-1.58635e+08	3.50506e+08
8.031e+07	1.8395e+06	367789	-1.49259e+08	3.54557e+08
8.032e+07	1.72265e+06	320913	-1.39778e+08	3.58361e+08
8.033e+07	1.60459e+06	277119	-1.30198e+08	3.61914e+08
8.034e+07	1.48539e+06	236439	-1.20526e+08	3.65215e+08
8.035e+07	1.36514e+06	198905	-1.10769e+08	3.68261e+08
8.036e+07	1.24392e+06	164545	-1.00933e+08	3.71049e+08
8.037e+07	1.12182e+06	133385	-9.10261e+07	3.73577e+08
8.038e+07	998928	105448	-8.10543e+07	3.75844e+08
8.039e+07	875325	80755	-7.1025e+07	3.77847e+08
8.04e+07	751102	59325.1	-6.09454e+07	3.79586e+08
8.041e+07	626345	41174.2	-5.08224e+07	3.81059e+08
8.042e+07	501143	26316.2	-4.06634e+07	3.82265e+08
8.043e+07	375586	14762.4	-3.04755e+07	3.83202e+08
8.044e+07	249762	6521.44	-2.0266e+07	3.83871e+08
8.045e+07	123761	1599.59	-1.00421e+07	3.8427e+08
8.046e+07	-2328.57	0.597484	188943	3.844e+08
8.047e+07	-128416	1725.67	1.04199e+07	3.8426e+08
8.048e+07	-254413	6773.51	2.06434e+07	3.8385e+08
8.049e+07	-380228	15140.3	3.08522e+07	3.83171e+08
8.05e+07	-505774	26819.7	4.10392e+07	3.82224e+08
8.051e+07	-630961	41802.8	5.1197e+07	3.81008e+08
8.052e+07	-755699	60078.4	6.13184e+07	3.79525e+08
8.053e+07	-879902	81632.6	7.13964e+07	3.77776e+08
8.054e+07	-1.00348e+06	106449	8.14237e+07	3.75763e+08
8.055e+07	-1.12635e+06	134509	9.13932e+07	3.73486e+08
8.056e+07	-1.24841e+06	165792	1.01298e+08	3.70947e+08
8.057e+07	-1.3696e+06	200273	1.11131e+08	3.6815e+08
8.058e+07	-1.48981e+06	237927	1.20885e+08	3.65094e+08
8.059e+07	-1.60897e+06	278726	1.30554e+08	3.61784e+08
8.06e+07	-1.72699e+06	322638	1.4013e+08	3.58221e+08
8.061e+07	-1.84379e+06	369631	1.49607e+08	3.54408e+08
8.062e+07	-1.95928e+06	419670	1.58979e+08	3.50347e+08
8.063e+07	-2.0734e+06	472716	1.68238e+08	3.46043e+08
8.064e+07	-2.18605e+06	528731	1.77379e+08	3.41498e+08
8.065e+07	-2.29716e+06	587673	1.86394e+08	3.36715e+08
8.066e+07	-2.40665e+06	649497	1.95278e+08	3.31699e+08
8.067e+07	-2.51444e+06	714157	2.04025e+08	3.26452e+08
8.068e+07	-2.62047e+06	781606	2.12628e+08	3.20979e+08
8.069e+07	-2.72466e+06	851793	2.21082e+08	3.15284e+08
8.07e+07	-2.82693e+06	924667	2.29381e+08	3.09371e+08
8.071e+07	-2.92723e+06	1.00017e+06	2.37519e+08	3.03245e+08
8.072e+07	-3.02547e+06	1.07826e+06	2.45491e+08	2.96909e+08
8.073e+07	-3.1216e+06	1.15886e+06	2.53291e+08	2.90369e+08
8.074e+07	-3.21555e+06	1.24192e+06	2.60914e+08	2.83629e+08
8.075e+07	-3.30725e+06	1.32738e+06	2.68354e+08	2.76694e+08
8.076e+07	-3.39665e+06	1.41518e+06	2.75608e+08	2.6957e+08
8.077e+07	-3.48368e+06	1.50525e+06	2.8267e+08	2.62262e+08
8.078e+07	-3.56829e+06	1.59753e+06	2.89535e+08	2.54774e+08
8.079e+07	-3.65042e+06	1.69195e+06	2.962e+08	2.47113e+08
8.08e+07	-3.73002e+06	1.78845e+06	3.02659e+08	2.39283e+08
8.081e+07	-3.80704e+06	1.88694e+06	3.08908e+08	2.31291e+08
8.082e+07	-3.88142e+06	1.98736e+06	3.14943e+08	2.23143e+08
8.083e+07	-3.95312e+06	2.08965e+06	3.20762e+08	2.14843e+08
8.084e+07	-4.0221e+06	2.19372e+06	3.26358e+08	2.06399e+08
8.085e+07	-4.08831e+06	2.2995e+06	3.31731e+08	1.97815e+08
8.086e+07	-4.1517e+06	2.40692e+06	3.36875e+08	1.89099e+08
8.087e+07	-4.21225e+06	2.5159e+06	3.41787e+08	1.80256e+08
8.088e+07	-4.26991e+06	2.62637e+06	3.46466e+08	1.71293e+08
8.089e+07	-4.32464e+06	2.73824e+06	3.50907e+08	1.62216e+08
8.09e+07	-4.37643e+06	2.85143e+06	3.55109e+08	1.53031e+08
8.091e+07	-4.42522e+06	2.96588e+06	3.59068e+08	1.43745e+08
8.092e+07	-4.471e+06	3.08149e+06	3.62783e+08	1.34364e+08
8.093e+07	-4.51374e+06	3.19818e+06	3.66251e+08	1.24895e+08
8.094e+07	-4.55342e+06	3.31589e+06	3.6947e+08	1.15345e+08
8.095e+07	-4.59e+06	3.43452e+06	3.72439e+08	1.05719e+08
8.096e+07	-4.62349e+06	3.55399e+06	3.75156e+08	9.60249e+07
8.097e+07	-4.65385e+06	3.67422e+06	3.77619e+08	8.62692e+07
8.098e+07	-4.68107e+06	3.79513e+06	3.79828e+08	7.64584e+07
8.099e+07	-4.70513e+06	3.91663e+06	3.81781e+08	6.65993e+07
8.1e+07	-4.72604e+06	4.03865e+06	3.83477e+08	5.66986e+07
8.101e+07	-4.74377e+06	4.1611e+06	3.84916e+08	4.6763e+07
8.102e+07	-4.75833e+06	4.2839e+06	3.86097e+08	3.67991e+07
8.103e+07	-4.7697e+06	4.40696e+06	3.8702e+08	2.68138e+07
8.104e+07	-4.77789e+06	4.5302e+06	3.87685e+08	1.68138e+07
8.105e+07	-4.7829e+06	4.65354e+06	3.88091e+08	6.80558e+06
8.106e+07	-4.78472e+06	4.7769e+06	3.88239e+08	-3.204e+06
8.107e+07	-4.78337e+06	4.9002e+06	3.88129e+08	-1.32084e+07
8.108e+07	-4.77884e+06	5.02335e+06	3.87762e+08	-2.32008e+07
8.109e+07	-4.77115e+06	5.14627e+06	3.87138e+08	-3.31749e+07
8.11e+07	-4.76031e+06	5.26888e+06	3.86258e+08	-4.31239e+07
8.111e+07	-4.74633e+06	5.39111e+06	3.85123e+08	-5.30414e+07
8.112e+07	-4.72922e+06	5.51286e+06	3.83735e+08	-6.29209e+07
8.113e+07	-4.70901e+06	5.63407e+06	3.82095e+08	-7.2756e+07
8.114e+07	-4.6857e+06	5.75465e+06	3.80204e+08	-8.25402e+07
8.115e+07	-4.65932e+06	5.87453e+06	3.78064e+08	-9.22673e+07
8.116e+07	-4.6299e+06	5.99363e+06	3.75676e+08	-1.01931e+08
8.117e+07	-4.59745e+06	6.11187e+06	3.73043e+08	-1.11525e+08
8.118e+07	-4.562e+06	6.22917e+06	3.70167e+08	-1.21043e+08
8.119e+07	-4.52359e+06	6.34547e+06	3.6705e+08	-1.3048e+08
8.12e+07	-4.48223e+06	6.46068e+06	3.63694e+08	-1.39828e+08
8.121e+07	-4.43797e+06	6.57474e+06	3.60103e+08	-1.49083e+08
8.122e+07	-4.39083e+06	6.68757e+06	3.56278e+08	-1.58238e+08
8.123e+07	-4.34085e+06	6.79911e+06	3.52222e+08	-1.67288e+08
8.124e+07	-4.28807e+06	6.90927e+06	3.4794e+08	-1.76227e+08
8.125e+07	-4.23252e+06	7.01799e+06	3.43433e+08	-1.85049e+08
8.126e+07	-4.17425e+06	7.12522e+06	3.38704e+08	-1.93749e+08
8.127e+07	-4.1133e+06	7.23086e+06	3.33758e+08	-2.02322e+08
8.128e+07	-4.0497e+06	7.33487e+06	3.28598e+08	-2.10761e+08
8.129e+07	-3.98351e+06	7.43718e+06	3.23227e+08	-2.19063e+08
8.13e+07	-3.91476e+06	7.53772e+06	3.17649e+08	-2.27221e+08
8.131e+07	-3.84352e+06	7.63644e+06	3.11868e+08	-2.35231e+08
8.132e+07	-3.76982e+06	7.73327e+06	3.05888e+08	-2.43087e+08
8.133e+07	-3.69371e+06	7.82815e+06	2.99713e+08	-2.50786e+08
8.134e+07	-3.61526e+06	7.92103e+06	2.93347e+08	-2.58322e+08
8.135e+07	-3.5345e+06	8.01184e+06	2.86794e+08	-2.65691e+08
8.136e+07	-3.45151e+06	8.10054e+06	2.8006e+08	-2.72888e+08
8.137e+07	-3.36632e+06	8.18707e+06	2.73147e+08	-2.7991e+08
8.138e+07	-3.27899e+06	8.27138e+06	2.66062e+08	-2.8675e+08
8.139e+07	-3.1896e+06	8.35341e+06	2.58808e+08	-2.93407e+08
8.14e+07	-3.09818e+06	8.43312e+06	2.51391e+08	-2.99874e+08
8.141e+07	-3.00481e+06	8.51046e+06	2.43815e+08	-3.0615e+08
8.142e+07	-2.90955e+06	8.58539e+06	2.36085e+08	-3.12229e+08
8.143e+07	-2.81245e+06	8.65785e+06	2.28206e+08	-3.18109e+08
8.144e+07	-2.71358e+06	8.72781e+06	2.20183e+08	-3.23786e+08
8.145e+07	-2.613e+06	8.79522e+06	2.12023e+08	-3.29256e+08
8.146e+07	-2.51079e+06	8.86005e+06	2.03728e+08	-3.34516e+08
8.147e+07	-2.40699e+06	8.92225e+06	1.95306e+08	-3.39563e+08
8.148e+07	-2.30169e+06	8.98179e+06	1.86762e+08	-3.44394e+08
8.149e+07	-2.19494e+06	9.03864e+06	1.781e+08	-3.49007e+08
8.15e+07	-2.08682e+06	9.09275e+06	1.69327e+08	-3.53398e+08
8.151e+07	-1.97739e+06	9.1441e+06	1.60448e+08	-3.57565e+08
8.152e+07	-1.86673e+06	9.19267e+06	1.51469e+08	-3.61505e+08
8.153e+07	-1.7549e+06	9.23841e+06	1.42395e+08	-3.65216e+08
8.154e+07	-1.64197e+06	9.2813e+06	1.33232e+08	-3.68697e+08
8.155e+07	-1.52802e+06	9.32132e+06	1.23985e+08	-3.71944e+08
8.156e+07	-1.41311e+06	9.35845e+06	1.14662e+08	-3.74957e+08
8.157e+07	-1.29733e+06	9.39266e+06	1.05267e+08	-3.77732e+08
8.158e+07	-1.18073e+06	9.42393e+06	9.58061e+07	-3.8027e+08
8.159e+07	-1.0634e+06	9.45224e+06	8.62857e+07	-3.82567e+08
8.16e+07	-945408	9.47758e+06	7.67116e+07	-3.84624e+08
8.161e+07	-826827	9.49994e+06	6.70898e+07	-3.86438e+08
8.162e+07	-707731	9.5193e+06	5.74262e+07	-3.88008e+08
8.163e+07	-588195	9.53564e+06	4.77269e+07	-3.89334e+08
8.164e+07	-468293	9.54897e+06	3.79979e+07	-3.90416e+08
8.165e+07	-348100	9.55926e+06	2.82452e+07	-3.91251e+08
8.166e+07	-227690	9.56652e+06	1.8475e+07	-3.9184e+08
8.167e+07	-107138	9.57075e+06	8.69335e+06	-3.92183e+08
8.168e+07	13479.6	9.57193e+06	-1.09375e+06	-3.92279e+08
8.169e+07	134089	9.57007e+06	-1.08802e+07	-3.92128e+08
8.17e+07	254615	9.56517e+06	-2.06598e+07	-3.91731e+08
8.171e+07	374983	9.55724e+06	-3.04266e+07	-3.91087e+08
8.172e+07	495118	9.54626e+06	-4.01745e+07	-3.90196e+08
8.173e+07	614945	9.53227e+06	-4.98974e+07	-3.89061e+08
8.174e+07	734389	9.51525e+06	-5.95893e+07	-3.8768e+08
8.175e+07	853376	9.49523e+06	-6.92441e+07	-3.86055e+08
8.176e+07	971832	9.47221e+06	-7.88557e+07	-3.84187e+08
8.177e+07	1.08968e+06	9.4462e+06	-8.84183e+07	-3.82077e+08
8.178e+07	1.20686e+06	9.41723e+06	-9.79259e+07	-3.79726e+08
8.179e+07	1.32328e+06	9.3853e+06	-1.07372e+08	-3.77136e+08
8.18e+07	1.43887e+06	9.35044e+06	-1.16752e+08	-3.74307e+08
8.181e+07	1.55357e+06	9.31267e+06	-1.26059e+08	-3.71242e+08
8.182e+07	1.6673e+06	9.27201e+06	-1.35287e+08	-3.67943e+08
8.183e+07	1.77999e+06	9.22848e+06	-1.44431e+08	-3.64411e+08
8.184e+07	1.89156e+06	9.18211e+06	-1.53484e+08	-3.60649e+08
8.185e+07	2.00196e+06	9.13293e+06	-1.62442e+08	-3.56658e+08
8.186e+07	2.1111e+06	9.08096e+06	-1.71297e+08	-3.52441e+08
8.187e+07	2.21892e+06	9.02624e+06	-1.80046e+08	-3.48001e+08
8.188e+07	2.32535e+06	8.96879e+06	-1.88682e+08	-3.43339e+08
8.189e+07	2.43032e+06	8.90865e+06	-1.972e+08	-3.3846e+08
8.19e+07	2.53377e+06	8.84587e+06	-2.05594e+08	-3.33365e+08
8.191e+07	2.63563e+06	8.78046e+06	-2.13858e+08	-3.28058e+08
8.192e+07	2.73583e+06	8.71248e+06	-2.21989e+08	-3.22542e+08
8.193e+07	2.83431e+06	8.64196e+06	-2.2998e+08	-3.1682e+08
8.194e+07	2.93101e+06	8.56895e+06	-2.37826e+08	-3.10896e+08
8.195e+07	3.02585e+06	8.49349e+06	-2.45522e+08	-3.04773e+08
8.196e+07	3.11879e+06	8.41562e+06	-2.53063e+08	-2.98454e+08
8.197e+07	3.20976e+06	8.33539e+06	-2.60444e+08	-2.91944e+08
8.198e+07	3.2987e+06	8.25285e+06	-2.67661e+08	-2.85247e+08
8.199e+07	3.38555e+06	8.16804e+06	-2.74708e+08	-2.78366e+08
8.2e+07	3.47026e+06	8.08103e+06	-2.81581e+08	-2.71305e+08
8.201e+07	3.55276e+06	7.99186e+06	-2.88276e+08	-2.6407e+08
8.202e+07	3.63301e+06	7.90058e+06	-2.94787e+08	-2.56663e+08
8.203e+07	3.71095e+06	7.80726e+06	-3.01111e+08	-2.49091e+08
8.204e+07	3.78652e+06	7.71194e+06	-3.07243e+08	-2.41357e+08
8.205e+07	3.85968e+06	7.61469e+06	-3.13179e+08	-2.33466e+08
8.206e+07	3.93037e+06	7.51556e+06	-3.18915e+08	-2.25423e+08
8.207e+07	3.99855e+06	7.41463e+06	-3.24447e+08	-2.17232e+08
8.208e+07	4.06417e+06	7.31194e+06	-3.29772e+08	-2.089e+08
8.209e+07	4.12718e+06	7.20756e+06	-3.34885e+08	-2.00431e+08
8.21e+07	4.18754e+06	7.10156e+06	-3.39783e+08	-1.9183e+08
8.211e+07	4.24521e+06	6.994e+06	-3.44462e+08	-1.83103e+08
8.212e+07	4.30015e+06	6.88496e+06	-3.4892e+08	-1.74254e+08
8.213e+07	4.35231e+06	6.77448e+06	-3.53152e+08	-1.65291e+08
8.214e+07	4.40166e+06	6.66266e+06	-3.57157e+08	-1.56217e+08
8.215e+07	4.44816e+06	6.54955e+06	-3.6093e+08	-1.47039e+08
8.216e+07	4.49178e+06	6.43524e+06	-3.64469e+08	-1.37763e+08
8.217e+07	4.53249e+06	6.31978e+06	-3.67772e+08	-1.28395e+08
8.218e+07	4.57025e+06	6.20326e+06	-3.70836e+08	-1.1894e+08
8.219e+07	4.60503e+06	6.08574e+06	-3.73658e+08	-1.09405e+08
8.22e+07	4.63681e+06	5.96731e+06	-3.76237e+08	-9.97951e+07
8.221e+07	4.66556e+06	5.84803e+06	-3.7857e+08	-9.01171e+07
8.222e+07	4.69126e+06	5.728e+06	-3.80655e+08	-8.03771e+07
8.223e+07	4.71388e+06	5.60727e+06	-3.82491e+08	-7.05813e+07
8.224e+07	4.73341e+06	5.48594e+06	-3.84075e+08	-6.07361e+07
8.225e+07	4.74983e+06	5.36407e+06	-3.85407e+08	-5.08479e+07
8.226e+07	4.76311e+06	5.24176e+06	-3.86485e+08	-4.09232e+07
8.227e+07	4.77326e+06	5.11907e+06	-3.87308e+08	-3.09683e+07
8.228e+07	4.78025e+06	4.9961e+06	-3.87875e+08	-2.09899e+07
8.229e+07	4.78407e+06	4.87291e+06	-3.88186e+08	-1.09944e+07
8.23e+07	4.78472e+06	4.7496e+06	-3.88239e+08	-988636
8.231e+07	4.78219e+06	4.62624e+06	-3.88033e+08	9.02094e+06
8.232e+07	4.77648e+06	4.50291e+06	-3.8757e+08	1.90276e+07
8.233e+07	4.76759e+06	4.37971e+06	-3.86848e+08	2.90247e+07
8.234e+07	4.75551e+06	4.2567e+06	-3.85868e+08	3.90056e+07
8.235e+07	4.74025e+06	4.13398e+06	-3.8463e+08	4.89635e+07
8.236e+07	4.72182e+06	4.01162e+06	-3.83134e+08	5.88917e+07
8.237e+07	4.70021e+06	3.88971e+06	-3.81381e+08	6.87835e+07
8.238e+07	4.67545e+06	3.76834e+06	-3.79372e+08	7.86323e+07
8.239e+07	4.64753e+06	3.64757e+06	-3.77107e+08	8.84312e+07
8.24e+07	4.61648e+06	3.52751e+06	-3.74587e+08	9.81736e+07
8.241e+07	4.58231e+06	3.40822e+06	-3.71815e+08	1.07853e+08
8.242e+07	4.54504e+06	3.28979e+06	-3.6879e+08	1.17462e+08
8.243e+07	4.50469e+06	3.1723e+06	-3.65516e+08	1.26995e+08
8.244e+07	4.46127e+06	3.05584e+06	-3.61994e+08	1.36445e+08
8.245e+07	4.41483e+06	2.94049e+06	-3.58225e+08	1.45805e+08
8.246e+07	4.36537e+06	2.82631e+06	-3.54212e+08	1.55069e+08
8.247e+07	4.31293e+06	2.71341e+06	-3.49957e+08	1.64231e+08
8.248e+07	4.25755e+06	2.60185e+06	-3.45463e+08	1.73283e+08
8.249e+07	4.19925e+06	2.49171e+06	-3.40733e+08	1.8222e+08
8.25e+07	4.13808e+06	2.38307e+06	-3.35769e+08	1.91035e+08
8.251e+07	4.07406e+06	2.276e+06	-3.30574e+08	1.99722e+08
8.252e+07	4.00724e+06	2.17059e+06	-3.25152e+08	2.08275e+08
8.253e+07	3.93765e+06	2.06691e+06	-3.19506e+08	2.16688e+08
8.254e+07	3.86536e+06	1.96503e+06	-3.1364e+08	2.24955e+08
8.255e+07	3.79039e+06	1.86503e+06	-3.07557e+08	2.33069e+08
8.256e+07	3.7128e+06	1.76698e+06	-3.01261e+08	2.41025e+08
8.257e+07	3.63264e+06	1.67094e+06	-2.94757e+08	2.48818e+08
8.258e+07	3.54996e+06	1.57699e+06	-2.88048e+08	2.56441e+08
8.259e+07	3.46481e+06	1.48519e+06	-2.81139e+08	2.6389e+08
8.26e+07	3.37725e+06	1.39562e+06	-2.74035e+08	2.71158e+08
8.261e+07	3.28734e+06	1.30833e+06	-2.66739e+08	2.78241e+08
8.262e+07	3.19514e+06	1.22339e+06	-2.59258e+08	2.85132e+08
8.263e+07	3.10071e+06	1.14087e+06	-2.51596e+08	2.91828e+08
8.264e+07	3.00411e+06	1.06082e+06	-2.43758e+08	2.98324e+08
8.265e+07	2.90541e+06	983299	-2.35749e+08	3.04614e+08
8.266e+07	2.80468e+06	908370	-2.27575e+08	3.10694e+08
8.267e+07	2.70197e+06	836085	-2.19242e+08	3.16559e+08
8.268e+07	2.59738e+06	766498	-2.10755e+08	3.22205e+08
8.269e+07	2.49095e+06	699661	-2.02119e+08	3.27629e+08
8.27e+07	2.38278e+06	635622	-1.93342e+08	3.32825e+08
8.271e+07	2.27293e+06	574431	-1.84428e+08	3.3779e+08
8.272e+07	2.16147e+06	516131	-1.75385e+08	3.4252e+08
8.273e+07	2.04849e+06	460768	-1.66218e+08	3.47013e+08
8.274e+07	1.93407e+06	408381	-1.56933e+08	3.51263e+08
8.275e+07	1.81828e+06	359011	-1.47538e+08	3.55269e+08
8.276e+07	1.70121e+06	312695	-1.38038e+08	3.59028e+08
8.277e+07	1.58293e+06	269466	-1.28441e+08	3.62535e+08
8.278e+07	1.46353e+06	229359	-1.18753e+08	3.6579e+08
8.279e+07	1.3431e+06	192402	-1.08981e+08	3.68788e+08
8.28e+07	1.22172e+06	158623	-9.91317e+07	3.71529e+08
8.281e+07	1.09947e+06	128049	-8.92121e+07	3.7401e+08
8.282e+07	976436	100702	-7.92293e+07	3.76229e+08
8.283e+07	852713	76602.9	-6.91903e+07	3.78184e+08
8.284e+07	728386	55769.8	-5.91022e+07	3.79875e+08
8.285e+07	603541	38218.6	-4.89721e+07	3.81299e+08
8.286e+07	478268	23962.4	-3.88073e+07	3.82456e+08
8.287e+07	352656	13012.2	-2.8615e+07	3.83344e+08
8.288e+07	226793	5376.19	-1.84023e+07	3.83964e+08
8.289e+07	100769	1060.16	-8.17651e+06	3.84314e+08
8.29e+07	-25326.9	67.3811	2.05506e+06	3.84395e+08
8.291e+07	-151405	2398.62	1.22852e+07	3.84205e+08
8.292e+07	-277375	8052.12	2.25065e+07	3.83747e+08
8.293e+07	-403148	17023.6	3.27119e+07	3.83019e+08
8.294e+07	-528635	29306.3	4.28941e+07	3.82022e+08
8.295e+07	-653746	44890.8	5.30458e+07	3.80758e+08
8.296e+07	-778394	63765.4	6.31599e+07	3.79226e+08
8.297e+07	-902489	85915.9	7.32291e+07	3.77429e+08
8.298e+07	-1.02594e+06	111325	8.32464e+07	3.75367e+08
8.299e+07	-1.14867e+06	139975	9.32046e+07	3.73042e+08
8.3e+07	-1.27058e+06	171843	1.03097e+08	3.70456e+08
8.301e+07	-1.3916e+06	206905	1.12916e+08	3.67611e+08
8.302e+07	-1.51162e+06	245134	1.22655e+08	3.64509e+08
8.303e+07	-1.63058e+06	286503	1.32307e+08	3.61153e+08
8.304e+07	-1.74838e+06	330980	1.41866e+08	3.57544e+08
8.305e+07	-1.86495e+06	378531	1.51325e+08	3.53686e+08
8.306e+07	-1.9802e+06	429121	1.60676e+08	3.49581e+08
8.307e+07	-2.09405e+06	482712	1.69914e+08	3.45232e+08
8.308e+07	-2.20643e+06	539264	1.79032e+08	3.40643e+08
8.309e+07	-2.31725e+06	598734	1.88024e+08	3.35818e+08
8.31e+07	-2.42643e+06	661079	1.96884e+08	3.30759e+08
8.311e+07	-2.53391e+06	726252	2.05605e+08	3.25471e+08
8.312e+07	-2.63961e+06	794204	2.14182e+08	3.19957e+08
8.313e+07	-2.74346e+06	864885	2.22608e+08	3.14222e+08
8.314e+07	-2.84538e+06	938243	2.30878e+08	3.0827e+08
8.315e+07	-2.9453e+06	1.01422e+06	2.38986e+08	3.02105e+08
8.316e+07	-3.04316e+06	1.09277e+06	2.46926e+08	2.95731e+08
8.317e+07	-3.1389e+06	1.17383e+06	2.54694e+08	2.89154e+08
8.318e+07	-3.23244e+06	1.25733e+06	2.62284e+08	2.82379e+08
8.319e+07	-3.32373e+06	1.34322e+06	2.69691e+08	2.75409e+08
8.32e+07	-3.4127e+06	1.43144e+06	2.76911e+08	2.68251e+08
8.321e+07	-3.49929e+06	1.52192e+06	2.83937e+08	2.60909e+08
8.322e+07	-3.58345e+06	1.6146e+06	2.90766e+08	2.5339e+08
8.323e+07	-3.66513e+06	1.7094e+06	2.97393e+08	2.45697e+08
8.324e+07	-3.74426e+06	1.80626e+06	3.03814e+08	2.37838e+08
8.325e+07	-3.8208e+06	1.90511e+06	3.10025e+08	2.29817e+08
8.326e+07	-3.8947e+06	2.00588e+06	3.16021e+08	2.2164e+08
8.327e+07	-3.96591e+06	2.1085e+06	3.21799e+08	2.13314e+08
8.328e+07	-4.03438e+06	2.21289e+06	3.27355e+08	2.04843e+08
8.329e+07	-4.10008e+06	2.31898e+06	3.32686e+08	1.96235e+08
8.33e+07	-4.16296e+06	2.42669e+06	3.37788e+08	1.87496e+08
8.331e+07	-4.22298e+06	2.53594e+06	3.42658e+08	1.7863e+08
8.332e+07	-4.28011e+06	2.64667e+06	3.47294e+08	1.69646e+08
8.333e+07	-4.33431e+06	2.75878e+06	3.51692e+08	1.60549e+08
8.334e+07	-4.38555e+06	2.87221e+06	3.55849e+08	1.51345e+08
8.335e+07	-4.4338e+06	2.98688e+06	3.59764e+08	1.42041e+08
8.336e+07	-4.47902e+06	3.10269e+06	3.63434e+08	1.32644e+08
8.337e+07	-4.52121e+06	3.21958e+06	3.66857e+08	1.23159e+08
8.338e+07	-4.56032e+06	3.33746e+06	3.7003e+08	1.13594e+08
8.339e+07	-4.59634e+06	3.45624e+06	3.72953e+08	1.03956e+08
8.34e+07	-4.62926e+06	3.57586e+06	3.75624e+08	9.42501e+07
8.341e+07	-4.65904e+06	3.69622e+06	3.78041e+08	8.44838e+07
8.342e+07	-4.68569e+06	3.81725e+06	3.80203e+08	7.46637e+07
8.343e+07	-4.70918e+06	3.93885e+06	3.82109e+08	6.47965e+07
8.344e+07	-4.72951e+06	4.06095e+06	3.83759e+08	5.48889e+07
8.345e+07	-4.74666e+06	4.18347e+06	3.85151e+08	4.49477e+07
8.346e+07	-4.76064e+06	4.30632e+06	3.86285e+08	3.49794e+07
8.347e+07	-4.77143e+06	4.42942e+06	3.8716e+08	2.49909e+07
8.348e+07	-4.77904e+06	4.55269e+06	3.87778e+08	1.49889e+07
8.349e+07	-4.78347e+06	4.67604e+06	3.88137e+08	4.97997e+06
8.35e+07	-4.78471e+06	4.79939e+06	3.88238e+08	-5.02916e+06
8.351e+07	-4.78278e+06	4.92267e+06	3.88081e+08	-1.50318e+07
8.352e+07	-4.77768e+06	5.04578e+06	3.87667e+08	-2.50215e+07
8.353e+07	-4.76941e+06	5.16866e+06	3.86996e+08	-3.49914e+07
8.354e+07	-4.758e+06	5.2912e+06	3.8607e+08	-4.49352e+07
8.355e+07	-4.74344e+06	5.41335e+06	3.84889e+08	-5.48462e+07
8.356e+07	-4.72577e+06	5.53501e+06	3.83455e+08	-6.47181e+07
8.357e+07	-4.70499e+06	5.65611e+06	3.81769e+08	-7.45444e+07
8.358e+07	-4.68112e+06	5.77657e+06	3.79832e+08	-8.43186e+07
8.359e+07	-4.65418e+06	5.89631e+06	3.77647e+08	-9.40346e+07
8.36e+07	-4.62421e+06	6.01526e+06	3.75214e+08	-1.03686e+08
8.361e+07	-4.59121e+06	6.13333e+06	3.72537e+08	-1.13267e+08
8.362e+07	-4.55522e+06	6.25046e+06	3.69616e+08	-1.22771e+08
8.363e+07	-4.51626e+06	6.36657e+06	3.66456e+08	-1.32191e+08
8.364e+07	-4.47438e+06	6.48157e+06	3.63057e+08	-1.41523e+08
8.365e+07	-4.42959e+06	6.59541e+06	3.59422e+08	-1.50761e+08
8.366e+07	-4.38193e+06	6.70801e+06	3.55555e+08	-1.59897e+08
8.367e+07	-4.33143e+06	6.8193e+06	3.51458e+08	-1.68927e+08
8.368e+07	-4.27815e+06	6.92921e+06	3.47134e+08	-1.77845e+08
8.369e+07	-4.2221e+06	7.03766e+06	3.42587e+08	-1.86645e+08
8.37e+07	-4.16333e+06	7.1446e+06	3.37818e+08	-1.95322e+08
8.371e+07	-4.10189e+06	7.24996e+06	3.32833e+08	-2.03871e+08
8.372e+07	-4.03782e+06	7.35366e+06	3.27634e+08	-2.12286e+08
8.373e+07	-3.97116e+06	7.45565e+06	3.22225e+08	-2.20561e+08
8.374e+07	-3.90195e+06	7.55587e+06	3.1661e+08	-2.28693e+08
8.375e+07	-3.83026e+06	7.65424e+06	3.10792e+08	-2.36675e+08
8.376e+07	-3.75612e+06	7.75072e+06	3.04776e+08	-2.44503e+08
8.377e+07	-3.67958e+06	7.84524e+06	2.98566e+08	-2.52173e+08
8.378e+07	-3.6007e+06	7.93774e+06	2.92166e+08	-2.59679e+08
8.379e+07	-3.51953e+06	8.02818e+06	2.85579e+08	-2.67017e+08
8.38e+07	-3.43613e+06	8.11648e+06	2.78812e+08	-2.74182e+08
8.381e+07	-3.35055e+06	8.20261e+06	2.71868e+08	-2.81171e+08
8.382e+07	-3.26284e+06	8.28651e+06	2.64751e+08	-2.87978e+08
8.383e+07	-3.17307e+06	8.36812e+06	2.57467e+08	-2.946e+08
8.384e+07	-3.0813e+06	8.4474e+06	2.50021e+08	-3.01033e+08
8.385e+07	-2.98758e+06	8.52431e+06	2.42416e+08	-3.07273e+08
8.386e+07	-2.89198e+06	8.59879e+06	2.34659e+08	-3.13317e+08
8.387e+07	-2.79455e+06	8.6708e+06	2.26753e+08	-3.1916e+08
8.388e+07	-2.69536e+06	8.74029e+06	2.18705e+08	-3.24799e+08
8.389e+07	-2.59448e+06	8.80724e+06	2.1052e+08	-3.30231e+08
8.39e+07	-2.49197e+06	8.87159e+06	2.02202e+08	-3.35452e+08
8.391e+07	-2.3879e+06	8.93331e+06	1.93757e+08	-3.4046e+08
8.392e+07	-2.28232e+06	8.99236e+06	1.85191e+08	-3.45252e+08
8.393e+07	-2.17532e+06	9.04871e+06	1.76508e+08	-3.49824e+08
8.394e+07	-2.06696e+06	9.10232e+06	1.67716e+08	-3.54174e+08
8.395e+07	-1.9573e+06	9.15317e+06	1.58818e+08	-3.583e+08
8.396e+07	-1.84642e+06	9.20122e+06	1.49821e+08	-3.62199e+08
8.397e+07	-1.73438e+06	9.24644e+06	1.4073e+08	-3.65868e+08
8.398e+07	-1.62126e+06	9.28881e+06	1.31551e+08	-3.69306e+08
8.399e+07	-1.50713e+06	9.32831e+06	1.22291e+08	-3.72511e+08
8.4e+07	-1.39206e+06	9.3649e+06	1.12953e+08	-3.75481e+08
8.401e+07	-1.27612e+06	9.39858e+06	1.03546e+08	-3.78213e+08
8.402e+07	-1.15939e+06	9.42931e+06	9.40741e+07	-3.80707e+08
8.403e+07	-1.04193e+06	9.45708e+06	8.45435e+07	-3.8296e+08
8.404e+07	-923823	9.48188e+06	7.49602e+07	-3.84972e+08
8.405e+07	-805143	9.50369e+06	6.53303e+07	-3.86742e+08
8.406e+07	-685961	9.5225e+06	5.56598e+07	-3.88268e+08
8.407e+07	-566353	9.5383e+06	4.59546e+07	-3.8955e+08
8.408e+07	-446392	9.55107e+06	3.62208e+07	-3.90586e+08
8.409e+07	-326153	9.56081e+06	2.64645e+07	-3.91377e+08
8.41e+07	-205712	9.56752e+06	1.66918e+07	-3.91921e+08
8.411e+07	-85143.1	9.57119e+06	6.90862e+06	-3.92219e+08
8.412e+07	35478.9	9.57182e+06	-2.8788e+06	-3.9227e+08
8.413e+07	156079	9.56941e+06	-1.26644e+07	-3.92074e+08
8.414e+07	276582	9.56395e+06	-2.24422e+07	-3.91631e+08
8.415e+07	396913	9.55546e+06	-3.2206e+07	-3.90943e+08
8.416e+07	516997	9.54394e+06	-4.19498e+07	-3.90008e+08
8.417e+07	636759	9.52939e+06	-5.16675e+07	-3.88827e+08
8.418e+07	756126	9.51182e+06	-6.1353e+07	-3.87402e+08
8.419e+07	875022	9.49125e+06	-7.10004e+07	-3.85733e+08
8.42e+07	993373	9.46769e+06	-8.06036e+07	-3.8382e+08
8.421e+07	1.11111e+06	9.44114e+06	-9.01566e+07	-3.81666e+08
8.422e+07	1.22815e+06	9.41162e+06	-9.96534e+07	-3.79271e+08
8.423e+07	1.34442e+06	9.37916e+06	-1.09088e+08	-3.76637e+08
8.424e+07	1.45986e+06	9.34377e+06	-1.18455e+08	-3.73766e+08
8.425e+07	1.57439e+06	9.30547e+06	-1.27748e+08	-3.70658e+08
8.426e+07	1.68793e+06	9.26429e+06	-1.36961e+08	-3.67316e+08
8.427e+07	1.80042e+06	9.22024e+06	-1.46089e+08	-3.63742e+08
8.428e+07	1.91179e+06	9.17335e+06	-1.55125e+08	-3.59938e+08
8.429e+07	2.02196e+06	9.12366e+06	-1.64064e+08	-3.55905e+08
8.43e+07	2.13086e+06	9.07118e+06	-1.72901e+08	-3.51648e+08
8.431e+07	2.23844e+06	9.01596e+06	-1.8163e+08	-3.47167e+08
8.432e+07	2.34461e+06	8.95802e+06	-1.90244e+08	-3.42466e+08
8.433e+07	2.44931e+06	8.8974e+06	-1.9874e+08	-3.37547e+08
8.434e+07	2.55247e+06	8.83413e+06	-2.07111e+08	-3.32413e+08
8.435e+07	2.65403e+06	8.76826e+06	-2.15351e+08	-3.27068e+08
8.436e+07	2.75392e+06	8.69981e+06	-2.23457e+08	-3.21514e+08
8.437e+07	2.85208e+06	8.62883e+06	-2.31422e+08	-3.15755e+08
8.438e+07	2.94844e+06	8.55537e+06	-2.39241e+08	-3.09794e+08
8.439e+07	3.04295e+06	8.47946e+06	-2.46909e+08	-3.03635e+08
8.44e+07	3.13553e+06	8.40116e+06	-2.54421e+08	-2.97281e+08
8.441e+07	3.22614e+06	8.3205e+06	-2.61773e+08	-2.90737e+08
8.442e+07	3.3147e+06	8.23755e+06	-2.68959e+08	-2.84005e+08
8.443e+07	3.40116e+06	8.15234e+06	-2.75975e+08	-2.77091e+08
8.444e+07	3.48547e+06	8.06492e+06	-2.82816e+08	-2.69999e+08
8.445e+07	3.56757e+06	7.97537e+06	-2.89477e+08	-2.62732e+08
8.446e+07	3.6474e+06	7.88371e+06	-2.95955e+08	-2.55295e+08
8.447e+07	3.72491e+06	7.79002e+06	-3.02244e+08	-2.47692e+08
8.448e+07	3.80004e+06	7.69435e+06	-3.0834e+08	-2.39929e+08
8.449e+07	3.87275e+06	7.59675e+06	-3.1424e+08	-2.3201e+08
8.45e+07	3.94299e+06	7.49729e+06	-3.19939e+08	-2.2394e+08
8.451e+07	4.01071e+06	7.39603e+06	-3.25434e+08	-2.15723e+08
8.452e+07	4.07586e+06	7.29303e+06	-3.3072e+08	-2.07366e+08
8.453e+07	4.13839e+06	7.18835e+06	-3.35794e+08	-1.98872e+08
8.454e+07	4.19826e+06	7.08206e+06	-3.40653e+08	-1.90247e+08
8.455e+07	4.25544e+06	6.97422e+06	-3.45292e+08	-1.81498e+08
8.456e+07	4.30987e+06	6.86491e+06	-3.49709e+08	-1.72628e+08
8.457e+07	4.36152e+06	6.75419e+06	-3.539e+08	-1.63644e+08
8.458e+07	4.41036e+06	6.64213e+06	-3.57862e+08	-1.54551e+08
8.459e+07	4.45634e+06	6.52879e+06	-3.61593e+08	-1.45355e+08
8.46e+07	4.49943e+06	6.41426e+06	-3.65089e+08	-1.36062e+08
8.461e+07	4.5396e+06	6.29861e+06	-3.68349e+08	-1.26677e+08
8.462e+07	4.57681e+06	6.1819e+06	-3.71369e+08	-1.17207e+08
8.463e+07	4.61105e+06	6.06421e+06	-3.74147e+08	-1.07658e+08
8.464e+07	4.64228e+06	5.94562e+06	-3.76681e+08	-9.8035e+07
8.465e+07	4.67048e+06	5.8262e+06	-3.78969e+08	-8.83452e+07
8.466e+07	4.69561e+06	5.70603e+06	-3.81008e+08	-7.85945e+07
8.467e+07	4.71768e+06	5.58519e+06	-3.82798e+08	-6.87893e+07
8.468e+07	4.73664e+06	5.46375e+06	-3.84337e+08	-5.89358e+07
8.469e+07	4.75248e+06	5.3418e+06	-3.85623e+08	-4.90404e+07
8.47e+07	4.7652e+06	5.21941e+06	-3.86654e+08	-3.91097e+07
8.471e+07	4.77477e+06	5.09666e+06	-3.87431e+08	-2.915e+07
8.472e+07	4.78118e+06	4.97364e+06	-3.87951e+08	-1.9168e+07
8.473e+07	4.78443e+06	4.85043e+06	-3.88215e+08	-9.17019e+06
8.474e+07	4.7845e+06	4.7271e+06	-3.8822e+08	836802
8.475e+07	4.78139e+06	4.60374e+06	-3.87968e+08	1.08463e+07
8.476e+07	4.7751e+06	4.48043e+06	-3.87458e+08	2.08518e+07
8.477e+07	4.76562e+06	4.35726e+06	-3.86689e+08	3.08464e+07
8.478e+07	4.75297e+06	4.2343e+06	-3.85662e+08	4.08236e+07
8.479e+07	4.73713e+06	4.11163e+06	-3.84377e+08	5.07766e+07
8.48e+07	4.71811e+06	3.98935e+06	-3.82834e+08	6.06987e+07
8.481e+07	4.69593e+06	3.86754e+06	-3.81034e+08	7.05831e+07
8.482e+07	4.67059e+06	3.74626e+06	-3.78978e+08	8.04233e+07
8.483e+07	4.6421e+06	3.62562e+06	-3.76666e+08	9.02124e+07
8.484e+07	4.61048e+06	3.50569e+06	-3.741e+08	9.99438e+07
8.485e+07	4.57574e+06	3.38655e+06	-3.71282e+08	1.09611e+08
8.486e+07	4.53791e+06	3.26829e+06	-3.68212e+08	1.19207e+08
8.487e+07	4.497e+06	3.15099e+06	-3.64892e+08	1.28725e+08
8.488e+07	4.45303e+06	3.03472e+06	-3.61324e+08	1.38159e+08
8.489e+07	4.40603e+06	2.91957e+06	-3.57511e+08	1.47502e+08
8.49e+07	4.35603e+06	2.80563e+06	-3.53454e+08	1.56748e+08
8.491e+07	4.30305e+06	2.69296e+06	-3.49155e+08	1.6589e+08
8.492e+07	4.24714e+06	2.58165e+06	-3.44618e+08	1.74922e+08
8.493e+07	4.18831e+06	2.47178e+06	-3.39845e+08	1.83837e+08
8.494e+07	4.12661e+06	2.36342e+06	-3.34839e+08	1.92629e+08
8.495e+07	4.06208e+06	2.25665e+06	-3.29602e+08	2.01292e+08
8.496e+07	3.99475e+06	2.15155e+06	-3.24139e+08	2.0982e+08
8.497e+07	3.92467e+06	2.0482e+06	-3.18453e+08	2.18207e+08
8.498e+07	3.85188e+06	1.94665e+06	-3.12547e+08	2.26446e+08
8.499e+07	3.77643e+06	1.847e+06	-3.06425e+08	2.34532e+08
8.5e+07	3.69837e+06	1.74931e+06	-3.00091e+08	2.42459e+08
8.501e+07	3.61774e+06	1.65364e+06	-2.93548e+08	2.50221e+08
8.502e+07	3.53461e+06	1.56008e+06	-2.86803e+08	2.57813e+08
8.503e+07	3.44902e+06	1.46869e+06	-2.79858e+08	2.65229e+08
8.504e+07	3.36103e+06	1.37952e+06	-2.72718e+08	2.72464e+08
8.505e+07	3.2707e+06	1.29266e+06	-2.65389e+08	2.79512e+08
8.506e+07	3.17808e+06	1.20816e+06	-2.57874e+08	2.86368e+08
8.507e+07	3.08325e+06	1.12608e+06	-2.50179e+08	2.93028e+08
8.508e+07	2.98627e+06	1.04649e+06	-2.4231e+08	2.99486e+08
8.509e+07	2.88719e+06	969439	-2.3427e+08	3.05738e+08
8.51e+07	2.78609e+06	894988	-2.26067e+08	3.1178e+08
8.511e+07	2.68304e+06	823191	-2.17705e+08	3.17605e+08
8.512e+07	2.5781e+06	754102	-2.09191e+08	3.23211e+08
8.513e+07	2.47135e+06	687771	-2.00529e+08	3.28593e+08
8.514e+07	2.36287e+06	624249	-1.91726e+08	3.33748e+08
8.515e+07	2.25272e+06	563581	-1.82788e+08	3.3867e+08
8.516e+07	2.14098e+06	505814	-1.73722e+08	3.43358e+08
8.517e+07	2.02773e+06	450991	-1.64533e+08	3.47806e+08
8.518e+07	1.91305e+06	399151	-1.55228e+08	3.52012e+08
8.519e+07	1.79702e+06	350336	-1.45813e+08	3.55973e+08
8.52e+07	1.67972e+06	304580	-1.36295e+08	3.59686e+08
8.521e+07	1.56124e+06	261918	-1.26681e+08	3.63148e+08
8.522e+07	1.44164e+06	222383	-1.16977e+08	3.66356e+08
8.523e+07	1.32103e+06	186003	-1.0719e+08	3.69307e+08
8.524e+07	1.19948e+06	152808	-9.73276e+07	3.72001e+08
8.525e+07	1.07708e+06	122820	-8.7396e+07	3.74434e+08
8.526e+07	953921	96064.2	-7.74024e+07	3.76605e+08
8.527e+07	830081	72559.4	-6.73539e+07	3.78512e+08
8.528e+07	705653	52323.8	-5.72576e+07	3.80154e+08
8.529e+07	580724	35372.5	-4.71207e+07	3.8153e+08
8.53e+07	455382	21718.6	-3.69503e+07	3.82638e+08
8.531e+07	329717	11372.3	-2.67537e+07	3.83477e+08
8.532e+07	203818	4341.38	-1.65381e+07	3.84048e+08
8.533e+07	77774.4	631.264	-6.31072e+06	3.84349e+08
8.534e+07	-48324.6	244.734	3.92112e+06	3.8438e+08
8.535e+07	-174389	3182.09	1.41502e+07	3.84142e+08
8.536e+07	-300330	9441.1	2.43692e+07	3.83634e+08
8.537e+07	-426058	19017	3.45709e+07	3.82857e+08
8.538e+07	-551483	31902.7	4.4748e+07	3.81811e+08
8.539e+07	-676516	48088.2	5.48934e+07	3.80498e+08
8.54e+07	-801070	67561.4	6.49998e+07	3.78918e+08
8.541e+07	-925054	90307.6	7.50601e+07	3.77072e+08
8.542e+07	-1.04838e+06	116310	8.50672e+07	3.74962e+08
8.543e+07	-1.17097e+06	145548	9.50139e+07	3.7259e+08
8.544e+07	-1.29272e+06	178000	1.04893e+08	3.69957e+08
8.545e+07	-1.41356e+06	213641	1.14698e+08	3.67065e+08
8.546e+07	-1.5334e+06	252446	1.24422e+08	3.63916e+08
8.547e+07	-1.65215e+06	294384	1.34058e+08	3.60513e+08
8.548e+07	-1.76974e+06	339424	1.43599e+08	3.56859e+08
8.549e+07	-1.88607e+06	387532	1.53038e+08	3.52955e+08
8.55e+07	-2.00107e+06	438672	1.6237e+08	3.48806e+08
8.551e+07	-2.11466e+06	492806	1.71586e+08	3.44413e+08
8.552e+07	-2.22676e+06	549894	1.80682e+08	3.39781e+08
8.553e+07	-2.33728e+06	609892	1.8965e+08	3.34913e+08
8.554e+07	-2.44617e+06	672756	1.98485e+08	3.29812e+08
8.555e+07	-2.55333e+06	738439	2.0718e+08	3.24482e+08
8.556e+07	-2.65869e+06	806893	2.1573e+08	3.18928e+08
8.557e+07	-2.76219e+06	878066	2.24128e+08	3.13153e+08
8.558e+07	-2.86375e+06	951906	2.32368e+08	3.07161e+08
8.559e+07	-2.9633e+06	1.02836e+06	2.40446e+08	3.00958e+08
8.56e+07	-3.06078e+06	1.10737e+06	2.48356e+08	2.94547e+08
8.561e+07	-3.15612e+06	1.18887e+06	2.56092e+08	2.87933e+08
8.562e+07	-3.24926e+06	1.27282e+06	2.63649e+08	2.81122e+08
8.563e+07	-3.34013e+06	1.35914e+06	2.71022e+08	2.74117e+08
8.564e+07	-3.42867e+06	1.44778e+06	2.78207e+08	2.66925e+08
8.565e+07	-3.51482e+06	1.53866e+06	2.85197e+08	2.59551e+08
8.566e+07	-3.59853e+06	1.63173e+06	2.9199e+08	2.51999e+08
8.567e+07	-3.67975e+06	1.72691e+06	2.9858e+08	2.44276e+08
8.568e+07	-3.75841e+06	1.82414e+06	3.04963e+08	2.36387e+08
8.569e+07	-3.83448e+06	1.92335e+06	3.11134e+08	2.28337e+08
8.57e+07	-3.90789e+06	2.02446e+06	3.17091e+08	2.20132e+08
8.571e+07	-3.9786e+06	2.12741e+06	3.22829e+08	2.11779e+08
8.572e+07	-4.04657e+06	2.23211e+06	3.28344e+08	2.03284e+08
8.573e+07	-4.11176e+06	2.3385e+06	3.33634e+08	1.94651e+08
8.574e+07	-4.17412e+06	2.4465e+06	3.38694e+08	1.85888e+08
8.575e+07	-4.23362e+06	2.55603e+06	3.43521e+08	1.77001e+08
8.576e+07	-4.29021e+06	2.66701e+06	3.48114e+08	1.67995e+08
8.577e+07	-4.34388e+06	2.77938e+06	3.52468e+08	1.58878e+08
8.578e+07	-4.39457e+06	2.89304e+06	3.56581e+08	1.49655e+08
8.579e+07	-4.44227e+06	3.00791e+06	3.60452e+08	1.40334e+08
8.58e+07	-4.48694e+06	3.12393e+06	3.64076e+08	1.3092e+08
8.581e+07	-4.52857e+06	3.241e+06	3.67454e+08	1.21421e+08
8.582e+07	-4.56712e+06	3.35906e+06	3.70582e+08	1.11842e+08
8.583e+07	-4.60258e+06	3.478e+06	3.73459e+08	1.02191e+08
8.584e+07	-4.63492e+06	3.59776e+06	3.76084e+08	9.24732e+07
8.585e+07	-4.66414e+06	3.71825e+06	3.78454e+08	8.26967e+07
8.586e+07	-4.69021e+06	3.83938e+06	3.8057e+08	7.28675e+07
8.587e+07	-4.71313e+06	3.96108e+06	3.82429e+08	6.29924e+07
8.588e+07	-4.73288e+06	4.08327e+06	3.84032e+08	5.30782e+07
8.589e+07	-4.74945e+06	4.20585e+06	3.85377e+08	4.31315e+07
8.59e+07	-4.76285e+06	4.32876e+06	3.86464e+08	3.31591e+07
8.591e+07	-4.77306e+06	4.45189e+06	3.87292e+08	2.31676e+07
8.592e+07	-4.78009e+06	4.57518e+06	3.87863e+08	1.31638e+07
8.593e+07	-4.78393e+06	4.69854e+06	3.88175e+08	3.15435e+06
8.594e+07	-4.7846e+06	4.82189e+06	3.88228e+08	-6.8541e+06
8.595e+07	-4.78208e+06	4.94514e+06	3.88025e+08	-1.68549e+07
8.596e+07	-4.7764e+06	5.06821e+06	3.87564e+08	-2.68414e+07
8.597e+07	-4.76756e+06	5.19103e+06	3.86846e+08	-3.68071e+07
8.598e+07	-4.75558e+06	5.31351e+06	3.85874e+08	-4.67454e+07
8.599e+07	-4.74045e+06	5.43558e+06	3.84646e+08	-5.66498e+07
8.6e+07	-4.72221e+06	5.55714e+06	3.83166e+08	-6.65138e+07
8.601e+07	-4.70086e+06	5.67813e+06	3.81434e+08	-7.6331e+07
8.602e+07	-4.67643e+06	5.79847e+06	3.79452e+08	-8.60951e+07
8.603e+07	-4.64894e+06	5.91807e+06	3.77221e+08	-9.57998e+07
8.604e+07	-4.61841e+06	6.03686e+06	3.74744e+08	-1.05439e+08
8.605e+07	-4.58487e+06	6.15477e+06	3.72022e+08	-1.15006e+08
8.606e+07	-4.54833e+06	6.27171e+06	3.69058e+08	-1.24495e+08
8.607e+07	-4.50884e+06	6.38762e+06	3.65853e+08	-1.339e+08
8.608e+07	-4.46642e+06	6.50243e+06	3.62411e+08	-1.43215e+08
8.609e+07	-4.42111e+06	6.61604e+06	3.58734e+08	-1.52434e+08
8.61e+07	-4.37293e+06	6.72841e+06	3.54825e+08	-1.61552e+08
8.611e+07	-4.32192e+06	6.83945e+06	3.50687e+08	-1.70562e+08
8.612e+07	-4.26813e+06	6.9491e+06	3.46322e+08	-1.79459e+08
8.613e+07	-4.21158e+06	7.05728e+06	3.41733e+08	-1.88237e+08
8.614e+07	-4.15233e+06	7.16394e+06	3.36925e+08	-1.96891e+08
8.615e+07	-4.0904e+06	7.26899e+06	3.31901e+08	-2.05416e+08
8.616e+07	-4.02585e+06	7.37239e+06	3.26663e+08	-2.13805e+08
8.617e+07	-3.95872e+06	7.47406e+06	3.21216e+08	-2.22055e+08
8.618e+07	-3.88906e+06	7.57395e+06	3.15564e+08	-2.3016e+08
8.619e+07	-3.81692e+06	7.67198e+06	3.0971e+08	-2.38115e+08
8.62e+07	-3.74233e+06	7.76811e+06	3.03658e+08	-2.45914e+08
8.621e+07	-3.66537e+06	7.86226e+06	2.97413e+08	-2.53554e+08
8.622e+07	-3.58607e+06	7.95439e+06	2.90978e+08	-2.6103e+08
8.623e+07	-3.50449e+06	8.04444e+06	2.84359e+08	-2.68337e+08
8.624e+07	-3.42068e+06	8.13236e+06	2.77559e+08	-2.7547e+08
8.625e+07	-3.33471e+06	8.21808e+06	2.70583e+08	-2.82426e+08
8.626e+07	-3.24662e+06	8.30156e+06	2.63435e+08	-2.892e+08
8.627e+07	-3.15648e+06	8.38276e+06	2.56121e+08	-2.95788e+08
8.628e+07	-3.06435e+06	8.46161e+06	2.48645e+08	-3.02186e+08
8.629e+07	-2.97028e+06	8.53807e+06	2.41013e+08	-3.0839e+08
8.63e+07	-2.87434e+06	8.61211e+06	2.33228e+08	-3.14397e+08
8.631e+07	-2.77659e+06	8.68366e+06	2.25296e+08	-3.20203e+08
8.632e+07	-2.67709e+06	8.75269e+06	2.17223e+08	-3.25805e+08
8.633e+07	-2.57591e+06	8.81917e+06	2.09012e+08	-3.31199e+08
8.634e+07	-2.47311e+06	8.88304e+06	2.00671e+08	-3.36382e+08
8.635e+07	-2.36875e+06	8.94428e+06	1.92204e+08	-3.4135e+08
8.636e+07	-2.26291e+06	9.00284e+06	1.83616e+08	-3.46102e+08
8.637e+07	-2.15566e+06	9.05869e+06	1.74913e+08	-3.50634e+08
8.638e+07	-2.04705e+06	9.1118e+06	1.661e+08	-3.54944e+08
8.639e+07	-1.93717e+06	9.16214e+06	1.57184e+08	-3.59028e+08
8.64e+07	-1.82607e+06	9.20968e+06	1.4817e+08	-3.62885e+08
8.641e+07	-1.71383e+06	9.25438e+06	1.39062e+08	-3.66513e+08
8.642e+07	-1.60052e+06	9.29623e+06	1.29868e+08	-3.69908e+08
8.643e+07	-1.48621e+06	9.3352e+06	1.20593e+08	-3.7307e+08
8.644e+07	-1.37098e+06	9.37126e+06	1.11243e+08	-3.75997e+08
8.645e+07	-1.25489e+06	9.4044e+06	1.01823e+08	-3.78685e+08
8.646e+07	-1.13802e+06	9.4346e+06	9.23401e+07	-3.81136e+08
8.647e+07	-1.02044e+06	9.46183e+06	8.27994e+07	-3.83345e+08
8.648e+07	-902219	9.48609e+06	7.32072e+07	-3.85313e+08
8.649e+07	-783442	9.50735e+06	6.35695e+07	-3.87039e+08
8.65e+07	-664177	9.52561e+06	5.38922e+07	-3.8852e+08
8.651e+07	-544498	9.54085e+06	4.41813e+07	-3.89757e+08
8.652e+07	-424481	9.55307e+06	3.4443e+07	-3.90749e+08
8.653e+07	-304201	9.56226e+06	2.46832e+07	-3.91495e+08
8.654e+07	-183730	9.56842e+06	1.49081e+07	-3.91994e+08
8.655e+07	-63146.1	9.57153e+06	5.12376e+06	-3.92247e+08
8.656e+07	57477.5	9.57161e+06	-4.6638e+06	-3.92253e+08
8.657e+07	178065	9.56864e+06	-1.44485e+07	-3.92012e+08
8.658e+07	298542	9.56263e+06	-2.42241e+07	-3.91524e+08
8.659e+07	418834	9.55358e+06	-3.39847e+07	-3.9079e+08
8.66e+07	538865	9.54151e+06	-4.37242e+07	-3.89811e+08
8.661e+07	658561	9.52641e+06	-5.34365e+07	-3.88585e+08
8.662e+07	777847	9.5083e+06	-6.31155e+07	-3.87116e+08
8.663e+07	896649	9.48718e+06	-7.27553e+07	-3.85402e+08
8.664e+07	1.01489e+06	9.46307e+06	-8.23498e+07	-3.83445e+08
8.665e+07	1.13251e+06	9.43598e+06	-9.1893e+07	-3.81247e+08
8.666e+07	1.24941e+06	9.40592e+06	-1.01379e+08	-3.78809e+08
8.667e+07	1.36554e+06	9.37293e+06	-1.10802e+08	-3.76131e+08
8.668e+07	1.48082e+06	9.337e+06	-1.20155e+08	-3.73217e+08
8.669e+07	1.59517e+06	9.29817e+06	-1.29434e+08	-3.70066e+08
8.67e+07	1.70853e+06	9.25646e+06	-1.38632e+08	-3.66682e+08
8.671e+07	1.82082e+06	9.2119e+06	-1.47744e+08	-3.63065e+08
8.672e+07	1.93197e+06	9.1645e+06	-1.56763e+08	-3.59219e+08
8.673e+07	2.04192e+06	9.11429e+06	-1.65684e+08	-3.55146e+08
8.674e+07	2.15059e+06	9.06132e+06	-1.74501e+08	-3.50847e+08
8.675e+07	2.25791e+06	9.0056e+06	-1.83209e+08	-3.46326e+08
8.676e+07	2.36381e+06	8.94716e+06	-1.91803e+08	-3.41585e+08
8.677e+07	2.46824e+06	8.88606e+06	-2.00276e+08	-3.36626e+08
8.678e+07	2.57111e+06	8.82231e+06	-2.08624e+08	-3.31454e+08
8.679e+07	2.67237e+06	8.75596e+06	-2.1684e+08	-3.2607e+08
8.68e+07	2.77196e+06	8.68705e+06	-2.2492e+08	-3.20479e+08
8.681e+07	2.86979e+06	8.61562e+06	-2.32859e+08	-3.14683e+08
8.682e+07	2.96582e+06	8.54171e+06	-2.40651e+08	-3.08685e+08
8.683e+07	3.05998e+06	8.46536e+06	-2.48291e+08	-3.0249e+08
8.684e+07	3.15221e+06	8.38662e+06	-2.55774e+08	-2.96102e+08
8.685e+07	3.24244e+06	8.30554e+06	-2.63096e+08	-2.89523e+08
8.686e+07	3.33063e+06	8.22217e+06	-2.70251e+08	-2.82758e+08
8.687e+07	3.4167e+06	8.13656e+06	-2.77236e+08	-2.75811e+08
8.688e+07	3.50061e+06	8.04875e+06	-2.84044e+08	-2.68686e+08
8.689e+07	3.5823e+06	7.9588e+06	-2.90672e+08	-2.61388e+08
8.69e+07	3.66171e+06	7.86677e+06	-2.97116e+08	-2.5392e+08
8.691e+07	3.73879e+06	7.77272e+06	-3.0337e+08	-2.46288e+08
8.692e+07	3.81348e+06	7.67669e+06	-3.09431e+08	-2.38496e+08
8.693e+07	3.88575e+06	7.57875e+06	-3.15295e+08	-2.30549e+08
8.694e+07	3.95553e+06	7.47895e+06	-3.20957e+08	-2.22452e+08
8.695e+07	4.02278e+06	7.37737e+06	-3.26414e+08	-2.14209e+08
8.696e+07	4.08746e+06	7.27406e+06	-3.31662e+08	-2.05827e+08
8.697e+07	4.14951e+06	7.16908e+06	-3.36696e+08	-1.97309e+08
8.698e+07	4.20889e+06	7.06251e+06	-3.41515e+08	-1.88661e+08
8.699e+07	4.26557e+06	6.9544e+06	-3.46114e+08	-1.79889e+08
8.7e+07	4.3195e+06	6.84482e+06	-3.5049e+08	-1.70998e+08
8.701e+07	4.37064e+06	6.73385e+06	-3.54639e+08	-1.61993e+08
8.702e+07	4.41896e+06	6.62155e+06	-3.5856e+08	-1.52881e+08
8.703e+07	4.46441e+06	6.50799e+06	-3.62248e+08	-1.43667e+08
8.704e+07	4.50697e+06	6.39325e+06	-3.65702e+08	-1.34357e+08
8.705e+07	4.54661e+06	6.2774e+06	-3.68917e+08	-1.24956e+08
8.706e+07	4.58328e+06	6.1605e+06	-3.71893e+08	-1.15471e+08
8.707e+07	4.61697e+06	6.04264e+06	-3.74627e+08	-1.05908e+08
8.708e+07	4.64765e+06	5.9239e+06	-3.77116e+08	-9.62726e+07
8.709e+07	4.67529e+06	5.80433e+06	-3.79359e+08	-8.65713e+07
8.71e+07	4.69987e+06	5.68404e+06	-3.81353e+08	-7.68102e+07
8.711e+07	4.72136e+06	5.56308e+06	-3.83098e+08	-6.69956e+07
8.712e+07	4.73976e+06	5.44154e+06	-3.8459e+08	-5.7134e+07
8.713e+07	4.75504e+06	5.31951e+06	-3.8583e+08	-4.72317e+07
8.714e+07	4.76718e+06	5.19705e+06	-3.86815e+08	-3.72952e+07
8.715e+07	4.77617e+06	5.07425e+06	-3.87545e+08	-2.7331e+07
8.716e+07	4.78201e+06	4.95118e+06	-3.88018e+08	-1.73456e+07
8.717e+07	4.78468e+06	4.82794e+06	-3.88235e+08	-7.34563e+06
8.718e+07	4.78417e+06	4.7046e+06	-3.88194e+08	2.66233e+06
8.719e+07	4.78048e+06	4.58125e+06	-3.87894e+08	1.26716e+07
8.72e+07	4.77361e+06	4.45796e+06	-3.87337e+08	2.26756e+07
8.721e+07	4.76355e+06	4.33481e+06	-3.86521e+08	3.26676e+07
8.722e+07	4.75031e+06	4.2119e+06	-3.85447e+08	4.26408e+07
8.723e+07	4.7339e+06	4.0893e+06	-3.84114e+08	5.25887e+07
8.724e+07	4.7143e+06	3.9671e+06	-3.82525e+08	6.25044e+07
8.725e+07	4.69154e+06	3.84537e+06	-3.80678e+08	7.23813e+07
8.726e+07	4.66563e+06	3.72421e+06	-3.78575e+08	8.22126e+07
8.727e+07	4.63657e+06	3.60369e+06	-3.76217e+08	9.19917e+07
8.728e+07	4.60438e+06	3.4839e+06	-3.73605e+08	1.01712e+08
8.729e+07	4.56907e+06	3.36492e+06	-3.70741e+08	1.11366e+08
8.73e+07	4.53068e+06	3.24682e+06	-3.67625e+08	1.20949e+08
8.731e+07	4.4892e+06	3.1297e+06	-3.6426e+08	1.30452e+08
8.732e+07	4.44468e+06	3.01363e+06	-3.60647e+08	1.3987e+08
8.733e+07	4.39713e+06	2.8987e+06	-3.56789e+08	1.49196e+08
8.734e+07	4.34659e+06	2.78498e+06	-3.52688e+08	1.58423e+08
8.735e+07	4.29307e+06	2.67255e+06	-3.48346e+08	1.67545e+08
8.736e+07	4.23662e+06	2.5615e+06	-3.43765e+08	1.76556e+08
8.737e+07	4.17727e+06	2.4519e+06	-3.38949e+08	1.8545e+08
8.738e+07	4.11505e+06	2.34383e+06	-3.33901e+08	1.94219e+08
8.739e+07	4.05001e+06	2.23736e+06	-3.28623e+08	2.02858e+08
8.74e+07	3.98217e+06	2.13257e+06	-3.23119e+08	2.1136e+08
8.741e+07	3.9116e+06	2.02954e+06	-3.17392e+08	2.1972e+08
8.742e+07	3.83832e+06	1.92834e+06	-3.11446e+08	2.27932e+08
8.743e+07	3.76239e+06	1.82904e+06	-3.05285e+08	2.3599e+08
8.744e+07	3.68385e+06	1.73171e+06	-2.98913e+08	2.43887e+08
8.745e+07	3.60277e+06	1.63642e+06	-2.92333e+08	2.51619e+08
8.746e+07	3.51918e+06	1.54325e+06	-2.85551e+08	2.59179e+08
8.747e+07	3.43315e+06	1.45226e+06	-2.7857e+08	2.66562e+08
8.748e+07	3.34473e+06	1.36351e+06	-2.71395e+08	2.73763e+08
8.749e+07	3.25397e+06	1.27707e+06	-2.64032e+08	2.80777e+08
8.75e+07	3.16095e+06	1.19301e+06	-2.56484e+08	2.87598e+08
8.751e+07	3.06572e+06	1.11138e+06	-2.48757e+08	2.94221e+08
8.752e+07	2.96835e+06	1.03225e+06	-2.40856e+08	3.00642e+08
8.753e+07	2.8689e+06	955665	-2.32786e+08	3.06856e+08
8.754e+07	2.76744e+06	881694	-2.24554e+08	3.12858e+08
8.755e+07	2.66404e+06	810387	-2.16164e+08	3.18644e+08
8.756e+07	2.55877e+06	741798	-2.07622e+08	3.2421e+08
8.757e+07	2.45169e+06	675975	-1.98934e+08	3.2955e+08
8.758e+07	2.3429e+06	612970	-1.90106e+08	3.34663e+08
8.759e+07	2.23245e+06	552828	-1.81144e+08	3.39543e+08
8.76e+07	2.12044e+06	495595	-1.72055e+08	3.44187e+08
8.761e+07	2.00692e+06	441313	-1.62844e+08	3.48591e+08
8.762e+07	1.89199e+06	390022	-1.53519e+08	3.52753e+08
8.763e+07	1.77572e+06	341762	-1.44085e+08	3.56669e+08
8.764e+07	1.6582e+06	296567	-1.34549e+08	3.60336e+08
8.765e+07	1.53951e+06	254474	-1.24918e+08	3.63752e+08
8.766e+07	1.41972e+06	215512	-1.15198e+08	3.66913e+08
8.767e+07	1.29893e+06	179711	-1.05397e+08	3.69818e+08
8.768e+07	1.17722e+06	147099	-9.55212e+07	3.72464e+08
8.769e+07	1.05468e+06	117699	-8.55778e+07	3.7485e+08
8.77e+07	931383	91534.4	-7.55736e+07	3.76973e+08
8.771e+07	807430	68624.6	-6.55159e+07	3.78832e+08
8.772e+07	682903	48986.9	-5.54117e+07	3.80425e+08
8.773e+07	557892	32636.2	-4.52681e+07	3.81752e+08
8.774e+07	432485	19584.8	-3.50924e+07	3.82811e+08
8.775e+07	306771	9842.61	-2.48918e+07	3.83601e+08
8.776e+07	180839	3417.03	-1.46735e+07	3.84123e+08
8.777e+07	54778.2	312.927	-4.44478e+06	3.84375e+08
8.778e+07	-71321.2	532.651	5.7871e+06	3.84357e+08
8.779e+07	-197370	4076.04	1.60149e+07	3.84069e+08
8.78e+07	-323279	10940.4	2.62313e+07	3.83512e+08
8.781e+07	-448958	21120.6	3.6429e+07	3.82686e+08
8.782e+07	-574318	34608.8	4.66009e+07	3.81592e+08
8.783e+07	-699270	51395	5.67397e+07	3.8023e+08
8.784e+07	-823727	71466.3	6.68383e+07	3.78601e+08
8.785e+07	-947598	94807.6	7.68894e+07	3.76707e+08
8.786e+07	-1.0708e+06	121401	8.68859e+07	3.74549e+08
8.787e+07	-1.19324e+06	151227	9.68209e+07	3.72129e+08
8.788e+07	-1.31483e+06	184263	1.06687e+08	3.69449e+08
8.789e+07	-1.4355e+06	220484	1.16478e+08	3.6651e+08
8.79e+07	-1.55514e+06	259862	1.26186e+08	3.63314e+08
8.791e+07	-1.67369e+06	302368	1.35805e+08	3.59865e+08
8.792e+07	-1.79105e+06	347970	1.45328e+08	3.56165e+08
8.793e+07	-1.90715e+06	396634	1.54748e+08	3.52217e+08
8.794e+07	-2.0219e+06	448323	1.64059e+08	3.48022e+08
8.795e+07	-2.13522e+06	502999	1.73254e+08	3.43586e+08
8.796e+07	-2.24703e+06	560620	1.82327e+08	3.38911e+08
8.797e+07	-2.35727e+06	621144	1.91272e+08	3.34e+08
8.798e+07	-2.46584e+06	684526	2.00081e+08	3.28857e+08
8.799e+07	-2.57268e+06	750718	2.0875e+08	3.23486e+08
8.8e+07	-2.67771e+06	819672	2.17273e+08	3.17891e+08
8.801e+07	-2.78086e+06	891336	2.25643e+08	3.12076e+08
8.802e+07	-2.88206e+06	965656	2.33854e+08	3.06045e+08
8.803e+07	-2.98124e+06	1.04258e+06	2.41902e+08	2.99804e+08
8.804e+07	-3.07833e+06	1.12205e+06	2.4978e+08	2.93356e+08
8.805e+07	-3.17328e+06	1.204e+06	2.57484e+08	2.86705e+08
8.806e+07	-3.266e+06	1.28839e+06	2.65008e+08	2.79859e+08
8.807e+07	-3.35645e+06	1.37514e+06	2.72347e+08	2.7282e+08
8.808e+07	-3.44456e+06	1.46419e+06	2.79496e+08	2.65594e+08
8.809e+07	-3.53027e+06	1.55547e+06	2.86451e+08	2.58187e+08
8.81e+07	-3.61353e+06	1.64893e+06	2.93207e+08	2.50603e+08
8.811e+07	-3.69429e+06	1.7445e+06	2.99759e+08	2.42849e+08
8.812e+07	-3.77248e+06	1.84209e+06	3.06104e+08	2.3493e+08
8.813e+07	-3.84806e+06	1.94165e+06	3.12237e+08	2.26852e+08
8.814e+07	-3.92099e+06	2.0431e+06	3.18154e+08	2.1862e+08
8.815e+07	-3.9912e+06	2.14637e+06	3.23851e+08	2.1024e+08
8.816e+07	-4.05867e+06	2.25139e+06	3.29326e+08	2.01719e+08
8.817e+07	-4.12334e+06	2.35808e+06	3.34574e+08	1.93062e+08
8.818e+07	-4.18519e+06	2.46636e+06	3.39591e+08	1.84276e+08
8.819e+07	-4.24416e+06	2.57616e+06	3.44376e+08	1.75367e+08
8.82e+07	-4.30022e+06	2.68741e+06	3.48926e+08	1.6634e+08
8.821e+07	-4.35334e+06	2.80001e+06	3.53236e+08	1.57203e+08
8.822e+07	-4.40349e+06	2.9139e+06	3.57305e+08	1.47962e+08
8.823e+07	-4.45064e+06	3.02899e+06	3.61131e+08	1.38624e+08
8.824e+07	-4.49476e+06	3.14521e+06	3.64711e+08	1.29194e+08
8.825e+07	-4.53583e+06	3.26246e+06	3.68043e+08	1.19679e+08
8.826e+07	-4.57382e+06	3.38068e+06	3.71126e+08	1.10087e+08
8.827e+07	-4.60871e+06	3.49978e+06	3.73957e+08	1.00423e+08
8.828e+07	-4.64049e+06	3.61968e+06	3.76535e+08	9.06944e+07
8.829e+07	-4.66913e+06	3.74029e+06	3.78859e+08	8.09078e+07
8.83e+07	-4.69463e+06	3.86154e+06	3.80928e+08	7.10697e+07
8.831e+07	-4.71696e+06	3.98333e+06	3.82741e+08	6.1187e+07
8.832e+07	-4.73614e+06	4.1056e+06	3.84296e+08	5.12664e+07
8.833e+07	-4.75213e+06	4.22825e+06	3.85594e+08	4.13145e+07
8.834e+07	-4.76495e+06	4.3512e+06	3.86634e+08	3.13381e+07
8.835e+07	-4.77458e+06	4.47437e+06	3.87416e+08	2.13439e+07
8.836e+07	-4.78103e+06	4.59768e+06	3.87939e+08	1.13385e+07
8.837e+07	-4.78429e+06	4.72104e+06	3.88204e+08	1.32876e+06
8.838e+07	-4.78438e+06	4.84437e+06	3.8821e+08	-8.67879e+06
8.839e+07	-4.78128e+06	4.9676e+06	3.8796e+08	-1.86775e+07
8.84e+07	-4.77503e+06	5.09063e+06	3.87452e+08	-2.86607e+07
8.841e+07	-4.76561e+06	5.2134e+06	3.86688e+08	-3.86218e+07
8.842e+07	-4.75305e+06	5.33581e+06	3.85669e+08	-4.85544e+07
8.843e+07	-4.73736e+06	5.45779e+06	3.84395e+08	-5.84519e+07
8.844e+07	-4.71855e+06	5.57925e+06	3.82869e+08	-6.83079e+07
8.845e+07	-4.69664e+06	5.70013e+06	3.81091e+08	-7.81159e+07
8.846e+07	-4.67165e+06	5.82034e+06	3.79064e+08	-8.78697e+07
8.847e+07	-4.6436e+06	5.9398e+06	3.76788e+08	-9.75628e+07
8.848e+07	-4.61252e+06	6.05843e+06	3.74266e+08	-1.07189e+08
8.849e+07	-4.57843e+06	6.17617e+06	3.71499e+08	-1.16743e+08
8.85e+07	-4.54135e+06	6.29293e+06	3.68491e+08	-1.26217e+08
8.851e+07	-4.50132e+06	6.40865e+06	3.65243e+08	-1.35606e+08
8.852e+07	-4.45837e+06	6.52324e+06	3.61758e+08	-1.44904e+08
8.853e+07	-4.41253e+06	6.63663e+06	3.58039e+08	-1.54105e+08
8.854e+07	-4.36384e+06	6.74876e+06	3.54087e+08	-1.63203e+08
8.855e+07	-4.31232e+06	6.85955e+06	3.49907e+08	-1.72193e+08
8.856e+07	-4.25802e+06	6.96894e+06	3.45501e+08	-1.81069e+08
8.857e+07	-4.20098e+06	7.07685e+06	3.40873e+08	-1.89825e+08
8.858e+07	-4.14123e+06	7.18322e+06	3.36025e+08	-1.98456e+08
8.859e+07	-4.07882e+06	7.28798e+06	3.30961e+08	-2.06956e+08
8.86e+07	-4.0138e+06	7.39106e+06	3.25685e+08	-2.15321e+08
8.861e+07	-3.94621e+06	7.49241e+06	3.202e+08	-2.23544e+08
8.862e+07	-3.87609e+06	7.59197e+06	3.14511e+08	-2.31622e+08
8.863e+07	-3.80349e+06	7.68966e+06	3.0862e+08	-2.39549e+08
8.864e+07	-3.72847e+06	7.78543e+06	3.02533e+08	-2.4732e+08
8.865e+07	-3.65108e+06	7.87922e+06	2.96253e+08	-2.5493e+08
8.866e+07	-3.57136e+06	7.97097e+06	2.89785e+08	-2.62375e+08
8.867e+07	-3.48937e+06	8.06064e+06	2.83132e+08	-2.69651e+08
8.868e+07	-3.40516e+06	8.14816e+06	2.76299e+08	-2.76752e+08
8.869e+07	-3.3188e+06	8.23348e+06	2.69292e+08	-2.83675e+08
8.87e+07	-3.23034e+06	8.31654e+06	2.62114e+08	-2.90415e+08
8.871e+07	-3.13983e+06	8.39731e+06	2.5477e+08	-2.96969e+08
8.872e+07	-3.04734e+06	8.47573e+06	2.47265e+08	-3.03332e+08
8.873e+07	-2.95292e+06	8.55176e+06	2.39604e+08	-3.09501e+08
8.874e+07	-2.85665e+06	8.62534e+06	2.31792e+08	-3.15471e+08
8.875e+07	-2.75857e+06	8.69644e+06	2.23834e+08	-3.2124e+08
8.876e+07	-2.65876e+06	8.76501e+06	2.15735e+08	-3.26804e+08
8.877e+07	-2.55728e+06	8.83101e+06	2.07501e+08	-3.3216e+08
8.878e+07	-2.45419e+06	8.89441e+06	1.99136e+08	-3.37304e+08
8.879e+07	-2.34956e+06	8.95516e+06	1.90646e+08	-3.42233e+08
8.88e+07	-2.24346e+06	9.01323e+06	1.82037e+08	-3.46945e+08
8.881e+07	-2.13595e+06	9.06858e+06	1.73314e+08	-3.51437e+08
8.882e+07	-2.0271e+06	9.12119e+06	1.64482e+08	-3.55705e+08
8.883e+07	-1.91699e+06	9.17102e+06	1.55547e+08	-3.59749e+08
8.884e+07	-1.80568e+06	9.21804e+06	1.46515e+08	-3.63564e+08
8.885e+07	-1.69324e+06	9.26223e+06	1.37392e+08	-3.67149e+08
8.886e+07	-1.57974e+06	9.30355e+06	1.28183e+08	-3.70503e+08
8.887e+07	-1.46526e+06	9.34199e+06	1.18893e+08	-3.73622e+08
8.888e+07	-1.34987e+06	9.37753e+06	1.0953e+08	-3.76505e+08
8.889e+07	-1.23363e+06	9.41013e+06	1.00098e+08	-3.7915e+08
8.89e+07	-1.11662e+06	9.43979e+06	9.06042e+07	-3.81556e+08
8.891e+07	-998920	9.46648e+06	8.10537e+07	-3.83722e+08
8.892e+07	-880597	9.49019e+06	7.14528e+07	-3.85646e+08
8.893e+07	-761725	9.5109e+06	6.18073e+07	-3.87327e+08
8.894e+07	-642379	9.52861e+06	5.21234e+07	-3.88764e+08
8.895e+07	-522633	9.54331e+06	4.24071e+07	-3.89956e+08
8.896e+07	-402562	9.55498e+06	3.26644e+07	-3.90903e+08
8.897e+07	-282241	9.56361e+06	2.29014e+07	-3.91604e+08
8.898e+07	-161745	9.56921e+06	1.31242e+07	-3.92058e+08
8.899e+07	-41147.8	9.57177e+06	3.33878e+06	-3.92266e+08
8.9e+07	79474.9	9.57129e+06	-6.4487e+06	-3.92227e+08
8.901e+07	200048	9.56777e+06	-1.62322e+07	-3.91941e+08
8.902e+07	320497	9.56121e+06	-2.60055e+07	-3.91409e+08
8.903e+07	440747	9.55161e+06	-3.57628e+07	-3.9063e+08
8.904e+07	560722	9.53898e+06	-4.54977e+07	-3.89605e+08
8.905e+07	680349	9.52333e+06	-5.52044e+07	-3.88336e+08
8.906e+07	799552	9.50467e+06	-6.48767e+07	-3.86821e+08
8.907e+07	918258	9.483e+06	-7.45087e+07	-3.85063e+08
8.908e+07	1.03639e+06	9.45835e+06	-8.40942e+07	-3.83063e+08
8.909e+07	1.15388e+06	9.43072e+06	-9.36274e+07	-3.80821e+08
8.91e+07	1.27065e+06	9.40012e+06	-1.03102e+08	-3.78338e+08
8.911e+07	1.38663e+06	9.36659e+06	-1.12513e+08	-3.75617e+08
8.912e+07	1.50174e+06	9.33014e+06	-1.21853e+08	-3.72659e+08
8.913e+07	1.61592e+06	9.29078e+06	-1.31118e+08	-3.69466e+08
8.914e+07	1.72909e+06	9.24855e+06	-1.40301e+08	-3.66039e+08
8.915e+07	1.84118e+06	9.20346e+06	-1.49396e+08	-3.62381e+08
8.916e+07	1.95212e+06	9.15555e+06	-1.58397e+08	-3.58493e+08
8.917e+07	2.06183e+06	9.10484e+06	-1.673e+08	-3.54378e+08
8.918e+07	2.17026e+06	9.05136e+06	-1.76098e+08	-3.50039e+08
8.919e+07	2.27733e+06	8.99514e+06	-1.84785e+08	-3.45477e+08
8.92e+07	2.38297e+06	8.93622e+06	-1.93357e+08	-3.40696e+08
8.921e+07	2.48712e+06	8.87463e+06	-2.01808e+08	-3.35699e+08
8.922e+07	2.5897e+06	8.8104e+06	-2.10132e+08	-3.30488e+08
8.923e+07	2.69066e+06	8.74358e+06	-2.18324e+08	-3.25066e+08
8.924e+07	2.78993e+06	8.67421e+06	-2.26379e+08	-3.19437e+08
8.925e+07	2.88744e+06	8.60232e+06	-2.34291e+08	-3.13604e+08
8.926e+07	2.98313e+06	8.52796e+06	-2.42055e+08	-3.0757e+08
8.927e+07	3.07695e+06	8.45118e+06	-2.49667e+08	-3.01339e+08
8.928e+07	3.16881e+06	8.37201e+06	-2.57122e+08	-2.94916e+08
8.929e+07	3.25868e+06	8.29051e+06	-2.64414e+08	-2.88303e+08
8.93e+07	3.34648e+06	8.20672e+06	-2.71538e+08	-2.81504e+08
8.931e+07	3.43217e+06	8.1207e+06	-2.78491e+08	-2.74525e+08
8.932e+07	3.51568e+06	8.0325e+06	-2.85267e+08	-2.67368e+08
8.933e+07	3.59695e+06	7.94217e+06	-2.91861e+08	-2.60038e+08
8.934e+07	3.67594e+06	7.84977e+06	-2.98271e+08	-2.52541e+08
8.935e+07	3.75259e+06	7.75535e+06	-3.0449e+08	-2.44879e+08
8.936e+07	3.82685e+06	7.65897e+06	-3.10515e+08	-2.37058e+08
8.937e+07	3.89866e+06	7.56068e+06	-3.16343e+08	-2.29084e+08
8.938e+07	3.96799e+06	7.46056e+06	-3.21968e+08	-2.20959e+08
8.939e+07	4.03477e+06	7.35866e+06	-3.27387e+08	-2.12691e+08
8.94e+07	4.09897e+06	7.25503e+06	-3.32596e+08	-2.04283e+08
8.941e+07	4.16054e+06	7.14976e+06	-3.37592e+08	-1.95741e+08
8.942e+07	4.21943e+06	7.0429e+06	-3.4237e+08	-1.8707e+08
8.943e+07	4.27561e+06	6.93452e+06	-3.46929e+08	-1.78276e+08
8.944e+07	4.32903e+06	6.82468e+06	-3.51264e+08	-1.69364e+08
8.945e+07	4.37966e+06	6.71347e+06	-3.55372e+08	-1.60339e+08
8.946e+07	4.42746e+06	6.60093e+06	-3.5925e+08	-1.51208e+08
8.947e+07	4.47239e+06	6.48715e+06	-3.62896e+08	-1.41976e+08
8.948e+07	4.51442e+06	6.3722e+06	-3.66306e+08	-1.32649e+08
8.949e+07	4.55352e+06	6.25615e+06	-3.69478e+08	-1.23232e+08
8.95e+07	4.58965e+06	6.13908e+06	-3.7241e+08	-1.13733e+08
8.951e+07	4.62279e+06	6.02105e+06	-3.75099e+08	-1.04156e+08
8.952e+07	4.65292e+06	5.90215e+06	-3.77544e+08	-9.4508e+07
8.953e+07	4.68e+06	5.78245e+06	-3.79741e+08	-8.47953e+07
8.954e+07	4.70402e+06	5.66202e+06	-3.8169e+08	-7.5024e+07
8.955e+07	4.72495e+06	5.54096e+06	-3.83389e+08	-6.52004e+07
8.956e+07	4.74278e+06	5.41932e+06	-3.84835e+08	-5.53309e+07
8.957e+07	4.75748e+06	5.2972e+06	-3.86029e+08	-4.54219e+07
8.958e+07	4.76905e+06	5.17467e+06	-3.86967e+08	-3.54798e+07
8.959e+07	4.77747e+06	5.05182e+06	-3.8765e+08	-2.55113e+07
8.96e+07	4.78273e+06	4.92872e+06	-3.88077e+08	-1.55227e+07
8.961e+07	4.78482e+06	4.80545e+06	-3.88247e+08	-5.5208e+06
8.962e+07	4.78373e+06	4.6821e+06	-3.88158e+08	4.48789e+06
8.963e+07	4.77946e+06	4.55875e+06	-3.87812e+08	1.44967e+07
8.964e+07	4.77201e+06	4.43548e+06	-3.87207e+08	2.4499e+07
8.965e+07	4.76138e+06	4.31238e+06	-3.86344e+08	3.4488e+07
8.966e+07	4.74756e+06	4.18952e+06	-3.85223e+08	4.44572e+07
8.967e+07	4.73056e+06	4.06698e+06	-3.83844e+08	5.43997e+07
8.968e+07	4.71039e+06	3.94486e+06	-3.82207e+08	6.43088e+07
8.969e+07	4.68705e+06	3.82323e+06	-3.80314e+08	7.41779e+07
8.97e+07	4.66056e+06	3.70218e+06	-3.78164e+08	8.40002e+07
8.971e+07	4.63093e+06	3.58179e+06	-3.7576e+08	9.3769e+07
8.972e+07	4.59817e+06	3.46214e+06	-3.73102e+08	1.03478e+08
8.973e+07	4.5623e+06	3.34331e+06	-3.70191e+08	1.13119e+08
8.974e+07	4.52334e+06	3.22539e+06	-3.6703e+08	1.22688e+08
8.975e+07	4.48131e+06	3.10845e+06	-3.63619e+08	1.32176e+08
8.976e+07	4.43623e+06	2.99259e+06	-3.59962e+08	1.41578e+08
8.977e+07	4.38814e+06	2.87787e+06	-3.56059e+08	1.50886e+08
8.978e+07	4.33705e+06	2.76438e+06	-3.51914e+08	1.60095e+08
8.979e+07	4.283e+06	2.6522e+06	-3.47528e+08	1.69197e+08
8.98e+07	4.22601e+06	2.5414e+06	-3.42904e+08	1.78187e+08
8.981e+07	4.16614e+06	2.43207e+06	-3.38046e+08	1.87058e+08
8.982e+07	4.1034e+06	2.32429e+06	-3.32955e+08	1.95804e+08
8.983e+07	4.03784e+06	2.21812e+06	-3.27636e+08	2.04419e+08
8.984e+07	3.9695e+06	2.11365e+06	-3.22091e+08	2.12896e+08
8.985e+07	3.89843e+06	2.01094e+06	-3.16324e+08	2.21229e+08
8.986e+07	3.82467e+06	1.91008e+06	-3.10338e+08	2.29413e+08
8.987e+07	3.74826e+06	1.81114e+06	-3.04139e+08	2.37442e+08
8.988e+07	3.66926e+06	1.71418e+06	-2.97728e+08	2.4531e+08
8.989e+07	3.58771e+06	1.61927e+06	-2.91111e+08	2.5301e+08
8.99e+07	3.50367e+06	1.52649e+06	-2.84292e+08	2.60539e+08
8.991e+07	3.4172e+06	1.4359e+06	-2.77276e+08	2.67889e+08
8.992e+07	3.32835e+06	1.34757e+06	-2.70066e+08	2.75056e+08
8.993e+07	3.23718e+06	1.26156e+06	-2.62669e+08	2.82035e+08
8.994e+07	3.14375e+06	1.17794e+06	-2.55088e+08	2.88821e+08
8.995e+07	3.04812e+06	1.09676e+06	-2.47329e+08	2.95408e+08
8.996e+07	2.95037e+06	1.01809e+06	-2.39397e+08	3.01791e+08
8.997e+07	2.85054e+06	941978	-2.31297e+08	3.07967e+08
8.998e+07	2.74872e+06	868489	-2.23035e+08	3.1393e+08
8.999e+07	2.64498e+06	797674	-2.14617e+08	3.19676e+08
9e+07	2.53937e+06	729585	-2.06048e+08	3.252e+08
9.001e+07	2.43198e+06	664273	-1.97334e+08	3.305e+08
9.002e+07	2.32288e+06	601787	-1.88481e+08	3.3557e+08
9.003e+07	2.21214e+06	542172	-1.79496e+08	3.40407e+08
9.004e+07	2.09984e+06	485474	-1.70384e+08	3.45008e+08
9.005e+07	1.98606e+06	431734	-1.61152e+08	3.49369e+08
9.006e+07	1.87088e+06	380993	-1.51806e+08	3.53486e+08
9.007e+07	1.75438e+06	333290	-1.42353e+08	3.57356e+08
9.008e+07	1.63664e+06	288658	-1.32799e+08	3.60978e+08
9.009e+07	1.51774e+06	247133	-1.23151e+08	3.64347e+08
9.01e+07	1.39776e+06	208746	-1.13416e+08	3.67462e+08
9.011e+07	1.2768e+06	173525	-1.03601e+08	3.7032e+08
9.012e+07	1.15493e+06	141497	-9.37126e+07	3.72919e+08
9.013e+07	1.03224e+06	112685	-8.37576e+07	3.75257e+08
9.014e+07	908823	87113	-7.37431e+07	3.77332e+08
9.015e+07	784759	64798.7	-6.36764e+07	3.79142e+08
9.016e+07	660138	45759.5	-5.35644e+07	3.80687e+08
9.017e+07	535048	30009.6	-4.34145e+07	3.81965e+08
9.018e+07	409578	17561.1	-3.32337e+07	3.82975e+08
9.019e+07	283817	8423.27	-2.30293e+07	3.83717e+08
9.02e+07	157855	2603.17	-1.28086e+07	3.84189e+08
9.021e+07	31780.8	105.153	-2.57873e+06	3.84391e+08
9.022e+07	-94316.1	931.125	7.65294e+06	3.84324e+08
9.023e+07	-220346	5080.46	1.78792e+07	3.83988e+08
9.024e+07	-346220	12550	2.80927e+07	3.83382e+08
9.025e+07	-471847	23334.2	3.82863e+07	3.82507e+08
9.026e+07	-597140	37424.7	4.84527e+07	3.81363e+08
9.027e+07	-722008	54811	5.85847e+07	3.79953e+08
9.028e+07	-846364	75479.9	6.86751e+07	3.78275e+08
9.029e+07	-970120	99415.7	7.87168e+07	3.76333e+08
9.03e+07	-1.09319e+06	126600	8.87026e+07	3.74127e+08
9.031e+07	-1.21548e+06	157014	9.86256e+07	3.7166e+08
9.032e+07	-1.33691e+06	190632	1.08479e+08	3.68932e+08
9.033e+07	-1.45739e+06	227431	1.18255e+08	3.65946e+08
9.034e+07	-1.57685e+06	267382	1.27947e+08	3.62704e+08
9.035e+07	-1.69518e+06	310455	1.37549e+08	3.59209e+08
9.036e+07	-1.81232e+06	356618	1.47054e+08	3.55464e+08
9.037e+07	-1.92818e+06	405836	1.56455e+08	3.5147e+08
9.038e+07	-2.04267e+06	458073	1.65745e+08	3.47231e+08
9.039e+07	-2.15572e+06	513289	1.74918e+08	3.42751e+08
9.04e+07	-2.26726e+06	571443	1.83968e+08	3.38032e+08
9.041e+07	-2.37719e+06	632492	1.92889e+08	3.33079e+08
9.042e+07	-2.48546e+06	696390	2.01673e+08	3.27894e+08
9.043e+07	-2.59197e+06	763090	2.10316e+08	3.22482e+08
9.044e+07	-2.69666e+06	832541	2.18811e+08	3.16847e+08
9.045e+07	-2.79946e+06	904694	2.27152e+08	3.10992e+08
9.046e+07	-2.9003e+06	979493	2.35334e+08	3.04923e+08
9.047e+07	-2.9991e+06	1.05688e+06	2.43351e+08	2.98643e+08
9.048e+07	-3.09581e+06	1.13681e+06	2.51198e+08	2.92158e+08
9.049e+07	-3.19035e+06	1.21922e+06	2.58869e+08	2.85471e+08
9.05e+07	-3.28267e+06	1.30403e+06	2.6636e+08	2.78589e+08
9.051e+07	-3.3727e+06	1.39121e+06	2.73665e+08	2.71516e+08
9.052e+07	-3.46037e+06	1.48067e+06	2.80779e+08	2.64256e+08
9.053e+07	-3.54564e+06	1.57236e+06	2.87698e+08	2.56817e+08
9.054e+07	-3.62845e+06	1.66621e+06	2.94417e+08	2.49202e+08
9.055e+07	-3.70874e+06	1.76214e+06	3.00932e+08	2.41417e+08
9.056e+07	-3.78646e+06	1.8601e+06	3.07238e+08	2.33469e+08
9.057e+07	-3.86156e+06	1.96001e+06	3.13332e+08	2.25362e+08
9.058e+07	-3.93399e+06	2.0618e+06	3.19209e+08	2.17103e+08
9.059e+07	-4.00371e+06	2.1654e+06	3.24867e+08	2.08697e+08
9.06e+07	-4.07067e+06	2.27073e+06	3.303e+08	2.0015e+08
9.061e+07	-4.13484e+06	2.37771e+06	3.35506e+08	1.91469e+08
9.062e+07	-4.19616e+06	2.48628e+06	3.40482e+08	1.8266e+08
9.063e+07	-4.2546e+06	2.59635e+06	3.45224e+08	1.73729e+08
9.064e+07	-4.31013e+06	2.70784e+06	3.4973e+08	1.64682e+08
9.065e+07	-4.36271e+06	2.82069e+06	3.53996e+08	1.55526e+08
9.066e+07	-4.41232e+06	2.9348e+06	3.58021e+08	1.46266e+08
9.067e+07	-4.45892e+06	3.0501e+06	3.61802e+08	1.36911e+08
9.068e+07	-4.50248e+06	3.16652e+06	3.65337e+08	1.27465e+08
9.069e+07	-4.54299e+06	3.28396e+06	3.68624e+08	1.17936e+08
9.07e+07	-4.58041e+06	3.40234e+06	3.71661e+08	1.0833e+08
9.071e+07	-4.61474e+06	3.52159e+06	3.74446e+08	9.86534e+07
9.072e+07	-4.64594e+06	3.64163e+06	3.76978e+08	8.89137e+07
9.073e+07	-4.67401e+06	3.76236e+06	3.79256e+08	7.91171e+07
9.074e+07	-4.69894e+06	3.88371e+06	3.81278e+08	6.92705e+07
9.075e+07	-4.7207e+06	4.0056e+06	3.83044e+08	5.93803e+07
9.076e+07	-4.73929e+06	4.12794e+06	3.84552e+08	4.94535e+07
9.077e+07	-4.75471e+06	4.25065e+06	3.85803e+08	3.94966e+07
9.078e+07	-4.76694e+06	4.37365e+06	3.86796e+08	2.95165e+07
9.079e+07	-4.77599e+06	4.49685e+06	3.8753e+08	1.95197e+07
9.08e+07	-4.78186e+06	4.62017e+06	3.88006e+08	9.5131e+06
9.081e+07	-4.78454e+06	4.74354e+06	3.88224e+08	-496758
9.082e+07	-4.78405e+06	4.86686e+06	3.88184e+08	-1.05032e+07
9.083e+07	-4.78038e+06	4.99005e+06	3.87886e+08	-2.04995e+07
9.084e+07	-4.77354e+06	5.11305e+06	3.87332e+08	-3.04792e+07
9.085e+07	-4.76356e+06	5.23575e+06	3.86521e+08	-4.04357e+07
9.086e+07	-4.75042e+06	5.35809e+06	3.85455e+08	-5.03623e+07
9.087e+07	-4.73416e+06	5.47998e+06	3.84136e+08	-6.02527e+07
9.088e+07	-4.71478e+06	5.60134e+06	3.82563e+08	-7.01004e+07
9.089e+07	-4.69231e+06	5.7221e+06	3.8074e+08	-7.9899e+07
9.09e+07	-4.66676e+06	5.84218e+06	3.78667e+08	-8.96422e+07
9.091e+07	-4.63816e+06	5.9615e+06	3.76346e+08	-9.93236e+07
9.092e+07	-4.60652e+06	6.07998e+06	3.73779e+08	-1.08937e+08
9.093e+07	-4.57189e+06	6.19754e+06	3.70969e+08	-1.18476e+08
9.094e+07	-4.53427e+06	6.31412e+06	3.67917e+08	-1.27936e+08
9.095e+07	-4.49371e+06	6.42963e+06	3.64625e+08	-1.37309e+08
9.096e+07	-4.45023e+06	6.54401e+06	3.61097e+08	-1.46589e+08
9.097e+07	-4.40386e+06	6.65718e+06	3.57335e+08	-1.55772e+08
9.098e+07	-4.35465e+06	6.76907e+06	3.53342e+08	-1.64851e+08
9.099e+07	-4.30262e+06	6.87961e+06	3.4912e+08	-1.73821e+08
9.1e+07	-4.24782e+06	6.98873e+06	3.44674e+08	-1.82675e+08
9.101e+07	-4.19028e+06	7.09637e+06	3.40005e+08	-1.91408e+08
9.102e+07	-4.13005e+06	7.20245e+06	3.35117e+08	-2.00016e+08
9.103e+07	-4.06716e+06	7.30691e+06	3.30015e+08	-2.08492e+08
9.104e+07	-4.00166e+06	7.40968e+06	3.247e+08	-2.16831e+08
9.105e+07	-3.93361e+06	7.51071e+06	3.19178e+08	-2.25029e+08
9.106e+07	-3.86303e+06	7.60992e+06	3.13451e+08	-2.33079e+08
9.107e+07	-3.78999e+06	7.70727e+06	3.07525e+08	-2.40978e+08
9.108e+07	-3.71453e+06	7.80268e+06	3.01402e+08	-2.4872e+08
9.109e+07	-3.63671e+06	7.89611e+06	2.95087e+08	-2.563e+08
9.11e+07	-3.55657e+06	7.98748e+06	2.88585e+08	-2.63715e+08
9.111e+07	-3.47417e+06	8.07676e+06	2.81899e+08	-2.70959e+08
9.112e+07	-3.38957e+06	8.16388e+06	2.75034e+08	-2.78028e+08
9.113e+07	-3.30282e+06	8.24879e+06	2.67995e+08	-2.84918e+08
9.114e+07	-3.21398e+06	8.33145e+06	2.60787e+08	-2.91625e+08
9.115e+07	-3.12311e+06	8.41179e+06	2.53413e+08	-2.98144e+08
9.116e+07	-3.03026e+06	8.48978e+06	2.45879e+08	-3.04472e+08
9.117e+07	-2.9355e+06	8.56536e+06	2.3819e+08	-3.10605e+08
9.118e+07	-2.83889e+06	8.63849e+06	2.30351e+08	-3.16539e+08
9.119e+07	-2.74049e+06	8.70913e+06	2.22367e+08	-3.22271e+08
9.12e+07	-2.64037e+06	8.77724e+06	2.14243e+08	-3.27797e+08
9.121e+07	-2.53859e+06	8.84277e+06	2.05985e+08	-3.33114e+08
9.122e+07	-2.43522e+06	8.90569e+06	1.97597e+08	-3.38219e+08
9.123e+07	-2.33032e+06	8.96595e+06	1.89085e+08	-3.43109e+08
9.124e+07	-2.22395e+06	9.02353e+06	1.80454e+08	-3.47781e+08
9.125e+07	-2.1162e+06	9.07838e+06	1.71711e+08	-3.52232e+08
9.126e+07	-2.00712e+06	9.13049e+06	1.6286e+08	-3.5646e+08
9.127e+07	-1.89678e+06	9.17981e+06	1.53907e+08	-3.60462e+08
9.128e+07	-1.78526e+06	9.22631e+06	1.44858e+08	-3.64235e+08
9.129e+07	-1.67262e+06	9.26998e+06	1.35718e+08	-3.67778e+08
9.13e+07	-1.55894e+06	9.31078e+06	1.26494e+08	-3.71089e+08
9.131e+07	-1.44428e+06	9.34869e+06	1.17191e+08	-3.74165e+08
9.132e+07	-1.32873e+06	9.38369e+06	1.07815e+08	-3.77005e+08
9.133e+07	-1.21234e+06	9.41576e+06	9.83712e+07	-3.79607e+08
9.134e+07	-1.09521e+06	9.44487e+06	8.88664e+07	-3.81969e+08
9.135e+07	-977385	9.47102e+06	7.93063e+07	-3.84091e+08
9.136e+07	-858956	9.49419e+06	6.96968e+07	-3.85971e+08
9.137e+07	-739992	9.51436e+06	6.00439e+07	-3.87607e+08
9.138e+07	-620567	9.53152e+06	5.03536e+07	-3.89e+08
9.139e+07	-500757	9.54566e+06	4.06321e+07	-3.90147e+08
9.14e+07	-380635	9.55678e+06	3.08852e+07	-3.91049e+08
9.141e+07	-260276	9.56486e+06	2.11192e+07	-3.91705e+08
9.142e+07	-139756	9.56991e+06	1.134e+07	-3.92115e+08
9.143e+07	-19148.6	9.57191e+06	1.55374e+06	-3.92277e+08
9.144e+07	101471	9.57088e+06	-8.23346e+06	-3.92193e+08
9.145e+07	222027	9.5668e+06	-1.80155e+07	-3.91862e+08
9.146e+07	342445	9.55968e+06	-2.77864e+07	-3.91285e+08
9.147e+07	462650	9.54953e+06	-3.754e+07	-3.90461e+08
9.148e+07	582567	9.53635e+06	-4.72703e+07	-3.89392e+08
9.149e+07	702123	9.52015e+06	-5.69711e+07	-3.88078e+08
9.15e+07	821241	9.50094e+06	-6.66365e+07	-3.86519e+08
9.151e+07	939848	9.47873e+06	-7.62605e+07	-3.84716e+08
9.152e+07	1.05787e+06	9.45353e+06	-8.58369e+07	-3.82672e+08
9.153e+07	1.17523e+06	9.42536e+06	-9.536e+07	-3.80386e+08
9.154e+07	1.29186e+06	9.39423e+06	-1.04824e+08	-3.7786e+08
9.155e+07	1.40769e+06	9.36016e+06	-1.14222e+08	-3.75096e+08
9.156e+07	1.52264e+06	9.32318e+06	-1.23549e+08	-3.72095e+08
9.157e+07	1.63664e+06	9.28329e+06	-1.32799e+08	-3.68859e+08
9.158e+07	1.74961e+06	9.24054e+06	-1.41966e+08	-3.65389e+08
9.159e+07	1.8615e+06	9.19493e+06	-1.51044e+08	-3.61689e+08
9.16e+07	1.97222e+06	9.14651e+06	-1.60028e+08	-3.5776e+08
9.161e+07	2.08171e+06	9.09529e+06	-1.68912e+08	-3.53604e+08
9.162e+07	2.18989e+06	9.04131e+06	-1.77691e+08	-3.49224e+08
9.163e+07	2.2967e+06	8.98459e+06	-1.86358e+08	-3.44622e+08
9.164e+07	2.40208e+06	8.92518e+06	-1.94908e+08	-3.39801e+08
9.165e+07	2.50595e+06	8.86311e+06	-2.03336e+08	-3.34764e+08
9.166e+07	2.60824e+06	8.79841e+06	-2.11636e+08	-3.29514e+08
9.167e+07	2.7089e+06	8.73112e+06	-2.19803e+08	-3.24055e+08
9.168e+07	2.80785e+06	8.66129e+06	-2.27832e+08	-3.18388e+08
9.169e+07	2.90503e+06	8.58894e+06	-2.35718e+08	-3.12518e+08
9.17e+07	3.00039e+06	8.51414e+06	-2.43455e+08	-3.06448e+08
9.171e+07	3.09385e+06	8.43691e+06	-2.51039e+08	-3.00182e+08
9.172e+07	3.18535e+06	8.35732e+06	-2.58464e+08	-2.93724e+08
9.173e+07	3.27485e+06	8.2754e+06	-2.65725e+08	-2.87077e+08
9.174e+07	3.36227e+06	8.1912e+06	-2.72819e+08	-2.80245e+08
9.175e+07	3.44756e+06	8.10478e+06	-2.7974e+08	-2.73232e+08
9.176e+07	3.53067e+06	8.01619e+06	-2.86483e+08	-2.66044e+08
9.177e+07	3.61153e+06	7.92547e+06	-2.93044e+08	-2.58683e+08
9.178e+07	3.6901e+06	7.8327e+06	-2.99419e+08	-2.51155e+08
9.179e+07	3.76631e+06	7.73791e+06	-3.05604e+08	-2.43464e+08
9.18e+07	3.84013e+06	7.64118e+06	-3.11593e+08	-2.35615e+08
9.181e+07	3.91149e+06	7.54256e+06	-3.17384e+08	-2.27613e+08
9.182e+07	3.98036e+06	7.4421e+06	-3.22971e+08	-2.19462e+08
9.183e+07	4.04667e+06	7.33988e+06	-3.28352e+08	-2.11168e+08
9.184e+07	4.1104e+06	7.23596e+06	-3.33523e+08	-2.02735e+08
9.185e+07	4.17148e+06	7.13039e+06	-3.38479e+08	-1.94169e+08
9.186e+07	4.22988e+06	7.02325e+06	-3.43218e+08	-1.85475e+08
9.187e+07	4.28556e+06	6.91459e+06	-3.47736e+08	-1.76659e+08
9.188e+07	4.33848e+06	6.8045e+06	-3.5203e+08	-1.67726e+08
9.189e+07	4.38859e+06	6.69304e+06	-3.56096e+08	-1.58682e+08
9.19e+07	4.43587e+06	6.58027e+06	-3.59932e+08	-1.49532e+08
9.191e+07	4.48027e+06	6.46627e+06	-3.63535e+08	-1.40282e+08
9.192e+07	4.52177e+06	6.35112e+06	-3.66902e+08	-1.30938e+08
9.193e+07	4.56033e+06	6.23488e+06	-3.70031e+08	-1.21506e+08
9.194e+07	4.59592e+06	6.11762e+06	-3.72919e+08	-1.11992e+08
9.195e+07	4.62851e+06	5.99943e+06	-3.75564e+08	-1.02401e+08
9.196e+07	4.65808e+06	5.88038e+06	-3.77963e+08	-9.27413e+07
9.197e+07	4.68461e+06	5.76054e+06	-3.80115e+08	-8.30174e+07
9.198e+07	4.70807e+06	5.63999e+06	-3.82019e+08	-7.32361e+07
9.199e+07	4.72843e+06	5.51881e+06	-3.83671e+08	-6.34037e+07
9.2e+07	4.74569e+06	5.39708e+06	-3.85072e+08	-5.35265e+07
9.201e+07	4.75983e+06	5.27488e+06	-3.86219e+08	-4.36109e+07
9.202e+07	4.77082e+06	5.15229e+06	-3.87111e+08	-3.36636e+07
9.203e+07	4.77867e+06	5.02939e+06	-3.87747e+08	-2.36909e+07
9.204e+07	4.78335e+06	4.90625e+06	-3.88127e+08	-1.36994e+07
9.205e+07	4.78486e+06	4.78296e+06	-3.8825e+08	-3.69575e+06
9.206e+07	4.78319e+06	4.65961e+06	-3.88114e+08	6.31347e+06
9.207e+07	4.77834e+06	4.53626e+06	-3.87721e+08	1.63216e+07
9.208e+07	4.77031e+06	4.41302e+06	-3.87069e+08	2.6322e+07
9.209e+07	4.75909e+06	4.28995e+06	-3.86159e+08	3.63079e+07
9.21e+07	4.74469e+06	4.16714e+06	-3.84991e+08	4.62726e+07
9.211e+07	4.72712e+06	4.04468e+06	-3.83564e+08	5.62096e+07
9.212e+07	4.70637e+06	3.92264e+06	-3.81881e+08	6.61119e+07
9.213e+07	4.68246e+06	3.80111e+06	-3.79941e+08	7.59729e+07
9.214e+07	4.65539e+06	3.68017e+06	-3.77745e+08	8.5786e+07
9.215e+07	4.62519e+06	3.55991e+06	-3.75294e+08	9.55443e+07
9.216e+07	4.59186e+06	3.4404e+06	-3.7259e+08	1.05241e+08
9.217e+07	4.55543e+06	3.32173e+06	-3.69633e+08	1.1487e+08
9.218e+07	4.5159e+06	3.20399e+06	-3.66426e+08	1.24424e+08
9.219e+07	4.47332e+06	3.08724e+06	-3.62971e+08	1.33897e+08
9.22e+07	4.42769e+06	2.97158e+06	-3.59268e+08	1.43283e+08
9.221e+07	4.37904e+06	2.85708e+06	-3.55321e+08	1.52573e+08
9.222e+07	4.32741e+06	2.74382e+06	-3.51132e+08	1.61763e+08
9.223e+07	4.27282e+06	2.63188e+06	-3.46702e+08	1.70845e+08
9.224e+07	4.21531e+06	2.52135e+06	-3.42036e+08	1.79814e+08
9.225e+07	4.15491e+06	2.4123e+06	-3.37134e+08	1.88663e+08
9.226e+07	4.09165e+06	2.3048e+06	-3.32002e+08	1.97385e+08
9.227e+07	4.02558e+06	2.19894e+06	-3.26641e+08	2.05975e+08
9.228e+07	3.95674e+06	2.09478e+06	-3.21055e+08	2.14427e+08
9.229e+07	3.88518e+06	1.99241e+06	-3.15248e+08	2.22733e+08
9.23e+07	3.81093e+06	1.89189e+06	-3.09224e+08	2.30889e+08
9.231e+07	3.73404e+06	1.7933e+06	-3.02985e+08	2.38889e+08
9.232e+07	3.65457e+06	1.69671e+06	-2.96537e+08	2.46727e+08
9.233e+07	3.57257e+06	1.60219e+06	-2.89883e+08	2.54396e+08
9.234e+07	3.48808e+06	1.5098e+06	-2.83027e+08	2.61893e+08
9.235e+07	3.40117e+06	1.41962e+06	-2.75975e+08	2.6921e+08
9.236e+07	3.31189e+06	1.33171e+06	-2.68731e+08	2.76343e+08
9.237e+07	3.2203e+06	1.24613e+06	-2.613e+08	2.83287e+08
9.238e+07	3.12647e+06	1.16295e+06	-2.53686e+08	2.90037e+08
9.239e+07	3.03045e+06	1.08222e+06	-2.45895e+08	2.96587e+08
9.24e+07	2.93231e+06	1.00401e+06	-2.37932e+08	3.02933e+08
9.241e+07	2.83212e+06	928379	-2.29802e+08	3.0907e+08
9.242e+07	2.72994e+06	855373	-2.21511e+08	3.14994e+08
9.243e+07	2.62585e+06	785051	-2.13065e+08	3.207e+08
9.244e+07	2.51992e+06	717465	-2.04469e+08	3.26184e+08
9.245e+07	2.41221e+06	652665	-1.9573e+08	3.31442e+08
9.246e+07	2.3028e+06	590699	-1.86852e+08	3.3647e+08
9.247e+07	2.19177e+06	531613	-1.77843e+08	3.41264e+08
9.248e+07	2.0792e+06	475451	-1.68709e+08	3.45821e+08
9.249e+07	1.96516e+06	422255	-1.59456e+08	3.50138e+08
9.25e+07	1.84973e+06	372066	-1.5009e+08	3.5421e+08
9.251e+07	1.733e+06	324920	-1.40618e+08	3.58036e+08
9.252e+07	1.61504e+06	280853	-1.31046e+08	3.61611e+08
9.253e+07	1.49594e+06	239898	-1.21382e+08	3.64934e+08
9.254e+07	1.37577e+06	202086	-1.11632e+08	3.68003e+08
9.255e+07	1.25464e+06	167445	-1.01803e+08	3.70813e+08
9.256e+07	1.13261e+06	136002	-9.19018e+07	3.73365e+08
9.257e+07	1.00979e+06	107779	-8.19354e+07	3.75655e+08
9.258e+07	886242	82799.9	-7.19109e+07	3.77682e+08
9.259e+07	762070	61081.8	-6.18353e+07	3.79444e+08
9.26e+07	637356	42641.4	-5.17159e+07	3.8094e+08
9.261e+07	512191	27492.8	-4.15598e+07	3.82169e+08
9.262e+07	386661	15647.4	-3.13742e+07	3.8313e+08
9.263e+07	260857	7114.29	-2.11663e+07	3.83823e+08
9.264e+07	134868	1899.81	-1.09433e+07	3.84246e+08
9.265e+07	8782.55	7.94654	-712628	3.84399e+08
9.266e+07	-117309	1440.15	9.51859e+06	3.84283e+08
9.267e+07	-243317	6195.33	1.9743e+07	3.83897e+08
9.268e+07	-369152	14269.9	2.99535e+07	3.83242e+08
9.269e+07	-494725	25657.7	4.01426e+07	3.82318e+08
9.27e+07	-619947	40350.2	5.03033e+07	3.81126e+08
9.271e+07	-744729	58336.2	6.04283e+07	3.79667e+08
9.272e+07	-868982	79602.2	7.05103e+07	3.77941e+08
9.273e+07	-992618	104132	8.05424e+07	3.75951e+08
9.274e+07	-1.11555e+06	131907	9.05173e+07	3.73697e+08
9.275e+07	-1.23769e+06	162907	1.00428e+08	3.71182e+08
9.276e+07	-1.35896e+06	197107	1.10268e+08	3.68406e+08
9.277e+07	-1.47926e+06	234483	1.20029e+08	3.65374e+08
9.278e+07	-1.59851e+06	275005	1.29706e+08	3.62086e+08
9.279e+07	-1.71664e+06	318644	1.3929e+08	3.58545e+08
9.28e+07	-1.83355e+06	365367	1.48776e+08	3.54754e+08
9.281e+07	-1.94916e+06	415139	1.58158e+08	3.50715e+08
9.282e+07	-2.0634e+06	467922	1.67427e+08	3.46432e+08
9.283e+07	-2.17618e+06	523677	1.76578e+08	3.41908e+08
9.284e+07	-2.28743e+06	582363	1.85605e+08	3.37146e+08
9.285e+07	-2.39707e+06	643935	1.94501e+08	3.3215e+08
9.286e+07	-2.50501e+06	708347	2.0326e+08	3.26924e+08
9.287e+07	-2.6112e+06	775552	2.11876e+08	3.21471e+08
9.288e+07	-2.71555e+06	845500	2.20344e+08	3.15795e+08
9.289e+07	-2.818e+06	918140	2.28656e+08	3.09901e+08
9.29e+07	-2.91847e+06	993416	2.36809e+08	3.03793e+08
9.291e+07	-3.0169e+06	1.07127e+06	2.44795e+08	2.97475e+08
9.292e+07	-3.11322e+06	1.15166e+06	2.5261e+08	2.90953e+08
9.293e+07	-3.20736e+06	1.23451e+06	2.60249e+08	2.84231e+08
9.294e+07	-3.29926e+06	1.31976e+06	2.67706e+08	2.77313e+08
9.295e+07	-3.38886e+06	1.40735e+06	2.74977e+08	2.70205e+08
9.296e+07	-3.47611e+06	1.49723e+06	2.82056e+08	2.62913e+08
9.297e+07	-3.56093e+06	1.58932e+06	2.88939e+08	2.55441e+08
9.298e+07	-3.64328e+06	1.68355e+06	2.95621e+08	2.47795e+08
9.299e+07	-3.72311e+06	1.77986e+06	3.02098e+08	2.3998e+08
9.3e+07	-3.80035e+06	1.87818e+06	3.08366e+08	2.32002e+08
9.301e+07	-3.87497e+06	1.97844e+06	3.1442e+08	2.23867e+08
9.302e+07	-3.94691e+06	2.08056e+06	3.20258e+08	2.1558e+08
9.303e+07	-4.01613e+06	2.18448e+06	3.25874e+08	2.07148e+08
9.304e+07	-4.08259e+06	2.29012e+06	3.31266e+08	1.98577e+08
9.305e+07	-4.14623e+06	2.3974e+06	3.36431e+08	1.89872e+08
9.306e+07	-4.20703e+06	2.50624e+06	3.41364e+08	1.8104e+08
9.307e+07	-4.26495e+06	2.61658e+06	3.46063e+08	1.72088e+08
9.308e+07	-4.31994e+06	2.72833e+06	3.50526e+08	1.6302e+08
9.309e+07	-4.37198e+06	2.84141e+06	3.54748e+08	1.53844e+08
9.31e+07	-4.42104e+06	2.95574e+06	3.58729e+08	1.44567e+08
9.311e+07	-4.46709e+06	3.07125e+06	3.62465e+08	1.35194e+08
9.312e+07	-4.5101e+06	3.18786e+06	3.65955e+08	1.25733e+08
9.313e+07	-4.55004e+06	3.30548e+06	3.69196e+08	1.16189e+08
9.314e+07	-4.58691e+06	3.42403e+06	3.72187e+08	1.0657e+08
9.315e+07	-4.62066e+06	3.54343e+06	3.74927e+08	9.68816e+07
9.316e+07	-4.6513e+06	3.6636e+06	3.77412e+08	8.71311e+07
9.317e+07	-4.67879e+06	3.78445e+06	3.79643e+08	7.73249e+07
9.318e+07	-4.70314e+06	3.90591e+06	3.81619e+08	6.74698e+07
9.319e+07	-4.72432e+06	4.02788e+06	3.83338e+08	5.75724e+07
9.32e+07	-4.74234e+06	4.1503e+06	3.848e+08	4.76396e+07
9.321e+07	-4.75717e+06	4.27306e+06	3.86003e+08	3.7678e+07
9.322e+07	-4.76883e+06	4.3961e+06	3.86949e+08	2.76943e+07
9.323e+07	-4.7773e+06	4.51933e+06	3.87636e+08	1.76953e+07
9.324e+07	-4.78259e+06	4.64267e+06	3.88065e+08	7.68757e+06
9.325e+07	-4.78469e+06	4.76603e+06	3.88236e+08	-2.32216e+06
9.326e+07	-4.78362e+06	4.88934e+06	3.88149e+08	-1.23272e+07
9.327e+07	-4.77937e+06	5.0125e+06	3.87804e+08	-2.2321e+07
9.328e+07	-4.77196e+06	5.13545e+06	3.87203e+08	-3.2297e+07
9.329e+07	-4.76139e+06	5.25809e+06	3.86346e+08	-4.22485e+07
9.33e+07	-4.74769e+06	5.38035e+06	3.85234e+08	-5.2169e+07
9.331e+07	-4.73086e+06	5.50216e+06	3.83868e+08	-6.20521e+07
9.332e+07	-4.71091e+06	5.62342e+06	3.8225e+08	-7.18913e+07
9.333e+07	-4.68788e+06	5.74406e+06	3.8038e+08	-8.16803e+07
9.334e+07	-4.66177e+06	5.864e+06	3.78262e+08	-9.14127e+07
9.335e+07	-4.63261e+06	5.98317e+06	3.75896e+08	-1.01082e+08
9.336e+07	-4.60043e+06	6.10149e+06	3.73285e+08	-1.10683e+08
9.337e+07	-4.56525e+06	6.21888e+06	3.7043e+08	-1.20208e+08
9.338e+07	-4.52709e+06	6.33527e+06	3.67334e+08	-1.29652e+08
9.339e+07	-4.48599e+06	6.45058e+06	3.63999e+08	-1.39008e+08
9.34e+07	-4.44199e+06	6.56474e+06	3.60429e+08	-1.48272e+08
9.341e+07	-4.3951e+06	6.67768e+06	3.56624e+08	-1.57436e+08
9.342e+07	-4.34537e+06	6.78933e+06	3.52589e+08	-1.66495e+08
9.343e+07	-4.29283e+06	6.89962e+06	3.48326e+08	-1.75444e+08
9.344e+07	-4.23753e+06	7.00847e+06	3.43839e+08	-1.84277e+08
9.345e+07	-4.17949e+06	7.11583e+06	3.3913e+08	-1.92988e+08
9.346e+07	-4.11877e+06	7.22162e+06	3.34203e+08	-2.01572e+08
9.347e+07	-4.05541e+06	7.32578e+06	3.29061e+08	-2.10023e+08
9.348e+07	-3.98944e+06	7.42824e+06	3.23708e+08	-2.18337e+08
9.349e+07	-3.92092e+06	7.52894e+06	3.18149e+08	-2.26508e+08
9.35e+07	-3.84989e+06	7.62782e+06	3.12385e+08	-2.34531e+08
9.351e+07	-3.77641e+06	7.72481e+06	3.06423e+08	-2.42401e+08
9.352e+07	-3.70051e+06	7.81987e+06	3.00265e+08	-2.50114e+08
9.353e+07	-3.62226e+06	7.91292e+06	2.93915e+08	-2.57665e+08
9.354e+07	-3.54171e+06	8.00392e+06	2.87379e+08	-2.65049e+08
9.355e+07	-3.45891e+06	8.09281e+06	2.8066e+08	-2.72261e+08
9.356e+07	-3.37391e+06	8.17953e+06	2.73763e+08	-2.79298e+08
9.357e+07	-3.28677e+06	8.26404e+06	2.66693e+08	-2.86155e+08
9.358e+07	-3.19756e+06	8.34627e+06	2.59454e+08	-2.92828e+08
9.359e+07	-3.10632e+06	8.42619e+06	2.52051e+08	-2.99312e+08
9.36e+07	-3.01312e+06	8.50374e+06	2.44488e+08	-3.05605e+08
9.361e+07	-2.91802e+06	8.57888e+06	2.36772e+08	-3.11702e+08
9.362e+07	-2.82108e+06	8.65156e+06	2.28906e+08	-3.17599e+08
9.363e+07	-2.72236e+06	8.72175e+06	2.20896e+08	-3.23294e+08
9.364e+07	-2.62193e+06	8.78938e+06	2.12747e+08	-3.28782e+08
9.365e+07	-2.51986e+06	8.85444e+06	2.04464e+08	-3.34061e+08
9.366e+07	-2.4162e+06	8.91688e+06	1.96054e+08	-3.39127e+08
9.367e+07	-2.31102e+06	8.97665e+06	1.8752e+08	-3.43977e+08
9.368e+07	-2.2044e+06	9.03374e+06	1.78868e+08	-3.48609e+08
9.369e+07	-2.0964e+06	9.08809e+06	1.70105e+08	-3.5302e+08
9.37e+07	-1.98708e+06	9.13969e+06	1.61235e+08	-3.57206e+08
9.371e+07	-1.87653e+06	9.1885e+06	1.52264e+08	-3.61167e+08
9.372e+07	-1.76479e+06	9.23449e+06	1.43198e+08	-3.64899e+08
9.373e+07	-1.65196e+06	9.27764e+06	1.34042e+08	-3.68399e+08
9.374e+07	-1.5381e+06	9.31791e+06	1.24803e+08	-3.71667e+08
9.375e+07	-1.42327e+06	9.35529e+06	1.15486e+08	-3.74701e+08
9.376e+07	-1.30756e+06	9.38976e+06	1.06097e+08	-3.77497e+08
9.377e+07	-1.19104e+06	9.42129e+06	9.66422e+07	-3.80056e+08
9.378e+07	-1.07377e+06	9.44987e+06	8.71268e+07	-3.82374e+08
9.379e+07	-955829	9.47547e+06	7.75572e+07	-3.84452e+08
9.38e+07	-837297	9.49809e+06	6.79394e+07	-3.86287e+08
9.381e+07	-718244	9.51771e+06	5.82792e+07	-3.8788e+08
9.382e+07	-598743	9.53432e+06	4.85828e+07	-3.89227e+08
9.383e+07	-478870	9.54791e+06	3.88562e+07	-3.9033e+08
9.384e+07	-358700	9.55848e+06	2.91054e+07	-3.91187e+08
9.385e+07	-238306	9.56601e+06	1.93365e+07	-3.91798e+08
9.386e+07	-117764	9.5705e+06	9.55553e+06	-3.92163e+08
9.387e+07	2851	9.57195e+06	-231334	-3.9228e+08
9.388e+07	123464	9.57036e+06	-1.00181e+07	-3.92151e+08
9.389e+07	244001	9.56573e+06	-1.97986e+07	-3.91776e+08
9.39e+07	364386	9.55806e+06	-2.95667e+07	-3.91153e+08
9.391e+07	484544	9.54735e+06	-3.93165e+07	-3.90285e+08
9.392e+07	604401	9.53362e+06	-4.90419e+07	-3.89171e+08
9.393e+07	723882	9.51687e+06	-5.87367e+07	-3.87811e+08
9.394e+07	842912	9.49711e+06	-6.8395e+07	-3.86208e+08
9.395e+07	961418	9.47435e+06	-7.80107e+07	-3.84361e+08
9.396e+07	1.07933e+06	9.44861e+06	-8.75779e+07	-3.82273e+08
9.397e+07	1.19656e+06	9.4199e+06	-9.70905e+07	-3.79943e+08
9.398e+07	1.31305e+06	9.38823e+06	-1.06543e+08	-3.77373e+08
9.399e+07	1.42872e+06	9.35363e+06	-1.15928e+08	-3.74566e+08
9.4e+07	1.5435e+06	9.31612e+06	-1.25242e+08	-3.71522e+08
9.401e+07	1.65732e+06	9.27571e+06	-1.34477e+08	-3.68243e+08
9.402e+07	1.7701e+06	9.23243e+06	-1.43628e+08	-3.64732e+08
9.403e+07	1.88178e+06	9.18631e+06	-1.5269e+08	-3.60989e+08
9.404e+07	1.99228e+06	9.13737e+06	-1.61656e+08	-3.57019e+08
9.405e+07	2.10154e+06	9.08565e+06	-1.70521e+08	-3.52821e+08
9.406e+07	2.20948e+06	9.03117e+06	-1.7928e+08	-3.48401e+08
9.407e+07	2.31603e+06	8.97396e+06	-1.87926e+08	-3.43759e+08
9.408e+07	2.42114e+06	8.91406e+06	-1.96454e+08	-3.38898e+08
9.409e+07	2.52472e+06	8.8515e+06	-2.04859e+08	-3.33823e+08
9.41e+07	2.62672e+06	8.78633e+06	-2.13136e+08	-3.28534e+08
9.411e+07	2.72707e+06	8.71857e+06	-2.21278e+08	-3.23036e+08
9.412e+07	2.82571e+06	8.64828e+06	-2.29281e+08	-3.17333e+08
9.413e+07	2.92256e+06	8.57548e+06	-2.3714e+08	-3.11426e+08
9.414e+07	3.01757e+06	8.50023e+06	-2.4485e+08	-3.0532e+08
9.415e+07	3.11068e+06	8.42257e+06	-2.52405e+08	-2.99019e+08
9.416e+07	3.20183e+06	8.34255e+06	-2.598e+08	-2.92525e+08
9.417e+07	3.29095e+06	8.26021e+06	-2.67032e+08	-2.85844e+08
9.418e+07	3.37799e+06	8.1756e+06	-2.74094e+08	-2.78979e+08
9.419e+07	3.46288e+06	8.08878e+06	-2.80983e+08	-2.71934e+08
9.42e+07	3.54558e+06	7.9998e+06	-2.87693e+08	-2.64714e+08
9.421e+07	3.62603e+06	7.90871e+06	-2.94221e+08	-2.57323e+08
9.422e+07	3.70417e+06	7.81556e+06	-3.00561e+08	-2.49765e+08
9.423e+07	3.77996e+06	7.72042e+06	-3.06711e+08	-2.42045e+08
9.424e+07	3.85333e+06	7.62333e+06	-3.12664e+08	-2.34167e+08
9.425e+07	3.92424e+06	7.52437e+06	-3.18418e+08	-2.26137e+08
9.426e+07	3.99264e+06	7.42359e+06	-3.23968e+08	-2.1796e+08
9.427e+07	4.05849e+06	7.32105e+06	-3.29311e+08	-2.0964e+08
9.428e+07	4.12173e+06	7.21682e+06	-3.34443e+08	-2.01182e+08
9.429e+07	4.18233e+06	7.11096e+06	-3.3936e+08	-1.92593e+08
9.43e+07	4.24024e+06	7.00354e+06	-3.44059e+08	-1.83876e+08
9.431e+07	4.29542e+06	6.89462e+06	-3.48536e+08	-1.75039e+08
9.432e+07	4.34783e+06	6.78427e+06	-3.52788e+08	-1.66085e+08
9.433e+07	4.39743e+06	6.67257e+06	-3.56813e+08	-1.57021e+08
9.434e+07	4.44418e+06	6.55957e+06	-3.60607e+08	-1.47852e+08
9.435e+07	4.48806e+06	6.44536e+06	-3.64167e+08	-1.38585e+08
9.436e+07	4.52902e+06	6.33e+06	-3.67491e+08	-1.29224e+08
9.437e+07	4.56704e+06	6.21356e+06	-3.70576e+08	-1.19777e+08
9.438e+07	4.60209e+06	6.09613e+06	-3.73419e+08	-1.10248e+08
9.439e+07	4.63413e+06	5.97778e+06	-3.76019e+08	-1.00645e+08
9.44e+07	4.66315e+06	5.85858e+06	-3.78374e+08	-9.09725e+07
9.441e+07	4.68912e+06	5.7386e+06	-3.80481e+08	-8.12376e+07
9.442e+07	4.71201e+06	5.61793e+06	-3.82339e+08	-7.14465e+07
9.443e+07	4.73181e+06	5.49665e+06	-3.83946e+08	-6.16054e+07
9.444e+07	4.74851e+06	5.37483e+06	-3.853e+08	-5.17208e+07
9.445e+07	4.76207e+06	5.25255e+06	-3.864e+08	-4.17989e+07
9.446e+07	4.77249e+06	5.1299e+06	-3.87246e+08	-3.18465e+07
9.447e+07	4.77976e+06	5.00694e+06	-3.87836e+08	-2.18699e+07
9.448e+07	4.78386e+06	4.88377e+06	-3.88169e+08	-1.18757e+07
9.449e+07	4.78479e+06	4.76047e+06	-3.88244e+08	-1.87051e+06
9.45e+07	4.78255e+06	4.63711e+06	-3.88062e+08	8.139e+06
9.451e+07	4.77712e+06	4.51378e+06	-3.87621e+08	1.81462e+07
9.452e+07	4.7685e+06	4.39056e+06	-3.86922e+08	2.81444e+07
9.453e+07	4.7567e+06	4.26753e+06	-3.85965e+08	3.8127e+07
9.454e+07	4.74172e+06	4.14478e+06	-3.8475e+08	4.80872e+07
9.455e+07	4.72357e+06	4.02239e+06	-3.83276e+08	5.80183e+07
9.456e+07	4.70224e+06	3.90044e+06	-3.81546e+08	6.79136e+07
9.457e+07	4.67775e+06	3.77901e+06	-3.79559e+08	7.77664e+07
9.458e+07	4.65012e+06	3.65819e+06	-3.77317e+08	8.757e+07
9.459e+07	4.61934e+06	3.53805e+06	-3.74819e+08	9.73176e+07
9.46e+07	4.58545e+06	3.41869e+06	-3.72069e+08	1.07003e+08
9.461e+07	4.54845e+06	3.30019e+06	-3.69067e+08	1.16618e+08
9.462e+07	4.50836e+06	3.18262e+06	-3.65815e+08	1.26158e+08
9.463e+07	4.46522e+06	3.06606e+06	-3.62314e+08	1.35616e+08
9.464e+07	4.41904e+06	2.9506e+06	-3.58567e+08	1.44984e+08
9.465e+07	4.36985e+06	2.83632e+06	-3.54575e+08	1.54257e+08
9.466e+07	4.31767e+06	2.7233e+06	-3.50342e+08	1.63428e+08
9.467e+07	4.26255e+06	2.61162e+06	-3.45869e+08	1.7249e+08
9.468e+07	4.20451e+06	2.50135e+06	-3.41159e+08	1.81437e+08
9.469e+07	4.14358e+06	2.39258e+06	-3.36216e+08	1.90263e+08
9.47e+07	4.07981e+06	2.28537e+06	-3.31041e+08	1.98962e+08
9.471e+07	4.01323e+06	2.17981e+06	-3.25639e+08	2.07527e+08
9.472e+07	3.94389e+06	2.07598e+06	-3.20013e+08	2.15952e+08
9.473e+07	3.87183e+06	1.97394e+06	-3.14166e+08	2.24232e+08
9.474e+07	3.7971e+06	1.87377e+06	-3.08102e+08	2.3236e+08
9.475e+07	3.71974e+06	1.77554e+06	-3.01825e+08	2.40331e+08
9.476e+07	3.6398e+06	1.67932e+06	-2.95338e+08	2.48138e+08
9.477e+07	3.55734e+06	1.58518e+06	-2.88647e+08	2.55777e+08
9.478e+07	3.47241e+06	1.49319e+06	-2.81756e+08	2.63241e+08
9.479e+07	3.38506e+06	1.40342e+06	-2.74668e+08	2.70525e+08
9.48e+07	3.29536e+06	1.31593e+06	-2.6739e+08	2.77624e+08
9.481e+07	3.20336e+06	1.23078e+06	-2.59924e+08	2.84533e+08
9.482e+07	3.10912e+06	1.14804e+06	-2.52278e+08	2.91246e+08
9.483e+07	3.01271e+06	1.06777e+06	-2.44455e+08	2.9776e+08
9.484e+07	2.91419e+06	990026	-2.36461e+08	3.04068e+08
9.485e+07	2.81363e+06	914866	-2.28302e+08	3.10167e+08
9.486e+07	2.7111e+06	842346	-2.19982e+08	3.16051e+08
9.487e+07	2.60667e+06	772520	-2.11508e+08	3.21717e+08
9.488e+07	2.5004e+06	705438	-2.02886e+08	3.2716e+08
9.489e+07	2.39238e+06	641151	-1.94121e+08	3.32376e+08
9.49e+07	2.28267e+06	579707	-1.85219e+08	3.37362e+08
9.491e+07	2.17135e+06	521151	-1.76187e+08	3.42113e+08
9.492e+07	2.05851e+06	465527	-1.6703e+08	3.46627e+08
9.493e+07	1.94421e+06	412877	-1.57756e+08	3.50899e+08
9.494e+07	1.82854e+06	363239	-1.4837e+08	3.54926e+08
9.495e+07	1.71157e+06	316652	-1.38879e+08	3.58706e+08
9.496e+07	1.5934e+06	273150	-1.2929e+08	3.62236e+08
9.497e+07	1.4741e+06	232766	-1.1961e+08	3.65513e+08
9.498e+07	1.35375e+06	195531	-1.09845e+08	3.68534e+08
9.499e+07	1.23245e+06	161471	-1.00002e+08	3.71298e+08
9.5e+07	1.11027e+06	130614	-9.00888e+07	3.73802e+08
9.501e+07	987305	102981	-8.01112e+07	3.76044e+08
9.502e+07	863640	78595.3	-7.00769e+07	3.78023e+08
9.503e+07	739363	57473.8	-5.99928e+07	3.79736e+08
9.504e+07	614560	39632.8	-4.98662e+07	3.81184e+08
9.505e+07	489321	25085.9	-3.97042e+07	3.82364e+08
9.506e+07	363735	13844	-2.95139e+07	3.83277e+08
9.507e+07	237891	5915.7	-1.93028e+07	3.8392e+08
9.508e+07	111877	1306.97	-9.07785e+06	3.84294e+08
9.509e+07	-14215.9	21.3107	1.15349e+06	3.84398e+08
9.51e+07	-140299	2059.7	1.1384e+07	3.84233e+08
9.511e+07	-266282	7420.61	2.16065e+07	3.83798e+08
9.512e+07	-392076	16100	3.18136e+07	3.83094e+08
9.513e+07	-517592	28091.2	4.19981e+07	3.82121e+08
9.514e+07	-642740	43385.3	5.21527e+07	3.8088e+08
9.515e+07	-767432	61970.5	6.22704e+07	3.79372e+08
9.516e+07	-891579	83833	7.23439e+07	3.77598e+08
9.517e+07	-1.01509e+06	108956	8.2366e+07	3.75559e+08
9.518e+07	-1.13789e+06	137321	9.23298e+07	3.73258e+08
9.519e+07	-1.25988e+06	168906	1.02228e+08	3.70695e+08
9.52e+07	-1.38097e+06	203688	1.12054e+08	3.67873e+08
9.521e+07	-1.50109e+06	241639	1.218e+08	3.64793e+08
9.522e+07	-1.62014e+06	282733	1.31461e+08	3.61459e+08
9.523e+07	-1.73805e+06	326937	1.41028e+08	3.57872e+08
9.524e+07	-1.85473e+06	374219	1.50495e+08	3.54035e+08
9.525e+07	-1.9701e+06	424542	1.59857e+08	3.49952e+08
9.526e+07	-2.08408e+06	477870	1.69105e+08	3.45625e+08
9.527e+07	-2.19659e+06	534163	1.78234e+08	3.41057e+08
9.528e+07	-2.30755e+06	593378	1.87237e+08	3.36253e+08
9.529e+07	-2.41688e+06	655472	1.96109e+08	3.31214e+08
9.53e+07	-2.52451e+06	720397	2.04842e+08	3.25946e+08
9.531e+07	-2.63037e+06	788106	2.13432e+08	3.20452e+08
9.532e+07	-2.73438e+06	858549	2.21871e+08	3.14736e+08
9.533e+07	-2.83647e+06	931673	2.30155e+08	3.08803e+08
9.534e+07	-2.93658e+06	1.00742e+06	2.38278e+08	3.02656e+08
9.535e+07	-3.03463e+06	1.08575e+06	2.46233e+08	2.96301e+08
9.536e+07	-3.13055e+06	1.16659e+06	2.54017e+08	2.89742e+08
9.537e+07	-3.22429e+06	1.24988e+06	2.61623e+08	2.82983e+08
9.538e+07	-3.31578e+06	1.33556e+06	2.69046e+08	2.76031e+08
9.539e+07	-3.40495e+06	1.42358e+06	2.76282e+08	2.68889e+08
9.54e+07	-3.49176e+06	1.51386e+06	2.83326e+08	2.61563e+08
9.541e+07	-3.57614e+06	1.60634e+06	2.90172e+08	2.54059e+08
9.542e+07	-3.65803e+06	1.70096e+06	2.96817e+08	2.46382e+08
9.543e+07	-3.73739e+06	1.79765e+06	3.03257e+08	2.38537e+08
9.544e+07	-3.81416e+06	1.89632e+06	3.09486e+08	2.3053e+08
9.545e+07	-3.88829e+06	1.99693e+06	3.15501e+08	2.22367e+08
9.546e+07	-3.95974e+06	2.09939e+06	3.21299e+08	2.14053e+08
9.547e+07	-4.02846e+06	2.20362e+06	3.26875e+08	2.05595e+08
9.548e+07	-4.0944e+06	2.30956e+06	3.32225e+08	1.96999e+08
9.549e+07	-4.15753e+06	2.41713e+06	3.37348e+08	1.88271e+08
9.55e+07	-4.21781e+06	2.52626e+06	3.42239e+08	1.79416e+08
9.551e+07	-4.27519e+06	2.63685e+06	3.46895e+08	1.70442e+08
9.552e+07	-4.32965e+06	2.74885e+06	3.51314e+08	1.61355e+08
9.553e+07	-4.38115e+06	2.86217e+06	3.55492e+08	1.5216e+08
9.554e+07	-4.42967e+06	2.97673e+06	3.59429e+08	1.42865e+08
9.555e+07	-4.47516e+06	3.09244e+06	3.6312e+08	1.33475e+08
9.556e+07	-4.51761e+06	3.20924e+06	3.66565e+08	1.23998e+08
9.557e+07	-4.557e+06	3.32703e+06	3.69761e+08	1.1444e+08
9.558e+07	-4.59329e+06	3.44574e+06	3.72706e+08	1.04808e+08
9.559e+07	-4.62648e+06	3.56529e+06	3.75399e+08	9.51078e+07
9.56e+07	-4.65655e+06	3.68559e+06	3.77838e+08	8.53466e+07
9.561e+07	-4.68347e+06	3.80656e+06	3.80023e+08	7.5531e+07
9.562e+07	-4.70724e+06	3.92811e+06	3.81952e+08	6.56677e+07
9.563e+07	-4.72785e+06	4.05018e+06	3.83624e+08	5.57634e+07
9.564e+07	-4.74528e+06	4.17266e+06	3.85038e+08	4.58248e+07
9.565e+07	-4.75954e+06	4.29549e+06	3.86195e+08	3.58587e+07
9.566e+07	-4.77061e+06	4.41857e+06	3.87094e+08	2.58717e+07
9.567e+07	-4.7785e+06	4.54182e+06	3.87734e+08	1.58706e+07
9.568e+07	-4.78321e+06	4.66517e+06	3.88116e+08	5.86197e+06
9.569e+07	-4.78473e+06	4.78853e+06	3.88239e+08	-4.1474e+06
9.57e+07	-4.78308e+06	4.91181e+06	3.88105e+08	-1.41509e+07
9.571e+07	-4.77825e+06	5.03494e+06	3.87714e+08	-2.4142e+07
9.572e+07	-4.77027e+06	5.15784e+06	3.87066e+08	-3.41139e+07
9.573e+07	-4.75913e+06	5.28042e+06	3.86162e+08	-4.40603e+07
9.574e+07	-4.74485e+06	5.40261e+06	3.85003e+08	-5.39744e+07
9.575e+07	-4.72745e+06	5.52431e+06	3.83591e+08	-6.385e+07
9.576e+07	-4.70694e+06	5.64547e+06	3.81927e+08	-7.36805e+07
9.577e+07	-4.68334e+06	5.76599e+06	3.80013e+08	-8.34597e+07
9.578e+07	-4.65668e+06	5.88579e+06	3.77849e+08	-9.3181e+07
9.579e+07	-4.62697e+06	6.00481e+06	3.75438e+08	-1.02838e+08
9.58e+07	-4.59424e+06	6.12297e+06	3.72782e+08	-1.12426e+08
9.581e+07	-4.55851e+06	6.24018e+06	3.69883e+08	-1.21936e+08
9.582e+07	-4.51982e+06	6.35638e+06	3.66744e+08	-1.31365e+08
9.583e+07	-4.47818e+06	6.47149e+06	3.63366e+08	-1.40705e+08
9.584e+07	-4.43365e+06	6.58543e+06	3.59752e+08	-1.49951e+08
9.585e+07	-4.38624e+06	6.69814e+06	3.55905e+08	-1.59096e+08
9.586e+07	-4.336e+06	6.80955e+06	3.51828e+08	-1.68136e+08
9.587e+07	-4.28295e+06	6.91958e+06	3.47524e+08	-1.77064e+08
9.588e+07	-4.22715e+06	7.02817e+06	3.42996e+08	-1.85875e+08
9.589e+07	-4.16862e+06	7.13524e+06	3.38247e+08	-1.94563e+08
9.59e+07	-4.10741e+06	7.24074e+06	3.33281e+08	-2.03123e+08
9.591e+07	-4.04357e+06	7.34459e+06	3.281e+08	-2.1155e+08
9.592e+07	-3.97713e+06	7.44674e+06	3.2271e+08	-2.19838e+08
9.593e+07	-3.90815e+06	7.54711e+06	3.17113e+08	-2.27982e+08
9.594e+07	-3.83667e+06	7.64565e+06	3.11313e+08	-2.35978e+08
9.595e+07	-3.76274e+06	7.7423e+06	3.05314e+08	-2.4382e+08
9.596e+07	-3.68642e+06	7.83699e+06	2.99121e+08	-2.51504e+08
9.597e+07	-3.60774e+06	7.92968e+06	2.92737e+08	-2.59024e+08
9.598e+07	-3.52678e+06	8.02029e+06	2.86167e+08	-2.66377e+08
9.599e+07	-3.44357e+06	8.10879e+06	2.79416e+08	-2.73558e+08
9.6e+07	-3.35817e+06	8.19511e+06	2.72487e+08	-2.80562e+08
9.601e+07	-3.27066e+06	8.27921e+06	2.65385e+08	-2.87386e+08
9.602e+07	-3.18107e+06	8.36102e+06	2.58116e+08	-2.94024e+08
9.603e+07	-3.08947e+06	8.44051e+06	2.50683e+08	-3.00474e+08
9.604e+07	-2.99591e+06	8.51763e+06	2.43092e+08	-3.06731e+08
9.605e+07	-2.90047e+06	8.59232e+06	2.35348e+08	-3.12792e+08
9.606e+07	-2.8032e+06	8.66455e+06	2.27456e+08	-3.18653e+08
9.607e+07	-2.70417e+06	8.73427e+06	2.1942e+08	-3.2431e+08
9.608e+07	-2.60344e+06	8.80144e+06	2.11246e+08	-3.29761e+08
9.609e+07	-2.50107e+06	8.86602e+06	2.0294e+08	-3.35001e+08
9.61e+07	-2.39713e+06	8.92798e+06	1.94506e+08	-3.40028e+08
9.611e+07	-2.29169e+06	8.98727e+06	1.8595e+08	-3.44838e+08
9.612e+07	-2.18481e+06	9.04385e+06	1.77278e+08	-3.4943e+08
9.613e+07	-2.07656e+06	9.09771e+06	1.68495e+08	-3.538e+08
9.614e+07	-1.96701e+06	9.1488e+06	1.59606e+08	-3.57946e+08
9.615e+07	-1.85623e+06	9.1971e+06	1.50617e+08	-3.61865e+08
9.616e+07	-1.7443e+06	9.24257e+06	1.41535e+08	-3.65554e+08
9.617e+07	-1.63127e+06	9.2852e+06	1.32363e+08	-3.69013e+08
9.618e+07	-1.51723e+06	9.32495e+06	1.2311e+08	-3.72238e+08
9.619e+07	-1.40223e+06	9.3618e+06	1.13779e+08	-3.75228e+08
9.62e+07	-1.28637e+06	9.39573e+06	1.04378e+08	-3.77982e+08
9.621e+07	-1.1697e+06	9.42672e+06	9.49111e+07	-3.80496e+08
9.622e+07	-1.05231e+06	9.45476e+06	8.53854e+07	-3.82771e+08
9.623e+07	-934254	9.47982e+06	7.58066e+07	-3.84805e+08
9.624e+07	-815621	9.50189e+06	6.61805e+07	-3.86596e+08
9.625e+07	-696480	9.52097e+06	5.65133e+07	-3.88144e+08
9.626e+07	-576907	9.53703e+06	4.6811e+07	-3.89447e+08
9.627e+07	-456974	9.55007e+06	3.70795e+07	-3.90505e+08
9.628e+07	-336757	9.56008e+06	2.73249e+07	-3.91317e+08
9.629e+07	-216331	9.56705e+06	1.75534e+07	-3.91883e+08
9.63e+07	-95769.9	9.57099e+06	7.77089e+06	-3.92203e+08
9.631e+07	24850.5	9.57189e+06	-2.0164e+06	-3.92275e+08
9.632e+07	145455	9.56974e+06	-1.18024e+07	-3.92101e+08
9.633e+07	265970	9.56455e+06	-2.15811e+07	-3.9168e+08
9.634e+07	386319	9.55633e+06	-3.13464e+07	-3.91013e+08
9.635e+07	506428	9.54507e+06	-4.10922e+07	-3.901e+08
9.636e+07	626222	9.53079e+06	-5.08125e+07	-3.88941e+08
9.637e+07	745626	9.51349e+06	-6.05011e+07	-3.87537e+08
9.638e+07	864566	9.49319e+06	-7.01521e+07	-3.85889e+08
9.639e+07	982969	9.46988e+06	-7.97594e+07	-3.83999e+08
9.64e+07	1.10076e+06	9.4436e+06	-8.9317e+07	-3.81866e+08
9.641e+07	1.21786e+06	9.41434e+06	-9.8819e+07	-3.79492e+08
9.642e+07	1.33421e+06	9.38214e+06	-1.0826e+08	-3.76879e+08
9.643e+07	1.44972e+06	9.34701e+06	-1.17632e+08	-3.74028e+08
9.644e+07	1.56433e+06	9.30896e+06	-1.26932e+08	-3.70941e+08
9.645e+07	1.67797e+06	9.26803e+06	-1.36153e+08	-3.6762e+08
9.646e+07	1.79055e+06	9.22423e+06	-1.45288e+08	-3.64066e+08
9.647e+07	1.90202e+06	9.1776e+06	-1.54333e+08	-3.60282e+08
9.648e+07	2.0123e+06	9.12815e+06	-1.63281e+08	-3.5627e+08
9.649e+07	2.12132e+06	9.07592e+06	-1.72127e+08	-3.52032e+08
9.65e+07	2.22901e+06	9.02094e+06	-1.80865e+08	-3.47571e+08
9.651e+07	2.33531e+06	8.96323e+06	-1.8949e+08	-3.42889e+08
9.652e+07	2.44014e+06	8.90285e+06	-1.97996e+08	-3.37989e+08
9.653e+07	2.54344e+06	8.83981e+06	-2.06378e+08	-3.32874e+08
9.654e+07	2.64515e+06	8.77416e+06	-2.14631e+08	-3.27547e+08
9.655e+07	2.74519e+06	8.70594e+06	-2.22748e+08	-3.22011e+08
9.656e+07	2.8435e+06	8.63519e+06	-2.30726e+08	-3.1627e+08
9.657e+07	2.94003e+06	8.56194e+06	-2.38558e+08	-3.10327e+08
9.658e+07	3.0347e+06	8.48625e+06	-2.46239e+08	-3.04185e+08
9.659e+07	3.12745e+06	8.40815e+06	-2.53766e+08	-2.97849e+08
9.66e+07	3.21823e+06	8.3277e+06	-2.61132e+08	-2.91321e+08
9.661e+07	3.30698e+06	8.24495e+06	-2.68333e+08	-2.84606e+08
9.662e+07	3.39363e+06	8.15993e+06	-2.75364e+08	-2.77708e+08
9.663e+07	3.47813e+06	8.07271e+06	-2.8222e+08	-2.70631e+08
9.664e+07	3.56042e+06	7.98334e+06	-2.88897e+08	-2.63379e+08
9.665e+07	3.64046e+06	7.89187e+06	-2.95391e+08	-2.55957e+08
9.666e+07	3.71817e+06	7.79835e+06	-3.01697e+08	-2.48369e+08
9.667e+07	3.79352e+06	7.70285e+06	-3.07811e+08	-2.4062e+08
9.668e+07	3.86645e+06	7.60542e+06	-3.13728e+08	-2.32714e+08
9.669e+07	3.9369e+06	7.50613e+06	-3.19445e+08	-2.24657e+08
9.67e+07	4.00484e+06	7.40502e+06	-3.24958e+08	-2.16453e+08
9.671e+07	4.07022e+06	7.30217e+06	-3.30263e+08	-2.08108e+08
9.672e+07	4.13298e+06	7.19764e+06	-3.35356e+08	-1.99626e+08
9.673e+07	4.1931e+06	7.09149e+06	-3.40233e+08	-1.91013e+08
9.674e+07	4.25051e+06	6.98379e+06	-3.44892e+08	-1.82274e+08
9.675e+07	4.30519e+06	6.8746e+06	-3.49328e+08	-1.73414e+08
9.676e+07	4.35708e+06	6.764e+06	-3.53539e+08	-1.6444e+08
9.677e+07	4.40617e+06	6.65205e+06	-3.57522e+08	-1.55356e+08
9.678e+07	4.4524e+06	6.53883e+06	-3.61274e+08	-1.46169e+08
9.679e+07	4.49575e+06	6.4244e+06	-3.64791e+08	-1.36884e+08
9.68e+07	4.53618e+06	6.30884e+06	-3.68071e+08	-1.27507e+08
9.681e+07	4.57365e+06	6.19222e+06	-3.71112e+08	-1.18045e+08
9.682e+07	4.60816e+06	6.07461e+06	-3.73912e+08	-1.08502e+08
9.683e+07	4.63965e+06	5.9561e+06	-3.76467e+08	-9.88856e+07
9.684e+07	4.66811e+06	5.83675e+06	-3.78777e+08	-8.92015e+07
9.685e+07	4.69352e+06	5.71664e+06	-3.80839e+08	-7.9456e+07
9.686e+07	4.71586e+06	5.59586e+06	-3.82651e+08	-6.96553e+07
9.687e+07	4.73509e+06	5.47447e+06	-3.84211e+08	-5.98057e+07
9.688e+07	4.75121e+06	5.35256e+06	-3.8552e+08	-4.99138e+07
9.689e+07	4.7642e+06	5.23021e+06	-3.86574e+08	-3.99859e+07
9.69e+07	4.77405e+06	5.10749e+06	-3.87373e+08	-3.00286e+07
9.691e+07	4.78074e+06	4.98449e+06	-3.87916e+08	-2.00483e+07
9.692e+07	4.78427e+06	4.86129e+06	-3.88202e+08	-1.00516e+07
9.693e+07	4.78462e+06	4.73797e+06	-3.8823e+08	-45126
9.694e+07	4.78179e+06	4.61461e+06	-3.88001e+08	9.96446e+06
9.695e+07	4.77578e+06	4.49129e+06	-3.87513e+08	1.99705e+07
9.696e+07	4.76659e+06	4.3681e+06	-3.86767e+08	2.99664e+07
9.697e+07	4.75421e+06	4.24512e+06	-3.85763e+08	3.99454e+07
9.698e+07	4.73865e+06	4.12243e+06	-3.845e+08	4.99008e+07
9.699e+07	4.71992e+06	4.00011e+06	-3.8298e+08	5.98258e+07
9.7e+07	4.69801e+06	3.87825e+06	-3.81203e+08	6.97139e+07
9.701e+07	4.67295e+06	3.75692e+06	-3.79169e+08	7.95582e+07
9.702e+07	4.64474e+06	3.63622e+06	-3.7688e+08	8.93521e+07
9.703e+07	4.61339e+06	3.51623e+06	-3.74337e+08	9.90888e+07
9.704e+07	4.57893e+06	3.39702e+06	-3.7154e+08	1.08762e+08
9.705e+07	4.54137e+06	3.27867e+06	-3.68492e+08	1.18364e+08
9.706e+07	4.50072e+06	3.16128e+06	-3.65195e+08	1.2789e+08
9.707e+07	4.45702e+06	3.04492e+06	-3.61649e+08	1.37331e+08
9.708e+07	4.41029e+06	2.92967e+06	-3.57857e+08	1.46683e+08
9.709e+07	4.36055e+06	2.81562e+06	-3.53821e+08	1.55937e+08
9.71e+07	4.30784e+06	2.70283e+06	-3.49544e+08	1.65089e+08
9.711e+07	4.25218e+06	2.5914e+06	-3.45027e+08	1.7413e+08
9.712e+07	4.19361e+06	2.4814e+06	-3.40275e+08	1.83056e+08
9.713e+07	4.13216e+06	2.3729e+06	-3.35289e+08	1.91859e+08
9.714e+07	4.06788e+06	2.26599e+06	-3.30073e+08	2.00534e+08
9.715e+07	4.00079e+06	2.16075e+06	-3.2463e+08	2.09074e+08
9.716e+07	3.93095e+06	2.05723e+06	-3.18963e+08	2.17474e+08
9.717e+07	3.8584e+06	1.95553e+06	-3.13076e+08	2.25726e+08
9.718e+07	3.78319e+06	1.8557e+06	-3.06973e+08	2.33826e+08
9.719e+07	3.70535e+06	1.75783e+06	-3.00657e+08	2.41767e+08
9.72e+07	3.62495e+06	1.66199e+06	-2.94133e+08	2.49544e+08
9.721e+07	3.54203e+06	1.56824e+06	-2.87405e+08	2.57151e+08
9.722e+07	3.45666e+06	1.47665e+06	-2.80478e+08	2.64583e+08
9.723e+07	3.36888e+06	1.38729e+06	-2.73355e+08	2.71834e+08
9.724e+07	3.27875e+06	1.30022e+06	-2.66042e+08	2.78898e+08
9.725e+07	3.18633e+06	1.21551e+06	-2.58543e+08	2.85772e+08
9.726e+07	3.0917e+06	1.13322e+06	-2.50864e+08	2.92449e+08
9.727e+07	2.9949e+06	1.0534e+06	-2.4301e+08	2.98926e+08
9.728e+07	2.896e+06	976124	-2.34985e+08	3.05196e+08
9.729e+07	2.79508e+06	901442	-2.26796e+08	3.11256e+08
9.73e+07	2.69219e+06	829409	-2.18448e+08	3.17101e+08
9.731e+07	2.58742e+06	760079	-2.09947e+08	3.22726e+08
9.732e+07	2.48083e+06	693504	-2.01298e+08	3.28128e+08
9.733e+07	2.37249e+06	629732	-1.92507e+08	3.33303e+08
9.734e+07	2.26249e+06	568811	-1.83581e+08	3.38246e+08
9.735e+07	2.15089e+06	510786	-1.74526e+08	3.42954e+08
9.736e+07	2.03777e+06	455702	-1.65347e+08	3.47424e+08
9.737e+07	1.92321e+06	403598	-1.56052e+08	3.51652e+08
9.738e+07	1.8073e+06	354514	-1.46647e+08	3.55634e+08
9.739e+07	1.69011e+06	308487	-1.37138e+08	3.59369e+08
9.74e+07	1.57172e+06	265552	-1.27532e+08	3.62853e+08
9.741e+07	1.45222e+06	225740	-1.17835e+08	3.66083e+08
9.742e+07	1.3317e+06	189081	-1.08056e+08	3.69058e+08
9.743e+07	1.21023e+06	155604	-9.81995e+07	3.71774e+08
9.744e+07	1.0879e+06	125333	-8.82736e+07	3.7423e+08
9.745e+07	964801	98291.3	-7.82852e+07	3.76425e+08
9.746e+07	841018	74499.3	-6.82413e+07	3.78355e+08
9.747e+07	716638	53975	-5.81489e+07	3.8002e+08
9.748e+07	591749	36733.8	-4.80153e+07	3.81419e+08
9.749e+07	466440	22788.9	-3.78476e+07	3.82551e+08
9.75e+07	340801	12150.8	-2.7653e+07	3.83414e+08
9.751e+07	214918	4827.53	-1.74388e+07	3.84008e+08
9.752e+07	88883.8	824.67	-7.21215e+06	3.84333e+08
9.753e+07	-37214	145.245	3.01959e+06	3.84388e+08
9.754e+07	-163285	2789.78	1.32492e+07	3.84174e+08
9.755e+07	-289241	8756.27	2.34694e+07	3.8369e+08
9.756e+07	-414991	18040.2	3.36729e+07	3.82936e+08
9.757e+07	-540446	30634.6	4.38525e+07	3.81914e+08
9.758e+07	-665517	46529.8	5.4001e+07	3.80625e+08
9.759e+07	-790117	65713.9	6.41111e+07	3.79068e+08
9.76e+07	-914155	88172.3	7.41757e+07	3.77246e+08
9.761e+07	-1.03754e+06	113888	8.41878e+07	3.75159e+08
9.762e+07	-1.1602e+06	142842	9.41401e+07	3.7281e+08
9.763e+07	-1.28203e+06	175012	1.04026e+08	3.70199e+08
9.764e+07	-1.40295e+06	210374	1.13838e+08	3.6733e+08
9.765e+07	-1.52288e+06	248900	1.23569e+08	3.64204e+08
9.766e+07	-1.64174e+06	290564	1.33213e+08	3.60823e+08
9.767e+07	-1.75943e+06	335331	1.42762e+08	3.57191e+08
9.768e+07	-1.87587e+06	383171	1.52211e+08	3.53309e+08
9.769e+07	-1.99099e+06	434045	1.61552e+08	3.49181e+08
9.77e+07	-2.10471e+06	487917	1.70779e+08	3.4481e+08
9.771e+07	-2.21694e+06	544746	1.79886e+08	3.40199e+08
9.772e+07	-2.32761e+06	604489	1.88865e+08	3.35351e+08
9.773e+07	-2.43664e+06	667103	1.97712e+08	3.3027e+08
9.774e+07	-2.54395e+06	732540	2.0642e+08	3.24961e+08
9.775e+07	-2.64948e+06	800751	2.14982e+08	3.19426e+08
9.776e+07	-2.75315e+06	871687	2.23394e+08	3.1367e+08
9.777e+07	-2.85488e+06	945294	2.31649e+08	3.07698e+08
9.778e+07	-2.95462e+06	1.02152e+06	2.39741e+08	3.01513e+08
9.779e+07	-3.05228e+06	1.10031e+06	2.47666e+08	2.9512e+08
9.78e+07	-3.14781e+06	1.18159e+06	2.55417e+08	2.88524e+08
9.781e+07	-3.24114e+06	1.26533e+06	2.62991e+08	2.8173e+08
9.782e+07	-3.33221e+06	1.35144e+06	2.7038e+08	2.74742e+08
9.783e+07	-3.42096e+06	1.43988e+06	2.77581e+08	2.67567e+08
9.784e+07	-3.50733e+06	1.53057e+06	2.84589e+08	2.60208e+08
9.785e+07	-3.59126e+06	1.62344e+06	2.91399e+08	2.52672e+08
9.786e+07	-3.67269e+06	1.71844e+06	2.98007e+08	2.44963e+08
9.787e+07	-3.75159e+06	1.8155e+06	3.04409e+08	2.37088e+08
9.788e+07	-3.82788e+06	1.91453e+06	3.10599e+08	2.29052e+08
9.789e+07	-3.90153e+06	2.01548e+06	3.16575e+08	2.20861e+08
9.79e+07	-3.97248e+06	2.11826e+06	3.22332e+08	2.12521e+08
9.791e+07	-4.04069e+06	2.22282e+06	3.27867e+08	2.04038e+08
9.792e+07	-4.10613e+06	2.32906e+06	3.33177e+08	1.95417e+08
9.793e+07	-4.16874e+06	2.43692e+06	3.38257e+08	1.86665e+08
9.794e+07	-4.22849e+06	2.54632e+06	3.43105e+08	1.77788e+08
9.795e+07	-4.28534e+06	2.65718e+06	3.47718e+08	1.68793e+08
9.796e+07	-4.33927e+06	2.76942e+06	3.52094e+08	1.59685e+08
9.797e+07	-4.39022e+06	2.88297e+06	3.56229e+08	1.50472e+08
9.798e+07	-4.43819e+06	2.99775e+06	3.6012e+08	1.41159e+08
9.799e+07	-4.48313e+06	3.11366e+06	3.63767e+08	1.31753e+08
9.8e+07	-4.52502e+06	3.23065e+06	3.67166e+08	1.22261e+08
9.801e+07	-4.56385e+06	3.34862e+06	3.70317e+08	1.12689e+08
9.802e+07	-4.59958e+06	3.46749e+06	3.73216e+08	1.03044e+08
9.803e+07	-4.6322e+06	3.58718e+06	3.75863e+08	9.33319e+07
9.804e+07	-4.66169e+06	3.7076e+06	3.78256e+08	8.35603e+07
9.805e+07	-4.68804e+06	3.82869e+06	3.80394e+08	7.37355e+07
9.806e+07	-4.71123e+06	3.95034e+06	3.82276e+08	6.38642e+07
9.807e+07	-4.73126e+06	4.07249e+06	3.83901e+08	5.39532e+07
9.808e+07	-4.74812e+06	4.19504e+06	3.85269e+08	4.40091e+07
9.809e+07	-4.76179e+06	4.31792e+06	3.86378e+08	3.40386e+07
9.81e+07	-4.77229e+06	4.44104e+06	3.8723e+08	2.40486e+07
9.811e+07	-4.7796e+06	4.56431e+06	3.87823e+08	1.40456e+07
9.812e+07	-4.78372e+06	4.68767e+06	3.88157e+08	4.03635e+06
9.813e+07	-4.78467e+06	4.81102e+06	3.88234e+08	-5.97245e+06
9.814e+07	-4.78243e+06	4.93428e+06	3.88053e+08	-1.59742e+07
9.815e+07	-4.77703e+06	5.05738e+06	3.87615e+08	-2.59622e+07
9.816e+07	-4.76847e+06	5.18022e+06	3.8692e+08	-3.593e+07
9.817e+07	-4.75676e+06	5.30274e+06	3.8597e+08	-4.5871e+07
9.818e+07	-4.74191e+06	5.42484e+06	3.84765e+08	-5.57786e+07
9.819e+07	-4.72394e+06	5.54645e+06	3.83307e+08	-6.56464e+07
9.82e+07	-4.70287e+06	5.6675e+06	3.81597e+08	-7.54681e+07
9.821e+07	-4.67871e+06	5.78789e+06	3.79637e+08	-8.52371e+07
9.822e+07	-4.65149e+06	5.90756e+06	3.77428e+08	-9.49473e+07
9.823e+07	-4.62122e+06	6.02643e+06	3.74972e+08	-1.04592e+08
9.824e+07	-4.58794e+06	6.14442e+06	3.72272e+08	-1.14166e+08
9.825e+07	-4.55167e+06	6.26145e+06	3.69329e+08	-1.23662e+08
9.826e+07	-4.51244e+06	6.37745e+06	3.66145e+08	-1.33075e+08
9.827e+07	-4.47028e+06	6.49236e+06	3.62724e+08	-1.42398e+08
9.828e+07	-4.42522e+06	6.60608e+06	3.59068e+08	-1.51626e+08
9.829e+07	-4.37729e+06	6.71856e+06	3.55179e+08	-1.60753e+08
9.83e+07	-4.32653e+06	6.82972e+06	3.5106e+08	-1.69773e+08
9.831e+07	-4.27298e+06	6.93949e+06	3.46715e+08	-1.7868e+08
9.832e+07	-4.21667e+06	7.04781e+06	3.42146e+08	-1.87469e+08
9.833e+07	-4.15766e+06	7.1546e+06	3.37358e+08	-1.96134e+08
9.834e+07	-4.09596e+06	7.2598e+06	3.32352e+08	-2.0467e+08
9.835e+07	-4.03164e+06	7.36335e+06	3.27133e+08	-2.13072e+08
9.836e+07	-3.96474e+06	7.46518e+06	3.21704e+08	-2.21334e+08
9.837e+07	-3.8953e+06	7.56522e+06	3.1607e+08	-2.29452e+08
9.838e+07	-3.82337e+06	7.66342e+06	3.10233e+08	-2.3742e+08
9.839e+07	-3.749e+06	7.75971e+06	3.04199e+08	-2.45233e+08
9.84e+07	-3.67224e+06	7.85405e+06	2.97971e+08	-2.52888e+08
9.841e+07	-3.59315e+06	7.94636e+06	2.91553e+08	-2.60378e+08
9.842e+07	-3.51177e+06	8.03659e+06	2.84949e+08	-2.677e+08
9.843e+07	-3.42815e+06	8.1247e+06	2.78165e+08	-2.74849e+08
9.844e+07	-3.34237e+06	8.21062e+06	2.71204e+08	-2.8182e+08
9.845e+07	-3.25447e+06	8.2943e+06	2.64072e+08	-2.8861e+08
9.846e+07	-3.16451e+06	8.3757e+06	2.56772e+08	-2.95215e+08
9.847e+07	-3.07255e+06	8.45476e+06	2.4931e+08	-3.0163e+08
9.848e+07	-2.97865e+06	8.53143e+06	2.41691e+08	-3.07852e+08
9.849e+07	-2.88287e+06	8.60568e+06	2.3392e+08	-3.13876e+08
9.85e+07	-2.78527e+06	8.67746e+06	2.26001e+08	-3.197e+08
9.851e+07	-2.68592e+06	8.74671e+06	2.17939e+08	-3.2532e+08
9.852e+07	-2.58489e+06	8.81342e+06	2.09741e+08	-3.30732e+08
9.853e+07	-2.48223e+06	8.87752e+06	2.01411e+08	-3.35934e+08
9.854e+07	-2.37801e+06	8.93899e+06	1.92955e+08	-3.40921e+08
9.855e+07	-2.2723e+06	8.99779e+06	1.84377e+08	-3.45692e+08
9.856e+07	-2.16516e+06	9.05388e+06	1.75684e+08	-3.50244e+08
9.857e+07	-2.05667e+06	9.10724e+06	1.66881e+08	-3.54573e+08
9.858e+07	-1.9469e+06	9.15782e+06	1.57974e+08	-3.58677e+08
9.859e+07	-1.8359e+06	9.2056e+06	1.48968e+08	-3.62555e+08
9.86e+07	-1.72376e+06	9.25056e+06	1.39868e+08	-3.66202e+08
9.861e+07	-1.61054e+06	9.29266e+06	1.30682e+08	-3.69619e+08
9.862e+07	-1.49632e+06	9.33188e+06	1.21414e+08	-3.72801e+08
9.863e+07	-1.38117e+06	9.3682e+06	1.1207e+08	-3.75748e+08
9.864e+07	-1.26515e+06	9.4016e+06	1.02656e+08	-3.78458e+08
9.865e+07	-1.14834e+06	9.43206e+06	9.3178e+07	-3.80929e+08
9.866e+07	-1.03082e+06	9.45955e+06	8.36422e+07	-3.8316e+08
9.867e+07	-912659	9.48407e+06	7.40543e+07	-3.8515e+08
9.868e+07	-793928	9.5056e+06	6.44204e+07	-3.86896e+08
9.869e+07	-674703	9.52412e+06	5.47463e+07	-3.884e+08
9.87e+07	-555058	9.53963e+06	4.50381e+07	-3.89658e+08
9.871e+07	-435068	9.55212e+06	3.5302e+07	-3.90671e+08
9.872e+07	-314807	9.56158e+06	2.55439e+07	-3.91439e+08
9.873e+07	-194351	9.568e+06	1.57699e+07	-3.9196e+08
9.874e+07	-73773.6	9.57138e+06	5.98609e+06	-3.92234e+08
9.875e+07	46849.5	9.57172e+06	-3.80143e+06	-3.92262e+08
9.876e+07	167444	9.56902e+06	-1.35866e+07	-3.92043e+08
9.877e+07	287933	9.56328e+06	-2.33633e+07	-3.91577e+08
9.878e+07	408244	9.5545e+06	-3.31255e+07	-3.90865e+08
9.879e+07	528301	9.5427e+06	-4.28671e+07	-3.89907e+08
9.88e+07	648030	9.52786e+06	-5.2582e+07	-3.88703e+08
9.881e+07	767355	9.51001e+06	-6.22642e+07	-3.87255e+08
9.882e+07	886203	9.48916e+06	-7.19076e+07	-3.85563e+08
9.883e+07	1.0045e+06	9.46531e+06	-8.15063e+07	-3.83628e+08
9.884e+07	1.12217e+06	9.43848e+06	-9.10543e+07	-3.81451e+08
9.885e+07	1.23914e+06	9.40869e+06	-1.00546e+08	-3.79033e+08
9.886e+07	1.35534e+06	9.37595e+06	-1.09974e+08	-3.76377e+08
9.887e+07	1.4707e+06	9.34028e+06	-1.19334e+08	-3.73483e+08
9.888e+07	1.58513e+06	9.30171e+06	-1.2862e+08	-3.70353e+08
9.889e+07	1.69858e+06	9.26025e+06	-1.37825e+08	-3.66989e+08
9.89e+07	1.81097e+06	9.21594e+06	-1.46944e+08	-3.63393e+08
9.891e+07	1.92223e+06	9.16879e+06	-1.55972e+08	-3.59567e+08
9.892e+07	2.03228e+06	9.11883e+06	-1.64902e+08	-3.55514e+08
9.893e+07	2.14106e+06	9.06609e+06	-1.73729e+08	-3.51235e+08
9.894e+07	2.24851e+06	9.01061e+06	-1.82447e+08	-3.46733e+08
9.895e+07	2.35454e+06	8.95242e+06	-1.9105e+08	-3.42011e+08
9.896e+07	2.4591e+06	8.89155e+06	-1.99534e+08	-3.37072e+08
9.897e+07	2.56211e+06	8.82803e+06	-2.07893e+08	-3.31918e+08
9.898e+07	2.66352e+06	8.76191e+06	-2.16121e+08	-3.26553e+08
9.899e+07	2.76325e+06	8.69323e+06	-2.24214e+08	-3.2098e+08
9.9e+07	2.86124e+06	8.62201e+06	-2.32165e+08	-3.15201e+08
9.901e+07	2.95743e+06	8.54832e+06	-2.3997e+08	-3.09222e+08
9.902e+07	3.05176e+06	8.47218e+06	-2.47624e+08	-3.03044e+08
9.903e+07	3.14416e+06	8.39366e+06	-2.55121e+08	-2.96672e+08
9.904e+07	3.23457e+06	8.31278e+06	-2.62457e+08	-2.9011e+08
9.905e+07	3.32294e+06	8.22961e+06	-2.69628e+08	-2.83361e+08
9.906e+07	3.4092e+06	8.14419e+06	-2.76627e+08	-2.7643e+08
9.907e+07	3.49331e+06	8.05657e+06	-2.83451e+08	-2.69321e+08
9.908e+07	3.57519e+06	7.96681e+06	-2.90096e+08	-2.62038e+08
9.909e+07	3.6548e+06	7.87497e+06	-2.96556e+08	-2.54585e+08
9.91e+07	3.73209e+06	7.78108e+06	-3.02827e+08	-2.46967e+08
9.911e+07	3.807e+06	7.68523e+06	-3.08905e+08	-2.39189e+08
9.912e+07	3.87948e+06	7.58745e+06	-3.14786e+08	-2.31256e+08
9.913e+07	3.94948e+06	7.48782e+06	-3.20466e+08	-2.23171e+08
9.914e+07	4.01696e+06	7.38639e+06	-3.25941e+08	-2.14941e+08
9.915e+07	4.08186e+06	7.28323e+06	-3.31208e+08	-2.06571e+08
9.916e+07	4.14415e+06	7.1784e+06	-3.36261e+08	-1.98064e+08
9.917e+07	4.20377e+06	7.07196e+06	-3.41099e+08	-1.89428e+08
9.918e+07	4.26069e+06	6.96398e+06	-3.45718e+08	-1.80667e+08
9.919e+07	4.31486e+06	6.85453e+06	-3.50113e+08	-1.71786e+08
9.92e+07	4.36625e+06	6.74368e+06	-3.54283e+08	-1.62791e+08
9.921e+07	4.41481e+06	6.6315e+06	-3.58224e+08	-1.53688e+08
9.922e+07	4.46052e+06	6.51805e+06	-3.61933e+08	-1.44483e+08
9.923e+07	4.50334e+06	6.40341e+06	-3.65407e+08	-1.35181e+08
9.924e+07	4.54323e+06	6.28765e+06	-3.68644e+08	-1.25788e+08
9.925e+07	4.58017e+06	6.17084e+06	-3.71641e+08	-1.1631e+08
9.926e+07	4.61412e+06	6.05307e+06	-3.74396e+08	-1.06754e+08
9.927e+07	4.64507e+06	5.93439e+06	-3.76907e+08	-9.71243e+07
9.928e+07	4.67298e+06	5.8149e+06	-3.79171e+08	-8.74285e+07
9.929e+07	4.69783e+06	5.69466e+06	-3.81188e+08	-7.76725e+07
9.93e+07	4.7196e+06	5.57376e+06	-3.82954e+08	-6.78624e+07
9.931e+07	4.73826e+06	5.45227e+06	-3.84469e+08	-5.80046e+07
9.932e+07	4.75382e+06	5.33028e+06	-3.85731e+08	-4.81057e+07
9.933e+07	4.76623e+06	5.20785e+06	-3.86739e+08	-3.81719e+07
9.934e+07	4.77551e+06	5.08508e+06	-3.87491e+08	-2.82099e+07
9.935e+07	4.78162e+06	4.96204e+06	-3.87987e+08	-1.82261e+07
9.936e+07	4.78457e+06	4.83881e+06	-3.88226e+08	-8.22716e+06
9.937e+07	4.78434e+06	4.71547e+06	-3.88208e+08	1.78036e+06
9.938e+07	4.78093e+06	4.59211e+06	-3.87931e+08	1.17898e+07
9.939e+07	4.77434e+06	4.46882e+06	-3.87396e+08	2.17945e+07
9.94e+07	4.76457e+06	4.34566e+06	-3.86603e+08	3.17878e+07
9.941e+07	4.75161e+06	4.22272e+06	-3.85552e+08	4.1763e+07
9.942e+07	4.73547e+06	4.10009e+06	-3.84242e+08	5.17133e+07
9.943e+07	4.71616e+06	3.97785e+06	-3.82675e+08	6.16322e+07
9.944e+07	4.69368e+06	3.85608e+06	-3.80851e+08	7.15127e+07
9.945e+07	4.66804e+06	3.73486e+06	-3.78771e+08	8.13483e+07
9.946e+07	4.63925e+06	3.61428e+06	-3.76435e+08	9.11323e+07
9.947e+07	4.60734e+06	3.49442e+06	-3.73846e+08	1.00858e+08
9.948e+07	4.57231e+06	3.37537e+06	-3.71003e+08	1.10518e+08
9.949e+07	4.53418e+06	3.25719e+06	-3.6791e+08	1.20107e+08
9.95e+07	4.49298e+06	3.13998e+06	-3.64566e+08	1.29618e+08
9.951e+07	4.44873e+06	3.02382e+06	-3.60975e+08	1.39044e+08
9.952e+07	4.40144e+06	2.90878e+06	-3.57139e+08	1.48378e+08
9.953e+07	4.35116e+06	2.79495e+06	-3.53059e+08	1.57614e+08
9.954e+07	4.29791e+06	2.68241e+06	-3.48738e+08	1.66746e+08
9.955e+07	4.24171e+06	2.57123e+06	-3.44178e+08	1.75767e+08
9.956e+07	4.18262e+06	2.4615e+06	-3.39383e+08	1.84671e+08
9.957e+07	4.12065e+06	2.35329e+06	-3.34355e+08	1.93451e+08
9.958e+07	4.05585e+06	2.24667e+06	-3.29097e+08	2.02102e+08
9.959e+07	3.98826e+06	2.14174e+06	-3.23613e+08	2.10617e+08
9.96e+07	3.91792e+06	2.03855e+06	-3.17905e+08	2.1899e+08
9.961e+07	3.84488e+06	1.93718e+06	-3.11979e+08	2.27215e+08
9.962e+07	3.76918e+06	1.83771e+06	-3.05837e+08	2.35286e+08
9.963e+07	3.69088e+06	1.7402e+06	-2.99483e+08	2.43198e+08
9.964e+07	3.61001e+06	1.64473e+06	-2.92921e+08	2.50944e+08
9.965e+07	3.52664e+06	1.55137e+06	-2.86157e+08	2.5852e+08
9.966e+07	3.44082e+06	1.46018e+06	-2.79193e+08	2.65919e+08
9.967e+07	3.35261e+06	1.37124e+06	-2.72035e+08	2.73136e+08
9.968e+07	3.26206e+06	1.28459e+06	-2.64688e+08	2.80166e+08
9.969e+07	3.16924e+06	1.20032e+06	-2.57156e+08	2.87005e+08
9.97e+07	3.0742e+06	1.11847e+06	-2.49445e+08	2.93646e+08
9.971e+07	2.97701e+06	1.03912e+06	-2.41559e+08	3.00085e+08
9.972e+07	2.87774e+06	962309	-2.33504e+08	3.06317e+08
9.973e+07	2.77646e+06	888106	-2.25285e+08	3.12338e+08
9.974e+07	2.67323e+06	816562	-2.16909e+08	3.18143e+08
9.975e+07	2.56811e+06	747731	-2.0838e+08	3.23728e+08
9.976e+07	2.4612e+06	681663	-1.99705e+08	3.29089e+08
9.977e+07	2.35255e+06	618407	-1.90889e+08	3.34222e+08
9.978e+07	2.24225e+06	558011	-1.81939e+08	3.39122e+08
9.979e+07	2.13037e+06	500520	-1.72861e+08	3.43787e+08
9.98e+07	2.01698e+06	445976	-1.6366e+08	3.48213e+08
9.981e+07	1.90217e+06	394420	-1.54345e+08	3.52396e+08
9.982e+07	1.78602e+06	345891	-1.4492e+08	3.56334e+08
9.983e+07	1.6686e+06	300425	-1.35393e+08	3.60023e+08
9.984e+07	1.55001e+06	258057	-1.2577e+08	3.63461e+08
9.985e+07	1.43032e+06	218818	-1.16058e+08	3.66645e+08
9.986e+07	1.30961e+06	182738	-1.06264e+08	3.69572e+08
9.987e+07	1.18798e+06	149843	-9.63942e+07	3.72242e+08
9.988e+07	1.0655e+06	120160	-8.64564e+07	3.7465e+08
9.989e+07	942274	93709.4	-7.64574e+07	3.76796e+08
9.99e+07	818376	70512	-6.64041e+07	3.78679e+08
9.991e+07	693896	50585.4	-5.63037e+07	3.80295e+08
9.992e+07	568924	33944.5	-4.61633e+07	3.81646e+08
9.993e+07	443549	20602	-3.59901e+07	3.82728e+08
9.994e+07	317858	10567.9	-2.57914e+07	3.83543e+08
9.995e+07	191941	3849.82	-1.55744e+07	3.84088e+08
9.996e+07	65888.5	452.92	-5.34628e+06	3.84363e+08
9.997e+07	-60211.2	379.746	4.88561e+06	3.84369e+08
9.998e+07	-186268	3630.35	1.5114e+07	3.84105e+08
9.999e+07	-312193	10202.3	2.53317e+07	3.83572e+08
1e+08	-437896	20090.6	3.55314e+07	3.8277e+08
